<?xml version="1.0" encoding="utf-8" ?>
<data>

	<grinders>
		<item name="overworld" generates="wood" occurance="100" img="overworld.png"></item>
	</grinders>	
	
	<grinds>
		<item name="hand" img="hand.png" drops="hand=1" dependency="none" timeToBreak="" achievement=""></item>
		<item name="wood" img="wood.png" drops="wood=1" dependency="hand,wood axe,stone axe,woodsman iron axe,gold axe,diamond axe" timeToBreak="3,1.5,0.75,0.74,0.5,0.375,0.1875" achievement="¡Árbol perforado!"></item>
	</grinds>
	
	<crafters>
		<item ingrediens="nothing=0" requiredItem="wood axe,stone axe,iron axe,gold axe,diamond axe" craftedItems="wood=1" image="wood.png" soundPrefix="wood" type="grind" achievement="nothing" onComplete="nothing" tooltip="Usado para fabricar tablones."></item>
		<item ingrediens="wood=1" requiredItem="nothing" craftedItems="planks=4" image="planks.png" soundPrefix="wood" type="wood" achievement="nothing" onComplete="nothing" tooltip="Se usa para fabricar herramientas y objetos de madera."></item>
		<item ingrediens="planks=4" requiredItem="nothing" craftedItems="crafting table=1" image="craftingTable.png" soundPrefix="wood" type="wood" achievement="¡Mesa de artesanía fabricada!" onComplete="nothing" tooltip="Necesario para fabricar objetos."></item>
		<item ingrediens="planks=2" requiredItem="nothing" craftedItems="stick=4" image="stick.png" soundPrefix="wood" type="wood" achievement="nothing" onComplete="nothing" tooltip="Se usa para fabricar herramientas y objetos de madera."></item>
		<item ingrediens="stick=2,planks=3" requiredItem="crafting table" craftedItems="wood axe=1" image="woodAxe.png" soundPrefix="wood" type="" achievement="¡Herramienta de madera fabricada!" onComplete="nothing" tooltip="Corta madera."></item>
		<item ingrediens="wood=7" requiredItem="nothing" craftedItems="big log=1" image="bigLog.png" soundPrefix="wood" type="wood" achievement="nothing" onComplete="nothing" tooltip="Se usa para construir un puesto comercial."></item>
		<item ingrediens="big log=3" requiredItem="nothing" craftedItems="log tier=1" image="logTier.png" soundPrefix="wood" type="wood" achievement="nothing" onComplete="nothing" tooltip="Se usa para construir torre de troncos."></item>
		<item ingrediens="log tier=8" requiredItem="nothing" craftedItems="log tower=1" image="logTower.png" soundPrefix="wood" type="wood" achievement="nothing" onComplete="nothing" tooltip="Se necesita para construir un puesto comercial."></item>
		<item ingrediens="big log=4" requiredItem="nothing" craftedItems="lodge tier=1" image="lodgeTier.png" soundPrefix="wood" type="wood" achievement="nothing" onComplete="nothing" tooltip="Se usa para construir una base de logia."></item>
		<item ingrediens="lodge tier=3" requiredItem="nothing" craftedItems="lodge base=1" image="lodgeBase.png" soundPrefix="wood" type="wood" achievement="nothing" onComplete="nothing" tooltip="Se usa para construir una cabaña."></item>
		<item ingrediens="big log=2" requiredItem="nothing" craftedItems="beam=1" image="beam.png" soundPrefix="wood" type="wood" achievement="nothing" onComplete="nothing" tooltip="Se usa para construir el techo de la cabaña."></item>
		<item ingrediens="beam=5,big log=2" requiredItem="nothing" craftedItems="lodge roof=1" image="lodgeRoof.png" soundPrefix="wood" type="wood" achievement="nothing" onComplete="nothing" tooltip="Se usa para construir una cabaña."></item>
		<item ingrediens="lodge base=1,lodge roof=1" requiredItem="nothing" craftedItems="lodge=1" image="lodge.png" soundPrefix="wood" type="wood" achievement="nothing" onComplete="nothing" tooltip="Se necesita para construir un puesto comercial."></item>
		<item ingrediens="lodge=1,log tower=1" requiredItem="nothing" craftedItems="trading post=1" image="tradingPost.png" soundPrefix="wood" type="wood" achievement="nothing" onComplete="markMap Chasm Mine-441-537,beatLocation" tooltip="Se necesita para comerciar."></item>
		<item ingrediens="nothing=0" requiredItem="trading post" craftedItems="10 emeralds=0" image="emeralds10.png" soundPrefix="metal" type="button" achievement="¡Esmeraldas conseguidas!" onComplete="purchase 10emeralds" tooltip="Abre la tienda de Kongregate."></item>
		<item ingrediens="nothing=0" requiredItem="trading post" craftedItems="30 emeralds=0" image="emeralds30.png" soundPrefix="metal" type="button" achievement="¡Esmeraldas conseguidas!" onComplete="purchase 30emeralds" tooltip="Abre la tienda de Kongregate."></item>
		<item ingrediens="nothing=0" requiredItem="trading post" craftedItems="100 emeralds=0" image="emeralds100.png" soundPrefix="metal" type="button" achievement="¡Esmeraldas conseguidas!" onComplete="purchase 100emeralds" tooltip="Abre la tienda de Kongregate."></item>
		<item ingrediens="nothing=0" requiredItem="trading post" craftedItems="emerald=0" image="emerald.png" soundPrefix="metal" type="" achievement="¡Esmeraldas conseguidas!" onComplete="nothing" tooltip="Se puede cambiar por objetos."></item>
		<item ingrediens="nothing=0" requiredItem="trading post" craftedItems="5 min jukebox=1" image="jukebox.png" soundPrefix="metal" type="button" achievement="¡Rocola!" onComplete="purchase jukebox5min-0-5 mins" tooltip="Reproduce música. Dura 5 minutos{NL}al día."></item>
		<item ingrediens="emerald=5" requiredItem="trading post" craftedItems="24 hr jukebox=1" image="jukebox.png" soundPrefix="metal" type="trade" achievement="¡Rocola!" onComplete="purchase jukebox24hr-5-24 mins" tooltip="Dura 24 horas. Reproduce música."></item>
		<item ingrediens="nothing=0" requiredItem="trading post" craftedItems="5 min autoclicker=1" image="autoclicker.png" soundPrefix="metal" type="button" achievement="¡Contador automático!" onComplete="purchase autoclicker5min-0-5 mins" tooltip="Crea objetos continuamente con Bloq Mayús. Dura 5 min. 1 al día."></item>		
		<item ingrediens="emerald=10" requiredItem="trading post" craftedItems="24 hr autoclicker=1" image="autoclicker.png" soundPrefix="metal" type="trade" achievement="¡Contador automático!" onComplete="purchase autoclicker24hr-10-24 hrs" tooltip="Dura 24 horas. Crea objetos continuamente con Bloq Mayús."></item> 
		<item ingrediens="nothing=0" requiredItem="trading post" craftedItems="5 min x5 multiplier=1" image="x5Multiplier.png" soundPrefix="metal" type="button" achievement="¡Multiplicador x5!" onComplete="purchase x5multiplier5min-0-5 mins" tooltip=" Crea 5 veces más con Shift-click. Dura 5 minutos al día"></item> 
		<item ingrediens="emerald=50" requiredItem="trading post" craftedItems="24 hr x5 multiplier=1" image="x5Multiplier.png" soundPrefix="metal" type="trade" achievement="¡Multiplicador x5!" onComplete="purchase x5multiplier24hr-50-24 hrs" tooltip=" Crea 5 veces más con Shift-click. Dura 5 minutos al día"></item> 
		<item ingrediens="nothing=0" requiredItem="trading post" craftedItems="5 min x10 multiplier=1" image="x10Multiplier.png" soundPrefix="metal" type="button" achievement="¡Multiplicador x10!" onComplete="purchase x10multiplier5min-0-5 min" tooltip="Crea 10 veces más con Ctrl-clic. Dura 5 min al día."></item> 
		<item ingrediens="emerald=100" requiredItem="trading post" craftedItems="24 hr x10 multiplier=1" image="x10Multiplier.png" soundPrefix="metal" type="trade" achievement="¡Multiplicador x10!" onComplete="purchase x5multiplier24hr-100-24 hrs" tooltip="Dura 24 horas. Crea 5 veces más con Shift-clic."></item> 
	</crafters>
	
	
</data>