<?xml version="1.0" encoding="utf-8" ?>
<data>
	<grinders>
		<item name="overworld" generates="wood,sand" occurance="3,2" img="overworld.png" maxIncrease="0"/>
		<item name="lost mine" generates="stone,gravel,planks,rail,chest,spawner,coal ore,iron ore,gold ore,diamond ore,redstone ore,obsidian" occurance="5,1,5,5,3,3,6,4,2,1,4,2" img="mine.png" maxIncrease="5"/>
		<item name="spawner" generates="zombie,skeleton,spider,destroyed spawner" occurance="3,3,3,1" img="spawnGrinder.png" maxIncrease="5"/>
		<item name="chest" generates="golden apple,bucket,gunpowder,string,speed potion,destroyed chest" occurance="3,3,2,1,1,1" img="chestGrinder.png" maxIncrease="5"/>
	</grinders>
	
	<grinds>
		<item name="wood" img="wood.png" drops="wood=1" dependency="woodsman" timeToBreak="0.74" achievement=""/>
		<item name="sand" img="sand.png" drops="sand=1" dependency="woodsman" timeToBreak="0.1874" achievement=""/>
		<item name="stone" img="stone.png" drops="cobblestone=1" dependency="miner" timeToBreak="0.5624" achievement=""/>
		<item name="cobblestone" img="cobblestone.png" drops="" dependency="" timeToBreak="" achievement=""/>
		<item name="gravel" img="gravel.png" drops="flint=.1" dependency="miner" timeToBreak="0.224" achievement=""/>
		<item name="flint" img="flint.png" drops="" dependency="" timeToBreak="" achievement=""/>
		<item name="planks" img="planks.png" drops="planks=1" dependency="miner" timeToBreak="0.74" achievement=""/>
		<item name="rail" img="rail.png" drops="rail=1" dependency="miner" timeToBreak="1.125" achievement=""/>
		<item name="coal ore" img="coalOre.png" drops="coal=1" dependency="miner" timeToBreak="0.75" achievement=""/>
		<item name="coal" img="coal.png" drops="" dependency="" timeToBreak="" achievement=""/>
		<item name="iron ore" img="ironOre.png" drops="iron ore=1" dependency="miner" timeToBreak="1.125" achievement=""/>
		<item name="gold ore" img="goldOre.png" drops="gold ore=1" dependency="miner" timeToBreak="1.8" achievement=""/>
		<item name="diamond ore" img="diamondOre.png" drops="diamond=1" dependency="miner" timeToBreak="1.8" achievement=""/>
		<item name="diamond" img="diamond.png" drops="" dependency="" timeToBreak="" achievement=""/>
		<item name="redstone ore" img="redstoneOre.png" drops="redstone=4" dependency="miner" timeToBreak="1.125" achievement=""/>
		<item name="redstone" img="redstone.png" drops="" dependency="" timeToBreak="" achievement=""/>
		<item name="obsidian" img="obsidian.png" drops="obsidian=1" dependency="miner" timeToBreak="5" achievement=""/>
		<item name="chest" img="chest.png" drops="chest=1" dependency="miner" timeToBreak="0.74" achievement=""/>
		<item name="spawner" img="spawner.png" drops="spawner=1" dependency="miner" timeToBreak="1.125" achievement=""/>
		<item name="zombie" img="zombie.png" drops="gold armor=1,gold sword=.5,gold shovel=.5" dependency="hunter" timeToBreak="2.48" achievement=""/>
		<item name="gold armor" img="goldArmor.png" drops="" dependency="" timeToBreak="" achievement=""/>
		<item name="gold sword" img="goldSword.png" drops="" dependency="" timeToBreak="" achievement=""/>
		<item name="gold shovel" img="goldShovel.png" drops="" dependency="" timeToBreak="" achievement=""/>
		<item name="skeleton" img="skeleton.png" drops="iron armor=1,iron axe=.5,iron pick=.5" dependency="hunter" timeToBreak="2.18" achievement=""/>
		<item name="iron armor" img="ironArmor.png" drops="" dependency="" timeToBreak="" achievement=""/>
		<item name="iron axe" img="ironAxe.png" drops="" dependency="" timeToBreak="" achievement=""/>
		<item name="iron pick" img="ironPick.png" drops="" dependency="" timeToBreak="" achievement=""/>
		<item name="spider" img="spider.png" drops="string=.5" dependency="hunter" timeToBreak="1.78" achievement=""/>
		<item name="destroyed spawner" img="destroyedSpawner.png" drops="destroyed spawner=1" dependency="hunter" timeToBreak="0.5" achievement=""/>
		<item name="golden apple" img="goldenApple.png" drops="golden apple=3" dependency="miner" timeToBreak="0.5" achievement=""/>
		<item name="speed potion" img="potion.png" drops="speed potion=1" dependency="miner" timeToBreak="0.5" achievement=""/>
		<item name="bucket" img="bucket.png" drops="bucket=1" dependency="miner" timeToBreak="0.5" achievement=""/>
		<item name="gunpowder" img="gunpowder.png" drops="gunpowder=1" dependency="miner" timeToBreak="0.5" achievement=""/>
		<item name="string" img="string.png" drops="string=1" dependency="miner" timeToBreak="0.5" achievement=""/>
		<item name="destroyed chest" img="destroyedChest.png" drops="destroyed chest=1" dependency="miner" timeToBreak="0.5" achievement=""/>
	</grinds>
	
<crafters>
	<item ingrediens="nothing=0" requiredItem="woodsman" craftedItems="wood=1" image="wood.png" soundPrefix="wood" type="grind" achievement="nothing" onComplete="nothing" tooltip="Slouží k výrobě prken a klád."/>
	<item ingrediens="wood=1" requiredItem="carpenter" craftedItems="planks=4" image="planks.png" soundPrefix="wood" type="" achievement="nothing" onComplete="nothing" tooltip="Slouží k výrobě věcí ze dřeva."/>
	<item ingrediens="wood=1" requiredItem="carpenter" craftedItems="wood slab=6" image="woodSlab.png" soundPrefix="wood" type="" achievement="nothing" onComplete="nothing" tooltip="Slouží k výrobě věcí ze dřeva."/>
	<item ingrediens="planks=2" requiredItem="carpenter" craftedItems="stick=4" image="stick.png" soundPrefix="wood" type="" achievement="nothing" onComplete="nothing" tooltip="Používá se k výrobě brány."/>
	<item ingrediens="planks=2,stick=4" requiredItem="carpenter" craftedItems="gate=1" image="gate.png" soundPrefix="wood" type="" achievement="Brána vyrobena !" onComplete="nothing" tooltip="Používá se k výrobě vorů."/>
	<item ingrediens="wood=3" requiredItem="nothing" craftedItems="log=1" image="log.png" soundPrefix="wood" type="" achievement="Záznam !" onComplete="nothing" tooltip="Používá se k výrobě vorů."/>
	<item ingrediens="log=2,wood slab=3,gate=2" requiredItem="carpenter" craftedItems="raft=1" image="raft.png" soundPrefix="wood" type="" achievement="Postavený vor !" onComplete="nothing" tooltip="Vyrobí molo."/>
	<item ingrediens="raft=26" requiredItem="nothing" craftedItems="jetty=1" image="jetty.png" soundPrefix="wood" type="" achievement="Postaveno molo !" onComplete="nothing" tooltip="Potřebné k výrobě oceánské trubky"/>
	<item ingrediens="planks=1,wood slab=2" requiredItem="carpenter" craftedItems="spiral riser=1" image="spiralRiser.png" soundPrefix="wood" type="" achievement="Spirálová stoupačka vyrobena !" onComplete="nothing" tooltip="Používá se k výrobě točitého schodiště."/>
	<item ingrediens="spiral riser=32" requiredItem="carpenter" craftedItems="spiral staircase=1" image="spiralStaircase.png" soundPrefix="wood" type="" achievement="Točité schodiště !" onComplete="nothing" tooltip="Vyrobí oceánský tubus."/>
	<item ingrediens="nothing=0" requiredItem="woodsman" craftedItems="sand=1" image="sand.png" soundPrefix="dirt" type="grind" achievement="Vykopaný písek!" onComplete="nothing" tooltip="Vyrobí písečný sloup."/>
	<item ingrediens="sand=24" requiredItem="nothing" craftedItems="sand column=1" image="sandColumn.png" soundPrefix="dirt" type=" " achievement="Písečný sloupec!" onComplete="nothing" tooltip="Vyrobí tunu písku"/>
	<item ingrediens="sand column=25" requiredItem="nothing" craftedItems="ton of sand=1" image="tonOfSand.png" soundPrefix="dirt" type=" " achievement="Tuny písku!" onComplete="nothing" tooltip="Vyrobí oceánský tubus."/>
	<item ingrediens="ton of sand=1,spiral staircase=1" requiredItem="jetty" craftedItems="ocean tube=1" image="oceanTube.png" soundPrefix="dirt" type="" achievement="Ocean trubka postavena !" onComplete="showGrinder lost mine,automate lost mine,showGrinder chest" tooltip="Potřebný k dosažení ztraceného dolu."/>
	<item ingrediens="nothing=0" requiredItem="ocean tube" craftedItems="ocean tube exporter=1" image="oceanTube.png" soundPrefix="" type="" achievement="nothing" onComplete="navigateToUrl 1IqDWS" tooltip="Ke stažení."/>
	<item ingrediens="nothing=0" requiredItem="nothing" craftedItems="miner=1" image="miner.png" soundPrefix="hand" type="" achievement="nothing" onComplete="nothing" tooltip="Vytěží ztracený důl."/>
	<item ingrediens="nothing=0" requiredItem="nothing" craftedItems="hunter=1" image="hunter.png" soundPrefix="hand" type="" achievement="nothing" onComplete="nothing" tooltip="Bojuje se spawnerem moba."/>
	<item ingrediens="nothing=0" requiredItem="miner" craftedItems="chest=1" image="chest.png" soundPrefix="wood" type="grind" achievement="Truhla nalezena !" onComplete="showGrinder chest" tooltip="Má v sobě věci."/>
	<item ingrediens="nothing=0" requiredItem="miner" craftedItems="speed potion=1" image="potion.png" soundPrefix="hand" type="grind" achievement="Lektvar nalezen !" onComplete="nothing" tooltip="Lze vypít."/>
	<item ingrediens="speed potion=1" requiredItem="nothing" craftedItems="use speed potion=1" image="usePotion.png" soundPrefix="hand" type="" achievement="Lektvar vypit!" onComplete="speed 200" tooltip="Má rychlé vlastnosti."/>
	<item ingrediens="nothing=0" requiredItem="miner" craftedItems="golden apple=3" image="goldenApple.png" soundPrefix="hand" type="grind" achievement="Zlaté jablko nalezeno !" onComplete="nothing" tooltip="Používá se ke sběru buše."/>
	<item ingrediens="golden apple=8" requiredItem="nothing" craftedItems="bushel=1" image="bushel.png" soundPrefix="hand" type="" achievement="Bushel shromážděn !" onComplete="nothing" tooltip="Používá se ke sběru buše."/>
	<item ingrediens="bushel=12" requiredItem="nothing" craftedItems="ton of apples=1" image="tonOfApples.png" soundPrefix="hand" type="" achievement="That&#039;s a ton !" onComplete="markMap Apothecary School-268-351,beatLocation" tooltip="Používá se k výrobě jablek."/>
	<item ingrediens="nothing=0" requiredItem="miner" craftedItems="cobblestone=1" image="cobblestone.png" soundPrefix="metal" type="grind" achievement="nothing" onComplete="nothing" tooltip="Používá se ke stavbě budov."/>
	<item ingrediens="nothing=0" requiredItem="miner" craftedItems="flint=1" image="flint.png" soundPrefix="dirt" type="grind" achievement="nothing" onComplete="nothing" tooltip="Používá se k výrobě šípů."/>
	<item ingrediens="nothing=0" requiredItem="miner" craftedItems="rail=1" image="rail.png" soundPrefix="metal" type="grind" achievement="nothing" onComplete="nothing" tooltip="Potřebný ke stavbě železnic."/>
	<item ingrediens="nothing=0" requiredItem="miner" craftedItems="coal=1" image="coal.png" soundPrefix="metal" type="grind" achievement="nothing" onComplete="nothing" tooltip="Používá se k tavení ingotů."/>
	<item ingrediens="nothing=0" requiredItem="miner" craftedItems="iron ore=1" image="ironOre.png" soundPrefix="metal" type="grind" achievement="nothing" onComplete="nothing" tooltip="Potřebný k tavení železných ingotů."/>
	<item ingrediens="nothing=0" requiredItem="miner" craftedItems="gold ore=1" image="goldOre.png" soundPrefix="metal" type="grind" achievement="nothing" onComplete="nothing" tooltip="Potřebné k tavení zlatých slitků."/>
	<item ingrediens="nothing=0" requiredItem="miner" craftedItems="diamond=1" image="diamond.png" soundPrefix="metal" type="grind" achievement="nothing" onComplete="nothing" tooltip="Slouží k výrobě diamantových nástrojů a předmětů."/>
	<item ingrediens="nothing=0" requiredItem="miner" craftedItems="redstone=4" image="redstone.png" soundPrefix="metal" type="grind" achievement="nothing" onComplete="nothing" tooltip="Používá se k výrobě zařízení z červeného kamene."/>
	<item ingrediens="nothing=0" requiredItem="miner" craftedItems="obsidian=1" image="obsidian.png" soundPrefix="metal" type="grind" achievement="nothing" onComplete="nothing" tooltip="Používá se ke stavbě předmětů z obsidiánu."/>
	<item ingrediens="nothing=0" requiredItem="hunter" craftedItems="destroyed chest=1" image="destroyedChest.png" soundPrefix="wood" type="grind" achievement="nothing" onComplete="hideGrinder chest" tooltip="Nic nedělá."/>
	<item ingrediens="nothing=0" requiredItem="miner" craftedItems="bucket=1" image="bucket.png" soundPrefix="metal" type="grind" achievement="Kbelík vyroben !" onComplete="nothing" tooltip="Vyžaduje se k získávání vody a lávy."/>
	<item ingrediens="nothing=0" requiredItem="miner" craftedItems="gunpowder=1" image="gunpowder.png" soundPrefix="whoosh" type="grind" achievement="Střelný prach!" onComplete="nothing" tooltip="Používá se při výrobě výbušnin"/>
	<item ingrediens="nothing=0" requiredItem="miner" craftedItems="spawner=1" image="spawner.png" soundPrefix="metal" type="grind" achievement="Nalezen spawner !" onComplete="showGrinder spawner" tooltip="Vyrábí moby."/>
	<item ingrediens="nothing=0" requiredItem="hunter" craftedItems="destroyed spawner=1" image="destroyedSpawner.png" soundPrefix="metal" type="grind" achievement="nothing" onComplete="hideGrinder spawner" tooltip="Nic nedělá."/>
	<item ingrediens="nothing=0" requiredItem="hunter" craftedItems="gold armor=1" image="goldArmor.png" soundPrefix="metal" type="grind" achievement="Zlaté brnění!" onComplete="nothing" tooltip="Pro výrobu zlatých vojáků."/>
	<item ingrediens="nothing=0" requiredItem="hunter" craftedItems="gold sword=1" image="goldSword.png" soundPrefix="metal" type="grind" achievement="nothing" onComplete="nothing" tooltip="Útočí na davy."/>
	<item ingrediens="nothing=0" requiredItem="hunter" craftedItems="iron armor=1" image="ironArmor.png" soundPrefix="metal" type="grind" achievement="Železné brnění!" onComplete="nothing" tooltip="Pro výrobu železných vojáků."/>
	<item ingrediens="nothing=0" requiredItem="hunter" craftedItems="iron axe=1" image="ironAxe.png" soundPrefix="metal" type="grind" achievement="nothing" onComplete="nothing" tooltip="Štípe dřevo."/>
	<item ingrediens="nothing=0" requiredItem="nothing" craftedItems="string=1" image="string.png" soundPrefix="whoosh" type="grind" achievement="nothing" onComplete="nothing" tooltip="Používá se k výrobě vodítek."/>
	<item ingrediens="nothing=0" requiredItem="nothing" craftedItems="woodsman=1" image="woodsman.png" soundPrefix="hand" type="villager" achievement="nothing" onComplete="automate overworld" tooltip="Automatizuje mlýnek v nadsvětě."/>
	<item ingrediens="nothing=0" requiredItem="nothing" craftedItems="carpenter=1" image="carpenter.png" soundPrefix="hand" type="villager" achievement="nothing" onComplete="nothing" tooltip="Vyrábí věci ze dřeva."/>
	<item ingrediens="nothing=0" requiredItem="nothing" craftedItems="blaze rod=1" image="blazeRod.png" soundPrefix="metal" type="" achievement="Blaze tyč !" onComplete="nothing" tooltip="Používá se k výrobě lektvarů."/>
	<item ingrediens="nothing=0" requiredItem="nothing" craftedItems="arrow=4" image="arrow.png" soundPrefix="whoosh" type="" achievement="Šípy vyrobeny !" onComplete="nothing" tooltip="V kombinaci s lukem"/>
	<item ingrediens="nothing=0" requiredItem="nothing" craftedItems="iron pick=1" image="ironPick.png" soundPrefix="metal" type="metal" achievement="nothing" onComplete="nothing" tooltip="Těžba zlata."/>
	<item ingrediens="nothing=0" requiredItem="nothing" craftedItems="iron shovel=1" image="ironShovel.png" soundPrefix="metal" type="metal" achievement="nothing" onComplete="nothing" tooltip="Lopatou hlínu a štěrk."/>
	<item ingrediens="nothing=0" requiredItem="nothing" craftedItems="iron hoe=1" image="ironHoe.png" soundPrefix="metal" type="metal" achievement="nothing" onComplete="nothing" tooltip="Obdělává půdu."/>
	<item ingrediens="nothing=0" requiredItem="nothing" craftedItems="iron sword=1" image="ironSword.png" soundPrefix="metal" type="metal" achievement="nothing" onComplete="nothing" tooltip="Útočí na davy."/>
	<item ingrediens="nothing=0" requiredItem="nothing" craftedItems="gold pick=1" image="goldPick.png" soundPrefix="metal" type="metal" achievement="nothing" onComplete="nothing" tooltip="Těží diamant."/>
	<item ingrediens="nothing=0" requiredItem="nothing" craftedItems="gold shovel=1" image="goldShovel.png" soundPrefix="metal" type="metal" achievement="nothing" onComplete="nothing" tooltip="Lopatou hlínu a štěrk."/>
	<item ingrediens="nothing=0" requiredItem="nothing" craftedItems="gold axe=1" image="goldAxe.png" soundPrefix="metal" type="metal" achievement="nothing" onComplete="nothing" tooltip="Štípe dřevo."/>
	<item ingrediens="nothing=0" requiredItem="nothing" craftedItems="gold hoe=1" image="goldHoe.png" soundPrefix="metal" type="metal" achievement="nothing" onComplete="nothing" tooltip="Obdělává půdu."/>
	<item ingrediens="nothing=0" requiredItem="nothing" craftedItems="diamond pick=1" image="diamondPick.png" soundPrefix="metal" type="metal" achievement="nothing" onComplete="nothing" tooltip="Těží se rychleji."/>
	<item ingrediens="nothing=0" requiredItem="nothing" craftedItems="diamond shovel=1" image="diamondShovel.png" soundPrefix="metal" type="metal" achievement="nothing" onComplete="nothing" tooltip="Lopatou hlínu a štěrk."/>
	<item ingrediens="nothing=0" requiredItem="nothing" craftedItems="diamond sword=1" image="diamondSword.png" soundPrefix="metal" type="metal" achievement="nothing" onComplete="nothing" tooltip="Útočí na davy."/>
	<item ingrediens="nothing=0" requiredItem="nothing" craftedItems="diamond axe=1" image="diamondAxe.png" soundPrefix="metal" type="metal" achievement="nothing" onComplete="nothing" tooltip="Štípe dřevo."/>
	<item ingrediens="nothing=0" requiredItem="nothing" craftedItems="diamond hoe=1" image="diamondHoe.png" soundPrefix="metal" type="metal" achievement="nothing" onComplete="nothing" tooltip="Obdělává půdu."/>
	<item ingrediens="coal=1,iron ore=1" requiredItem="furnace" craftedItems="iron ingot=1" image="ironIngot.png" soundPrefix="metal" type="metal" achievement="Tavený železný ingot !" onComplete="nothing" tooltip="Slouží k výrobě železných nástrojů a brnění."/>
	<item ingrediens="coal=1,gold ore=1" requiredItem="furnace" craftedItems="gold ingot=1" image="goldIngot.png" soundPrefix="metal" type="metal" achievement="Zlatý slitek roztaven !" onComplete="nothing" tooltip="Slouží k výrobě zlatých nástrojů a brnění."/>
	<item ingrediens="nothing=0" requiredItem="nothing" craftedItems="city state=1" image="cityState.png" soundPrefix="" type="" achievement="Město Stav !" onComplete="nothing" tooltip="Gud job."/>
	<item ingrediens="nothing=0" requiredItem="nothing" craftedItems="port=1" image="port.png" soundPrefix="wood" type="wood" achievement="Přístav zaveden !" onComplete="nothing" tooltip="Nutné k plavbě po Grindcraftii"/>
	<item ingrediens="nothing=0" requiredItem="nothing" craftedItems="portal sleigh=1" image="portalSleigh.png" soundPrefix="metal" type="" achievement="Portálové sáně !" onComplete="nothing" tooltip="Slouží k cestování do podzemí."/>
</crafters>
	
</data>