<?xml version="1.0" encoding="utf-8" ?>
<data>

	<grinders>
		<item name="overworld" generates="wood" occurance="100" img="overworld.png"></item>
	</grinders>	
	
	<grinds>
		<item name="hand" img="hand.png" drops="hand=1" dependency="none" timeToBreak="" achievement=""></item>
		<item name="wood" img="wood.png" drops="wood=1" dependency="hand,wood axe,stone axe,woodsman iron axe,gold axe,diamond axe" timeToBreak="3,1.5,0.75,0.74,0.5,0.375,0.1875" achievement="Strom udeřil!"></item>
	</grinds>
	
	<crafters>
		<item ingrediens="nothing=0" requiredItem="wood axe,stone axe,iron axe,gold axe,diamond axe" craftedItems="wood=1" image="wood.png" soundPrefix="wood" type="grind" achievement="nothing" onComplete="nothing" tooltip="Používá se k výrobě prken."></item>
		<item ingrediens="wood=1" requiredItem="nothing" craftedItems="planks=4" image="planks.png" soundPrefix="wood" type="wood" achievement="nothing" onComplete="nothing" tooltip="Slouží k výrobě dřevěných nástrojů a předmětů."></item>
		<item ingrediens="planks=4" requiredItem="nothing" craftedItems="crafting table=1" image="craftingTable.png" soundPrefix="wood" type="wood" achievement="Řemeslný stůl je vyroben!" onComplete="nothing" tooltip="Potřebné k výrobě předmětů."></item>
		<item ingrediens="planks=2" requiredItem="nothing" craftedItems="stick=4" image="stick.png" soundPrefix="wood" type="wood" achievement="nothing" onComplete="nothing" tooltip="Slouží k výrobě dřevěných nástrojů a předmětů."></item>
		<item ingrediens="stick=2,planks=3" requiredItem="crafting table" craftedItems="wood axe=1" image="woodAxe.png" soundPrefix="wood" type="" achievement="Dřevěné nářadí vyrobeno!" onComplete="nothing" tooltip="Štípe dřevo."></item>
		<item ingrediens="wood=7" requiredItem="nothing" craftedItems="big log=1" image="bigLog.png" soundPrefix="wood" type="wood" achievement="nothing" onComplete="nothing" tooltip="Slouží k vybudování obchodní pošty."></item>
		<item ingrediens="big log=3" requiredItem="nothing" craftedItems="log tier=1" image="logTier.png" soundPrefix="wood" type="wood" achievement="nothing" onComplete="nothing" tooltip="Slouží ke stavbě srubové věže."></item>
		<item ingrediens="log tier=8" requiredItem="nothing" craftedItems="log tower=1" image="logTower.png" soundPrefix="wood" type="wood" achievement="nothing" onComplete="nothing" tooltip="Potřebné ke stavbě obchodního stanoviště."></item>
		<item ingrediens="big log=4" requiredItem="nothing" craftedItems="lodge tier=1" image="lodgeTier.png" soundPrefix="wood" type="wood" achievement="nothing" onComplete="nothing" tooltip="Použito ke stavbě základny srubu."></item>
		<item ingrediens="lodge tier=3" requiredItem="nothing" craftedItems="lodge base=1" image="lodgeBase.png" soundPrefix="wood" type="wood" achievement="nothing" onComplete="nothing" tooltip="Použito ke stavbě srubu."></item>
		<item ingrediens="big log=2" requiredItem="nothing" craftedItems="beam=1" image="beam.png" soundPrefix="wood" type="wood" achievement="nothing" onComplete="nothing" tooltip="Použito ke stavbě střechy srubu."></item>
		<item ingrediens="beam=5,big log=2" requiredItem="nothing" craftedItems="lodge roof=1" image="lodgeRoof.png" soundPrefix="wood" type="wood" achievement="nothing" onComplete="nothing" tooltip="Použito ke stavbě srubu."></item>
		<item ingrediens="lodge base=1,lodge roof=1" requiredItem="nothing" craftedItems="lodge=1" image="lodge.png" soundPrefix="wood" type="wood" achievement="nothing" onComplete="nothing" tooltip="Potřebné ke stavbě obchodního stanoviště."></item>
		<item ingrediens="lodge=1,log tower=1" requiredItem="nothing" craftedItems="trading post=1" image="tradingPost.png" soundPrefix="wood" type="wood" achievement="nothing" onComplete="markMap Chasm Mine-441-537,beatLocation" tooltip="Potřebné k obchodování."></item>
		<item ingrediens="nothing=0" requiredItem="trading post" craftedItems="10 emeralds=0" image="emeralds10.png" soundPrefix="metal" type="button" achievement="Smaragdy se dostanou!" onComplete="purchase 10emeralds" tooltip="Otevře obchod Kongregate."></item>
		<item ingrediens="nothing=0" requiredItem="trading post" craftedItems="30 emeralds=0" image="emeralds30.png" soundPrefix="metal" type="button" achievement="Smaragdy se dostanou!" onComplete="purchase 30emeralds" tooltip="Otevře obchod Kongregate."></item>
		<item ingrediens="nothing=0" requiredItem="trading post" craftedItems="100 emeralds=0" image="emeralds100.png" soundPrefix="metal" type="button" achievement="Smaragdy se dostanou!" onComplete="purchase 100emeralds" tooltip="Otevře obchod Kongregate."></item>
		<item ingrediens="nothing=0" requiredItem="trading post" craftedItems="emerald=0" image="emerald.png" soundPrefix="metal" type="" achievement="Smaragdy se dostanou!" onComplete="nothing" tooltip="Lze vyměnit za předměty."></item>
		<item ingrediens="nothing=0" requiredItem="trading post" craftedItems="5 min jukebox=1" image="jukebox.png" soundPrefix="metal" type="button" achievement="Jukebox!" onComplete="purchase jukebox5min-0-5 mins" tooltip="Přehrává hudbu. Trvá 5 min{NL}denně."></item>
		<item ingrediens="emerald=5" requiredItem="trading post" craftedItems="24 hr jukebox=1" image="jukebox.png" soundPrefix="metal" type="trade" achievement="Jukebox!" onComplete="purchase jukebox24hr-5-24 mins" tooltip="Vydrží 24 hodin. Přehrává hudbu."></item>
		<item ingrediens="nothing=0" requiredItem="trading post" craftedItems="5 min autoclicker=1" image="autoclicker.png" soundPrefix="metal" type="button" achievement="Automatické klikání !" onComplete="purchase autoclicker5min-0-5 mins" tooltip="Průběžně vyrábí předměty pomocí Caps Lock-click. Trvá 5 min. 1 denně."></item>		
		<item ingrediens="emerald=10" requiredItem="trading post" craftedItems="24 hr autoclicker=1" image="autoclicker.png" soundPrefix="metal" type="trade" achievement="Automatické klikání !" onComplete="purchase autoclicker24hr-10-24 hrs" tooltip="Vydrží 24 hod. Nepřetržitě vyrábí předměty pomocí Caps Lock-click."></item> 
		<item ingrediens="nothing=0" requiredItem="trading post" craftedItems="5 min x5 multiplier=1" image="x5Multiplier.png" soundPrefix="metal" type="button" achievement="násobitel x5 !" onComplete="purchase x5multiplier5min-0-5 mins" tooltip="Vyrábí 5krát více předmětů pomocí Shift-click. Trvá 5 min. denně."></item> 
		<item ingrediens="emerald=50" requiredItem="trading post" craftedItems="24 hr x5 multiplier=1" image="x5Multiplier.png" soundPrefix="metal" type="trade" achievement="násobitel x5 !" onComplete="purchase x5multiplier24hr-50-24 hrs" tooltip="Vyrábí 5krát více předmětů pomocí Shift-click. Trvá 5 min. denně."></item> 
		<item ingrediens="nothing=0" requiredItem="trading post" craftedItems="5 min x10 multiplier=1" image="x10Multiplier.png" soundPrefix="metal" type="button" achievement="násobitel x10 !" onComplete="purchase x10multiplier5min-0-5 min" tooltip="Vyrábí 10krát více s Ctrl-kliknutím. Trvá 5 min denně."></item> 
		<item ingrediens="emerald=100" requiredItem="trading post" craftedItems="24 hr x10 multiplier=1" image="x10Multiplier.png" soundPrefix="metal" type="trade" achievement="násobitel x10 !" onComplete="purchase x5multiplier24hr-100-24 hrs" tooltip="Vydrží 24 hod. Řemeslně zpracuje 5krát více při kliknutí Shift."></item> 
	</crafters>
	
	
</data>