<?xml version="1.0" encoding="utf-8" ?>
<data>
	<grinders>
		<item name="nether sleigh" generates="zombie pigman,nether quartz ore,blaze,nether wart,ghast" occurance="1.75,10,1.75,1,1.75" img="netherSleighGrinder.png" maxIncrease="5"/>
		<item name="overworld" generates="wood,sand,sugar cane,dirt,water" occurance="4,65,29,32,65" img="overworld.png" maxIncrease="5"/>
		<item name="cavern" generates="stone,gravel,coal ore,iron ore,gold ore,diamond ore,redstone ore,obsidian" occurance="5,1,6,4,2,1,4,2" img="mine.png" maxIncrease="5"/>
		<item name="mobs" generates="pig,sheep,cow,zombie,skeleton,spider" occurance="1.75,1.75,1.75,1.75,1.75,1.75" img="mobs.png" maxIncrease="5"/>
	</grinders>
		
	<grinds>
		<item name="zombie pigman" img="zombiePigman.png" drops="zombie pigman=1" dependency="portal sleigh" timeToBreak="2.49" achievement=""/>
		<item name="nether quartz ore" img="netherQuartzOre.png" drops="nether quartz=1" dependency="quartz hog" timeToBreak="1" achievement=""/>
		<item name="nether quartz" img="netherQuartz.png" drops="" dependency="" timeToBreak="" achievement=""/>
		<item name="blaze" img="blaze.png" drops="blaze rod=.5" dependency="portal sleigh" timeToBreak="5" achievement=""/>
		<item name="blaze rod" img="blazeRod.png" drops="" dependency="" timeToBreak="" achievement=""/>
		<item name="ghast" img="ghast.png" drops="gunpowder=1" dependency="portal sleigh" timeToBreak="4.5" achievement=""/>
		<item name="gunpowder" img="gunpowder.png" drops="" dependency="" timeToBreak="" achievement=""/>
		<item name="nether wart" img="netherWart.png" drops="nether wart=1" dependency="portal sleigh" timeToBreak="0.5" achievement=""/>
		<item name="wood" img="wood.png" drops="wood=1" dependency="woodsman" timeToBreak="0.74" achievement=""/>
		<item name="sand" img="sand.png" drops="sand=1" dependency="woodsman" timeToBreak="0.1874" achievement=""/>
		<item name="sugar cane" img="sugarCane.png" drops="sugar=1" dependency="woodsman" timeToBreak="0.5" achievement=""/>
		<item name="sugar" img="sugar.png" drops="" dependency="" timeToBreak="" achievement=""/>
		<item name="dirt" img="dirt.png" drops="nothing=0" dependency="woodsman" timeToBreak="0.1874" achievement=""/>
		<item name="water" img="water.png" drops="nothing=0" dependency="woodsman" timeToBreak="0.1875" achievement=""/>
		<item name="stone" img="stone.png" drops="cobblestone=1" dependency="woodsman" timeToBreak="0.5624" achievement=""/>
		<item name="cobblestone" img="cobblestone.png" drops="" dependency="" timeToBreak="" achievement=""/>
		<item name="gravel" img="gravel.png" drops="flint=.1" dependency="woodsman" timeToBreak="0.224" achievement=""/>
		<item name="flint" img="flint.png" drops="" dependency="" timeToBreak="" achievement=""/>
		<item name="coal ore" img="coalOre.png" drops="coal=1" dependency="miner" timeToBreak="0.75" achievement=""/>
		<item name="coal" img="coal.png" drops="" dependency="" timeToBreak="" achievement=""/>
		<item name="iron ore" img="ironOre.png" drops="iron ore=1" dependency="miner" timeToBreak="1.125" achievement=""/>
		<item name="gold ore" img="goldOre.png" drops="gold ore=1" dependency="miner" timeToBreak="1.8" achievement=""/>
		<item name="diamond ore" img="diamondOre.png" drops="diamond=1" dependency="miner" timeToBreak="1.8" achievement=""/>
		<item name="diamond" img="diamond.png" drops="" dependency="" timeToBreak="" achievement=""/>
		<item name="redstone ore" img="redstoneOre.png" drops="redstone=4" dependency="miner" timeToBreak="1.125" achievement=""/>
		<item name="redstone" img="redstone.png" drops="" dependency="" timeToBreak="" achievement=""/>
		<item name="obsidian" img="obsidian.png" drops="obsidian=1" dependency="miner" timeToBreak="5" achievement=""/>
		<item name="pig" img="pig.png" drops="nothing=0" dependency="hunter" timeToBreak="0.98" achievement=""/>
		<item name="sheep" img="sheep.png" drops="nothing=0" dependency="hunter" timeToBreak="0.78" achievement=""/>
		<item name="cow" img="cow.png" drops="leather=2" dependency="hunter" timeToBreak="1" achievement=""/>
		<item name="leather" img="leather.png" drops="" dependency="" timeToBreak="" achievement=""/>
		<item name="zombie" img="zombie.png" drops="nothing=0" dependency="hunter" timeToBreak="2.48" achievement=""/>
		<item name="skeleton" img="skeleton.png" drops="arrow=.5" dependency="hunter" timeToBreak="2.18" achievement=""/>
		<item name="arrow" img="arrow.png" drops="" dependency="" timeToBreak="" achievement=""/>
		<item name="spider" img="spider.png" drops="string=.5" dependency="hunter" timeToBreak="1.78" achievement=""/>
		<item name="string" img="string.png" drops="" dependency="" timeToBreak="" achievement=""/>
	</grinds>
	
	<crafters>
		<item ingrediens="nothing=0" requiredItem="nether sleigh" craftedItems="zombie pigman=1" image="zombiePigman.png" soundPrefix="hand" type="grind" achievement="Zombieschweinemann gefangen!" onComplete="nothing" tooltip="Wird benötigt, um Zombie-Schweinemänner zu verwandeln."/>
		<item ingrediens="nothing=0" requiredItem="nothing" craftedItems="priest=1" image="priest.png" soundPrefix="hand" type="" achievement="nothing" onComplete="autocraft pigman=1" tooltip="Wird benötigt, um Zombie-Schweinemänner zu verwandeln."/>
		<item ingrediens="zombie pigman=1" requiredItem="priest" craftedItems="pigman=1" image="pig.png" soundPrefix="" type="" achievement="Kinn, Kinn, Kinn!" onComplete="nothing" tooltip="Kann Sachen bauen."/>
		<item ingrediens="pigman=1" requiredItem="nothing" craftedItems="pigman worker=1" image="pigmanWorker.png" soundPrefix="hand" type="" achievement="Schweinemann trainiert!" onComplete="automate nether sleigh" tooltip="Wird benötigt, um ein Quarzschwein herzustellen."/>
		<item ingrediens="nothing=0" requiredItem="nothing" craftedItems="wizard=1" image="wizard.png" soundPrefix="hand" type="villager" achievement="nothing" onComplete="nothing" tooltip="Verwandelt Schweinearbeiter in Quarzschweine."/>
		<item ingrediens="pigman worker=1" requiredItem="wizard" craftedItems="quartz hog=1" image="quartzHog.png" soundPrefix="hand" type="" achievement="Quartzschwein trainiert!" onComplete="autocraft block of quartz=.5" tooltip="Erforderlich für den Abbau von Quarzerz im Nether."/>
		<item ingrediens="nothing=0" requiredItem="quartz hog" craftedItems="nether quartz=1" image="netherQuartz.png" soundPrefix="metal" type="grind" achievement="Netherquarz abgebaut!" onComplete="nothing" tooltip="Macht einen Block aus Quarz."/>
		<item ingrediens="nether quartz=4" requiredItem="quartz hog" craftedItems="block of quartz=1" image="blockOfQuartz.png" soundPrefix="metal" type="" achievement="Quarzblock hergestellt!" onComplete="nothing" tooltip="Wird für die Herstellung von Quarzstrukturen benötigt."/>
		<item ingrediens="block of quartz=9" requiredItem="contractor" craftedItems="quartz wall=1" image="quartzWall.png" soundPrefix="metal" type="" achievement="Quarzwand gebaut!" onComplete="nothing" tooltip="Erforderlich, um Räume aus Quarz herzustellen."/>
		<item ingrediens="quartz wall=5" requiredItem="contractor" craftedItems="quartz hut=1" image="quartzHut.png" soundPrefix="metal" type="" achievement="Quarzhütte gebaut!" onComplete="nothing" tooltip="Wird benötigt, um größere Strukturen zu bauen."/>
		<item ingrediens="bookcase=15" requiredItem="nothing" craftedItems="ton of books=1" image="tonOfBooks.png" soundPrefix="wood" type="" achievement="Sehr viele Bücher!" onComplete="nothing" tooltip="Wird zum Transport von Büchern verwendet."/>
		<item ingrediens="ton of books=1" requiredItem="nothing" craftedItems="bookshelf=72" image="bookshelf.png" soundPrefix="wood" type="" achievement="Sehr viele Bücher vernichtet!" onComplete="nothing" tooltip="Wirft eine Menge Bücher weg."/>
		<item ingrediens="bookshelf=12" requiredItem="carpenter" craftedItems="book stacks=1" image="bookStacks.png" soundPrefix="wood" type="" achievement="Bücherstapel!" onComplete="nothing" tooltip="Wird für einen Bibliotheksraum verwendet."/>
		<item ingrediens="quartz hut=1,book stacks=1" requiredItem="contractor" craftedItems="library room=1" image="libraryRoom.png" soundPrefix="metal" type="" achievement="Bibliothek gebaut!" onComplete="nothing" tooltip="Wird zur Herstellung von Quarz-Klassenzimmern verwendet."/>
		<item ingrediens="block of quartz=6" requiredItem="quartz hog" craftedItems="quartz stairs=4" image="quartzStairs.png" soundPrefix="metal" type="" achievement="Quartzstufen gebaut!" onComplete="nothing" tooltip="Wird verwendet, um Dinge aus Quarz herzustellen."/>
		<item ingrediens="nothing=0" requiredItem="woodsman" craftedItems="wood=1" image="wood.png" soundPrefix="wood" type="grind" achievement="nothing" onComplete="nothing" tooltip="Wird zur Herstellung von Brettern und Stämmen verwendet."/>
		<item ingrediens="wood=1" requiredItem="carpenter" craftedItems="planks=4" image="planks.png" soundPrefix="wood" type="" achievement="nothing" onComplete="nothing" tooltip="Er hat früher Sachen aus Holz hergestellt."/>
		<item ingrediens="planks=2" requiredItem="carpenter" craftedItems="stick=4" image="stick.png" soundPrefix="wood" type="" achievement="nothing" onComplete="nothing" tooltip="Wird verwendet, um ein Tor zu bauen."/>
		<item ingrediens="planks=4,stick=1" requiredItem="carpenter" craftedItems="sign=3" image="sign.png" soundPrefix="wood" type="" achievement="Schilder hergestellt!" onComplete="nothing" tooltip="Wird für die Herstellung einer Kreidetafel verwendet"/>
		<item ingrediens="sign=6" requiredItem="carpenter" craftedItems="chalkboard=1" image="chalkboard.png" soundPrefix="wood" type="" achievement="Tafel gebaut!" onComplete="nothing" tooltip="Wird in Klassenräumen verwendet."/>
		<item ingrediens="quartz hut=1,quartz stairs=2,chalkboard=1" requiredItem="contractor" craftedItems="classroom=1" image="classroom.png" soundPrefix="metal" type="" achievement="Klassenraum gebaut!" onComplete="nothing" tooltip="Wird zur Herstellung von Quarz-Klassenzimmern verwendet."/>
		<item ingrediens="nothing=0" requiredItem="nether sleigh" craftedItems="blaze rod=1" image="blazeRod.png" soundPrefix="metal" type="grind" achievement="Lohenrute!" onComplete="nothing" tooltip="Wird zur Herstellung von Tränken verwendet."/>
		<item ingrediens="cobblestone=3,blaze rod=1" requiredItem="nothing" craftedItems="brewing stand=1" image="brewingStand.png" soundPrefix="whoosh" type="" achievement="Braustand hergestellt!" onComplete="nothing" tooltip="Erforderlich, um die Apothekerschule zu machen."/>
		<item ingrediens="quartz stairs=2" requiredItem="quartz hog" craftedItems="quartz table=1" image="quartzTable.png" soundPrefix="metal" type="" achievement="Quarztisch gebaut!" onComplete="nothing" tooltip="Wird in Laboren verwendet."/>
		<item ingrediens="quartz hut=1,quartz table=1,chalkboard=1" requiredItem="contractor" craftedItems="lab=1" image="lab.png" soundPrefix="metal" type="" achievement="Labor gebaut!" onComplete="nothing" tooltip="Wird zur Herstellung von Quarz-Klassenzimmern verwendet."/>
		<item ingrediens="block of quartz=3" requiredItem="quartz hog" craftedItems="quartz slab=6" image="quartzSlab.png" soundPrefix="metal" type="" achievement="Quartzplatte hergestellt!" onComplete="nothing" tooltip="Wird zur Herstellung eines Spiralsteigers verwendet."/>
		<item ingrediens="quartz slab=2,block of quartz=1" requiredItem="quartz hog" craftedItems="spiral riser=1" image="quartzSpiralRiser.png" soundPrefix="metal" type="" achievement="Spiralförmiger Tragegurt gemacht!" onComplete="nothing" tooltip="Wird verwendet, um eine Wendeltreppe zu bauen."/>
		<item ingrediens="spiral riser=4" requiredItem="quartz hog" craftedItems="spiral staircase=1" image="quartzSpiralStaircase.png" soundPrefix="metal" type="" achievement="Wendeltreppe hergestellt!" onComplete="nothing" tooltip="Wird verwendet, um eine Wendeltreppe zu bauen."/>
		<item ingrediens="quartz hut=1,spiral staircase=1" requiredItem="contractor" craftedItems="quartz stairwell=1" image="quartzStairwell.png" soundPrefix="metal" type="" achievement="Quartztreppenhaus gebaut!" onComplete="nothing" tooltip="Wird zur Herstellung von Quarz-Klassenzimmern verwendet."/>
		<item ingrediens="library room=1,classroom=1,lab=1,quartz stairwell=1" requiredItem="contractor" craftedItems="quartz classrooms=1" image="quartzClassrooms.png" soundPrefix="metal" type="" achievement="Quartzklassenräume!" onComplete="nothing" tooltip="Wird verwendet, um eine Schule zu bauen."/>
		<item ingrediens="block of quartz=41" requiredItem="quartz hog" craftedItems="small dome=1" image="smallDome.png" soundPrefix="metal" type="" achievement="Kleine Kuppel gebaut!" onComplete="nothing" tooltip="Erforderlich für den Bau eines Pavillons."/>
		<item ingrediens="block of quartz=2" requiredItem="quartz hog" craftedItems="pillar quartz block=2" image="pillarQuartzBlock.png" soundPrefix="metal" type="" achievement="Quartzsäulenblock!" onComplete="nothing" tooltip="Wird zur Herstellung einer Quarzsäule verwendet."/>
		<item ingrediens="pillar quartz block=4" requiredItem="quartz hog" craftedItems="quartz pillar=1" image="quartzPillar.png" soundPrefix="metal" type="" achievement="Quartzsäule hergestellt!" onComplete="nothing" tooltip="Wird zur Herstellung von Säulen und Pavillons verwendet."/>
		<item ingrediens="small dome=1,quartz pillar=4" requiredItem="contractor" craftedItems="gazebo=1" image="gazebo.png" soundPrefix="metal" type="" achievement="Gazebo gebaut!" onComplete="nothing" tooltip="Wird mit anderen Quarzgebäuden verwendet."/>
		<item ingrediens="block of quartz=25" requiredItem="quartz hog" craftedItems="quartz pavement=1" image="quartzPavement.png" soundPrefix="metal" type="" achievement="Quartz gepflastert!" onComplete="nothing" tooltip="Wird zum Pflastern unter Bauwerken verwendet."/>
		<item ingrediens="quartz classrooms=2,gazebo=7,quartz pavement=7" requiredItem="contractor" craftedItems="quad=1" image="quad.png" soundPrefix="metal" type="" achievement="Quad gebaut!" onComplete="nothing" tooltip="Wird verwendet, um die Alchemistenschule zu machen."/>
		<item ingrediens="quad=1" requiredItem="contractor" craftedItems="quad=0" image="quad.png" soundPrefix="metal" type="melter" achievement="Quad demoliert!" onComplete="drop quartz classrooms=2-gazebo=7-quartz pavement=7" tooltip="Demolishes a Quad into it&#039;s parts."/>
		<item ingrediens="quartz stairs=15" requiredItem="quartz hog" craftedItems="quartz staircase=1" image="quartzStaircase.png" soundPrefix="metal" type="" achievement="Quartzstufen" onComplete="nothing" tooltip="Wird verwendet, um die Alchemistenschule zu machen."/>
		<item ingrediens="gazebo=1,quartz pillar=2,quartz staircase=1,quad=1" requiredItem="contractor" craftedItems="alchemist school=1" image="alchemistSchool.png" soundPrefix="metal" type="" achievement="Alchemistenschule!" onComplete="nothing" tooltip="Teil von Schweinequartz."/>
		<item ingrediens="nothing=0" requiredItem="alchemist school" craftedItems="alchemist school exporter=1" image="alchemistSchool.png" soundPrefix="" type="" achievement="nothing" onComplete="navigateToUrl 1J0kPK" tooltip="Herunterladen."/>
		<item ingrediens="alchemist school=1" requiredItem="contractor" craftedItems="alchemist school=0" image="alchemistSchool.png" soundPrefix="metal" type="melter" achievement="Schule demoliert!" onComplete="drop gazebo=1-quartz pillar=2-quartz staircase=1-quad=1" tooltip="Demolishes a school into it&#039;s parts."/>
		<item ingrediens="quartz stairs=8" requiredItem="quartz hog" craftedItems="column base=1" image="columnBase.png" soundPrefix="metal" type="" achievement="Säulenbasis hergestellt!" onComplete="nothing" tooltip="Wird verwendet, um eine Säule zu erstellen."/>
		<item ingrediens="quartz stairs=8" requiredItem="quartz hog" craftedItems="column capital=1" image="columnCapital.png" soundPrefix="metal" type="" achievement="Säulenmitte hergestellt!" onComplete="nothing" tooltip="Wird verwendet, um eine Säule zu erstellen."/>
		<item ingrediens="quartz pillar=1,column base=1,column capital=1" requiredItem="quartz hog" craftedItems="column=1" image="column.png" soundPrefix="metal" type="" achievement="Säule gebaut!" onComplete="nothing" tooltip="Wird zum Bau von Pavillons und Kolonnaden verwendet."/>
		<item ingrediens="column=6" requiredItem="contractor" craftedItems="colonnade=1" image="colonnade.png" soundPrefix="metal" type="" achievement="Kolonnade gebaut!" onComplete="nothing" tooltip="Wird verwendet, um eine Schule zu bauen."/>
		<item ingrediens="block of quartz=245" requiredItem="contractor" craftedItems="large dome=1" image="largeDome.png" soundPrefix="metal" type="" achievement="Große Kuppel gebaut!" onComplete="nothing" tooltip="Wird verwendet, um einen Pavillon zu bauen."/>
		<item ingrediens="column=8" requiredItem="quartz hog" craftedItems="quartz henge=1" image="quartzHenge.png" soundPrefix="metal" type="" achievement="Quartzhenge gebaut!" onComplete="nothing" tooltip="Wird verwendet, um einen Pavillon zu bauen."/>
		<item ingrediens="quartz henge=1,large dome=1" requiredItem="contractor" craftedItems="pavilion=1" image="pavilion.png" soundPrefix="metal" type="" achievement="Pavillion gebaut!" onComplete="nothing" tooltip="Wird verwendet, um eine Schule zu bauen."/>
		<item ingrediens="quartz classrooms=4,quartz henge=2,pavilion=1,colonnade=1" requiredItem="contractor" craftedItems="redstone school=1" image="redstoneSchool.png" soundPrefix="metal" type="" achievement="Rotsteinschule!" onComplete="nothing" tooltip="Teil von Schweinequartz."/>
		<item ingrediens="redstone school=1" requiredItem="contractor" craftedItems="redstone school=0" image="redstoneSchool.png" soundPrefix="metal" type="melter" achievement="Schule demoliert!" onComplete="drop quartz classrooms=4-quartz henge=2-pavilion=1-colonnade=1" tooltip="Demolishes a school into it&#039;s parts."/>
		<item ingrediens="nothing=0" requiredItem="nothing" craftedItems="apothecary school=1" image="apothecarySchool.png" soundPrefix="metal" type="" achievement="Apothekerschule!" onComplete="nothing" tooltip="Teil von Schweinequartz."/>
		<item ingrediens="apothecary school=1,alchemist school=1,redstone school=1" requiredItem="nothing" craftedItems="hogquartz=1" image="hogquartz.png" soundPrefix="metal" type="" achievement="Schweinequartz gebaut!" onComplete="markMap Obsidian Yards-652-589,beatLocation" tooltip="Bildet fortgeschrittene Handwerker aus."/>
		<item ingrediens="nothing=0" requiredItem="hogquartz" craftedItems="hogquartz exporter=1" image="hogquartz.png" soundPrefix="" type="" achievement="nothing" onComplete="navigateToUrl 1J1363" tooltip="Herunterladen."/>
		<item ingrediens="wizard=1" requiredItem="hogquartz" craftedItems="apothecary=1" image="apothecary.png" soundPrefix="hand" type="" achievement="Apotheker ausgebildet!" onComplete="nothing" tooltip="Wird zur Herstellung von Tränken und Sprengstoffen verwendet."/>
		<item ingrediens="wizard=1" requiredItem="hogquartz" craftedItems="alchemist=1" image="alchemist.png" soundPrefix="hand" type="" achievement="Alchemist ausgebildet!" onComplete="nothing" tooltip="Wird verwendet, um Metalle und Kristalle umzuwandeln."/>
		<item ingrediens="wizard=1" requiredItem="hogquartz" craftedItems="redstone wizard=1" image="redstoneWizard.png" soundPrefix="hand" type="" achievement="Rotsteinzauberer!" onComplete="nothing" tooltip="Wird verwendet, um Geräte aus Rotstein herzustellen."/>
		<item ingrediens="nothing=0" requiredItem="portal sleigh" craftedItems="nether wart=1" image="netherWart.png" soundPrefix="whoosh" type="grind" achievement="Netherwarze gepflückt!" onComplete="nothing" tooltip="Wird in Tränken verwendet."/>
		<item ingrediens="nothing=0" requiredItem="hunter" craftedItems="sugar=1" image="sugar.png" soundPrefix="metal" type="grind" achievement="Zucker fallengelassen!" onComplete="nothing" tooltip="Wird zur Herstellung von Tränken benötigt."/>
		<item ingrediens="nether wart=1,sugar=1" requiredItem="apothecary" craftedItems="speed potion=1" image="potion.png" soundPrefix="hand" type="" achievement="Trank hergestellt!" onComplete="nothing" tooltip="Kann getrunken werden."/>
		<item ingrediens="speed potion=1" requiredItem="nothing" craftedItems="use speed potion=1" image="usePotion.png" soundPrefix="hand" type="" achievement="Trank getrunken!" onComplete="speed 200" tooltip="Hat schnelle Eigenschaften."/>
		<item ingrediens="nothing=0" requiredItem="nothing" craftedItems="miner=1" image="miner.png" soundPrefix="hand" type="" achievement="nothing" onComplete="nothing" tooltip="Fördert die Höhle."/>
		<item ingrediens="nothing=0" requiredItem="nothing" craftedItems="hunter=1" image="hunter.png" soundPrefix="hand" type="" achievement="nothing" onComplete="nothing" tooltip="Bekämpft Mobs."/>
		<item ingrediens="nothing=0" requiredItem="nothing" craftedItems="woodsman=1" image="woodsman.png" soundPrefix="hand" type="villager" achievement="nothing" onComplete="nothing" tooltip="Automatisiert den Oberwelt-Grinder."/>
		<item ingrediens="nothing=0" requiredItem="nothing" craftedItems="carpenter=1" image="carpenter.png" soundPrefix="hand" type="villager" achievement="nothing" onComplete="nothing" tooltip="Stellt Dinge aus Holz her."/>
		<item ingrediens="nothing=0" requiredItem="nothing" craftedItems="contractor=1" image="contractor.png" soundPrefix="hand" type="villager" achievement="nothing" onComplete="nothing" tooltip="Stellt Gebäude aus Quarz her."/>
		<item ingrediens="nothing=0" requiredItem="woodsman" craftedItems="sand=1" image="sand.png" soundPrefix="dirt" type="grind" achievement="Sand geschaufelt!" onComplete="nothing" tooltip="Erzeugt eine Sandsäule."/>
		<item ingrediens="nothing=0" requiredItem="miner" craftedItems="cobblestone=1" image="cobblestone.png" soundPrefix="metal" type="grind" achievement="nothing" onComplete="nothing" tooltip="Wird zur Herstellung von Gebäuden verwendet."/>
		<item ingrediens="nothing=0" requiredItem="miner" craftedItems="flint=1" image="flint.png" soundPrefix="dirt" type="grind" achievement="nothing" onComplete="nothing" tooltip="Wird zur Herstellung von Pfeilen verwendet."/>
		<item ingrediens="nothing=0" requiredItem="miner" craftedItems="rail=1" image="rail.png" soundPrefix="metal" type="grind" achievement="nothing" onComplete="nothing" tooltip="Erforderlich für den Bau von Eisenbahnen."/>
		<item ingrediens="nothing=0" requiredItem="miner" craftedItems="coal=1" image="coal.png" soundPrefix="metal" type="grind" achievement="nothing" onComplete="nothing" tooltip="Wird zum Schmelzen von Barren verwendet."/>
		<item ingrediens="nothing=0" requiredItem="miner" craftedItems="iron ore=1" image="ironOre.png" soundPrefix="metal" type="grind" achievement="nothing" onComplete="nothing" tooltip="Wird zum Schmelzen von Eisenbarren benötigt."/>
		<item ingrediens="nothing=0" requiredItem="miner" craftedItems="gold ore=1" image="goldOre.png" soundPrefix="metal" type="grind" achievement="nothing" onComplete="nothing" tooltip="Erforderlich zum Schmelzen von Goldbarren."/>
		<item ingrediens="nothing=0" requiredItem="miner" craftedItems="diamond=1" image="diamond.png" soundPrefix="metal" type="grind" achievement="nothing" onComplete="nothing" tooltip="Wird zum Herstellen von Diamantwerkzeugen und -gegenständen verwendet."/>
		<item ingrediens="nothing=0" requiredItem="miner" craftedItems="redstone=4" image="redstone.png" soundPrefix="metal" type="grind" achievement="nothing" onComplete="nothing" tooltip="Wird verwendet, um Rotstein-Geräte herzustellen."/>
		<item ingrediens="nothing=0" requiredItem="miner" craftedItems="obsidian=1" image="obsidian.png" soundPrefix="metal" type="grind" achievement="nothing" onComplete="nothing" tooltip="Wird verwendet, um Objekte aus Obsidian zu bauen."/>
		<item ingrediens="nothing=0" requiredItem="miner" craftedItems="bucket=1" image="bucket.png" soundPrefix="metal" type="grind" achievement="Eimer hergestellt!" onComplete="nothing" tooltip="Wird benötigt, um Wasser und Lava zu erhalten."/>
		<item ingrediens="nothing=0" requiredItem="miner" craftedItems="gunpowder=1" image="gunpowder.png" soundPrefix="whoosh" type="grind" achievement="Schießpulver!" onComplete="nothing" tooltip="Wird in Sprengstoffen verwendet"/>
		<item ingrediens="nothing=0" requiredItem="hunter" craftedItems="gold armor=1" image="goldArmor.png" soundPrefix="metal" type="grind" achievement="Goldrüstung!" onComplete="nothing" tooltip="Für die Herstellung von Goldsoldaten."/>
		<item ingrediens="nothing=0" requiredItem="hunter" craftedItems="gold sword=1" image="goldSword.png" soundPrefix="metal" type="grind" achievement="nothing" onComplete="nothing" tooltip="Greift Mobs an."/>
		<item ingrediens="nothing=0" requiredItem="hunter" craftedItems="iron armor=1" image="ironArmor.png" soundPrefix="metal" type="grind" achievement="Eisenrüstung!" onComplete="nothing" tooltip="Zur Herstellung von eisernen Soldaten."/>
		<item ingrediens="nothing=0" requiredItem="hunter" craftedItems="iron axe=1" image="ironAxe.png" soundPrefix="metal" type="grind" achievement="nothing" onComplete="nothing" tooltip="Hackt Holz."/>
		<item ingrediens="nothing=0" requiredItem="nothing" craftedItems="string=1" image="string.png" soundPrefix="whoosh" type="grind" achievement="nothing" onComplete="nothing" tooltip="Wird verwendet, um eine Spur zu legen."/>
		<item ingrediens="nothing=0" requiredItem="nothing" craftedItems="arrow=1" image="arrow.png" soundPrefix="whoosh" type="grind" achievement="nothing" onComplete="nothing" tooltip="Kombiniert mit einem Bogen."/>
		<item ingrediens="nothing=0" requiredItem="nothing" craftedItems="iron pick=1" image="ironPick.png" soundPrefix="metal" type="metal" achievement="nothing" onComplete="nothing" tooltip="Fördert Gold."/>
		<item ingrediens="nothing=0" requiredItem="nothing" craftedItems="iron shovel=1" image="ironShovel.png" soundPrefix="metal" type="metal" achievement="nothing" onComplete="nothing" tooltip="Schaufelt Erde und Kies."/>
		<item ingrediens="nothing=0" requiredItem="nothing" craftedItems="iron hoe=1" image="ironHoe.png" soundPrefix="metal" type="metal" achievement="nothing" onComplete="nothing" tooltip="Bearbeitet den Boden."/>
		<item ingrediens="nothing=0" requiredItem="nothing" craftedItems="iron sword=1" image="ironSword.png" soundPrefix="metal" type="metal" achievement="nothing" onComplete="nothing" tooltip="Greift Mobs an."/>
		<item ingrediens="nothing=0" requiredItem="nothing" craftedItems="gold pick=1" image="goldPick.png" soundPrefix="metal" type="metal" achievement="nothing" onComplete="nothing" tooltip="Fördert Diamanten."/>
		<item ingrediens="nothing=0" requiredItem="nothing" craftedItems="gold shovel=1" image="goldShovel.png" soundPrefix="metal" type="metal" achievement="nothing" onComplete="nothing" tooltip="Schaufelt Erde und Kies."/>
		<item ingrediens="nothing=0" requiredItem="nothing" craftedItems="gold axe=1" image="goldAxe.png" soundPrefix="metal" type="metal" achievement="nothing" onComplete="nothing" tooltip="Hackt Holz."/>
		<item ingrediens="nothing=0" requiredItem="nothing" craftedItems="gold hoe=1" image="goldHoe.png" soundPrefix="metal" type="metal" achievement="nothing" onComplete="nothing" tooltip="Bearbeitet den Boden."/>
		<item ingrediens="nothing=0" requiredItem="nothing" craftedItems="diamond pick=1" image="diamondPick.png" soundPrefix="metal" type="metal" achievement="nothing" onComplete="nothing" tooltip="Baut schneller ab."/>
		<item ingrediens="nothing=0" requiredItem="nothing" craftedItems="diamond shovel=1" image="diamondShovel.png" soundPrefix="metal" type="metal" achievement="nothing" onComplete="nothing" tooltip="Schaufelt Erde und Kies."/>
		<item ingrediens="nothing=0" requiredItem="nothing" craftedItems="diamond sword=1" image="diamondSword.png" soundPrefix="metal" type="metal" achievement="nothing" onComplete="nothing" tooltip="Greift Mobs an."/>
		<item ingrediens="nothing=0" requiredItem="nothing" craftedItems="diamond axe=1" image="diamondAxe.png" soundPrefix="metal" type="metal" achievement="nothing" onComplete="nothing" tooltip="Hackt Holz."/>
		<item ingrediens="nothing=0" requiredItem="nothing" craftedItems="diamond hoe=1" image="diamondHoe.png" soundPrefix="metal" type="metal" achievement="nothing" onComplete="nothing" tooltip="Bearbeitet den Boden."/>
		<item ingrediens="nothing=0" requiredItem="furnace" craftedItems="iron ingot=1" image="ironIngot.png" soundPrefix="metal" type="metal" achievement="Eisenbarren geschmolzen!" onComplete="nothing" tooltip="Wird zur Herstellung von Eisenwerkzeugen und Rüstungen verwendet."/>
		<item ingrediens="nothing=0" requiredItem="furnace" craftedItems="gold ingot=1" image="goldIngot.png" soundPrefix="metal" type="metal" achievement="Goldbarren geschmolzen!" onComplete="nothing" tooltip="Wird zum Herstellen von Goldwerkzeugen und Rüstungen verwendet."/>
		<item ingrediens="nothing=0" requiredItem="nothing" craftedItems="city state=1" image="cityState.png" soundPrefix="" type="" achievement="Stadtstaat!" onComplete="nothing" tooltip="Gut gemacht."/>
		<item ingrediens="nothing=0" requiredItem="nothing" craftedItems="port=1" image="port.png" soundPrefix="wood" type="wood" achievement="Hafen eingerichtet!" onComplete="nothing" tooltip="Wird benötigt, um Grindcraftia zu umfahren."/>
		<item ingrediens="nothing=0" requiredItem="nothing" craftedItems="portal sleigh=1" image="portalSleigh.png" soundPrefix="metal" type="" achievement="Portalschlitten!" onComplete="nothing" tooltip="Wird verwendet, um in den Nether zu reisen."/>
	</crafters>
		
</data>