<?xml version="1.0" encoding="utf-8" ?>
<data>
 
	<grinders>
		<item name="overworld" generates="wood,sand,water" occurance="4,29,65" img="overworld.png" maxIncrease="1"/>
		<item name="mobs" generates="zombie,skeleton,spider,witch,pufferfish" occurance="3,3,3,1,1" img="mobs.png" maxIncrease="1"/>
		<item name="nether sleigh" generates="netherrack,blaze,ghast,nether wart,zombie pigman" occurance="10,1,1.75,1,3" img="netherSleighGrinder.png" maxIncrease="1"/>
		<item name="library" generates="bookshelf,out of air" occurance="9,1" img="libraryGrinder.png" maxIncrease="0"/>
	</grinders>

<grinds>
	<item name="wood" img="wood.png" drops="wood=1" dependency="woodsman" timeToBreak="0.74" achievement=""/>
	<item name="sand" img="sand.png" drops="sand=1" dependency="woodsman" timeToBreak="0.5" achievement=""/>
	<item name="water" img="water.png" drops="water=1" dependency="woodsman" timeToBreak="0.5" achievement=""/>
	<item name="zombie" img="zombie.png" drops="nothing=0" dependency="hunter" timeToBreak="2.48" achievement=""/>
	<item name="skeleton" img="skeleton.png" drops="arrow=1" dependency="hunter" timeToBreak="2.18" achievement=""/>
	<item name="arrow" img="arrow.png" drops="" dependency="" timeToBreak="" achievement=""/>
	<item name="spider" img="spider.png" drops="string=.5" dependency="hunter" timeToBreak="1.78" achievement=""/>
	<item name="string" img="string.png" drops="" dependency="" timeToBreak="" achievement=""/>
	<item name="witch" img="witch.png" drops="sugar=1" dependency="hunter" timeToBreak="2" achievement=""/>
	<item name="sugar" img="sugar.png" drops="" dependency="" timeToBreak="" achievement=""/>
	<item name="pufferfish" img="pufferfish.png" drops="pufferfish=1" dependency="fishing rod" timeToBreak="1.5" achievement=""/>
	<item name="netherrack" img="netherrack.png" drops="netherrack=10" dependency="portal sleigh" timeToBreak="0.5624" achievement=""/>
	<item name="blaze" img="blaze.png" drops="blaze rod=.5" dependency="portal sleigh" timeToBreak="5" achievement=""/>
	<item name="blaze rod" img="blazeRod.png" drops="" dependency="" timeToBreak="" achievement=""/>
	<item name="ghast" img="ghast.png" drops="gunpowder=1" dependency="hunter" timeToBreak="4.5" achievement=""/>
	<item name="gunpowder" img="gunpowder.png" drops="" dependency="" timeToBreak="" achievement=""/>
	<item name="nether wart" img="netherWart.png" drops="nether wart=1" dependency="portal sleigh" timeToBreak="0.5" achievement=""/>
	<item name="zombie pigman" img="zombiePigman.png" drops="nothing=0" dependency="hunter" timeToBreak="2.49" achievement=""/>
	<item name="bookshelf" img="bookshelf.png" drops="bookshelf=1" dependency="use breathe water" timeToBreak="1" achievement=""/>
	<item name="out of air" img="outOfAir.png" drops="out of air=1" dependency="use breathe water" timeToBreak="1" achievement=""/>
</grinds>
	
<crafters>
	<item ingrediens="nothing=0" requiredItem="woodsman" craftedItems="wood=1" image="wood.png" soundPrefix="wood" type="grind" achievement="nothing" onComplete="nothing" tooltip="Wird zur Herstellung von Brettern und Stämmen verwendet."/>
	<item ingrediens="nothing=0" requiredItem="woodsman" craftedItems="sand=1" image="sand.png" soundPrefix="dirt" type="grind" achievement="Sand geschaufelt!" onComplete="nothing" tooltip="Das gibt es auf vielen Inseln."/>
	<item ingrediens="nothing=0" requiredItem="nothing" craftedItems="water=1" image="water.png" soundPrefix="wood" type="grind" achievement="nothing" onComplete="nothing" tooltip="Das gibt es viel im Meer."/>
	<item ingrediens="nothing=0" requiredItem="nothing" craftedItems="arrow=1" image="arrow.png" soundPrefix="whoosh" type="grind" achievement="Pfeile hergestellt!" onComplete="nothing" tooltip="Wird mit einem Bogen verwendet."/>
	<item ingrediens="nothing=0" requiredItem="nothing" craftedItems="string=1" image="string.png" soundPrefix="whoosh" type="grind" achievement="nothing" onComplete="nothing" tooltip="Wird verwendet, um eine Spur zu legen."/>
	<item ingrediens="wood=1" requiredItem="carpenter" craftedItems="planks=4" image="planks.png" soundPrefix="wood" type="" achievement="nothing" onComplete="nothing" tooltip="Er hat früher Sachen aus Holz hergestellt."/>
	<item ingrediens="planks=2" requiredItem="carpenter" craftedItems="stick=4" image="stick.png" soundPrefix="wood" type="" achievement="nothing" onComplete="nothing" tooltip="Wird verwendet, um ein Tor zu bauen."/>
	<item ingrediens="stick=3,string=2" requiredItem="carpenter" craftedItems="fishing rod=1" image="fishingRod.png" soundPrefix="whoosh" type="" achievement="Angelrute hersgestellt!" onComplete="nothing" tooltip="Wird zum Fischen benötigt"/>
	<item ingrediens="nothing=0" requiredItem="fishing rod" craftedItems="pufferfish=1" image="pufferfish.png" soundPrefix="hand" type="grind" achievement="Kugelfisch gefangen!" onComplete="nothing" tooltip="Wird in Tränken verwendet."/>
	<item ingrediens="nothing=0" requiredItem="portal sleigh" craftedItems="nether wart=1" image="netherWart.png" soundPrefix="whoosh" type="grind" achievement="Netherwarze gepflückt!" onComplete="nothing" tooltip="Wird in Tränken verwendet."/>
	<item ingrediens="nothing=0" requiredItem="nothing" craftedItems="apothecary=1" image="apothecary.png" soundPrefix="hand" type="villager" achievement="nothing" onComplete="nothing" tooltip="Stellt Tränke her."/>
	<item ingrediens="nether wart=1,pufferfish=1" requiredItem="apothecary" craftedItems="breathe water=1" image="potion.png" soundPrefix="hand" type="" achievement="Trank hergestellt!" onComplete="nothing" tooltip="Wird zum Atmen unter Wasser verwendet."/>
	<item ingrediens="breathe water=1" requiredItem="nothing" craftedItems="use breathe water=1" image="usePotion.png" soundPrefix="hand" type="" achievement="Trank getrunken!" onComplete="showGrinder library,automate library" tooltip="Wird benötigt um die Unterwasserbibliothek zu erreichen."/>
	<item ingrediens="nothing=0" requiredItem="portal sleigh" craftedItems="netherrack=1" image="netherrack.png" soundPrefix="wood" type="grind" achievement="Nether gequält!" onComplete="nothing" tooltip="Davon gibt es viel im Nether."/>
	<item ingrediens="nothing=0" requiredItem="portal sleigh" craftedItems="blaze rod=1" image="blazeRod.png" soundPrefix="metal" type="grind" achievement="Lohenrute!" onComplete="nothing" tooltip="Wird zur Herstellung von Tränken verwendet."/>
	<item ingrediens="nothing=0" requiredItem="nothing" craftedItems="gunpowder=1" image="gunpowder.png" soundPrefix="whoosh" type="grind" achievement="Schießpulver!" onComplete="nothing" tooltip="Wird in Sprengstoffen verwendet"/>
	<item ingrediens="nothing=0" requiredItem="nothing" craftedItems="bookshelf=1" image="bookshelf.png" soundPrefix="wood" type="grind" achievement="Bücher erhalten!" onComplete="nothing" tooltip="Wird verwendet, um Bücher zu stapeln."/>
	<item ingrediens="nothing=0" requiredItem="nothing" craftedItems="out of air=1" image="outOfAir.png" soundPrefix="whoosh" type="grind" achievement="Keine Luft mehr!" onComplete="hideGrinder library,deautomate library" tooltip="Wasseratmmungstrank abgelaufen."/>
	<item ingrediens="bookshelf=4" requiredItem="nothing" craftedItems="bookcase=1" image="bookcase.png" soundPrefix="wood" type="" achievement="Bookcase built !" onComplete="nothing" tooltip="Erforderlich um viele Bücher zu bekommen."/>
	<item ingrediens="bookcase=15" requiredItem="nothing" craftedItems="ton of books=1" image="tonOfBooks.png" soundPrefix="wood" type="" achievement="Sehr viele Bücher!" onComplete="markMap Hogquartz-305-366,beatLocation" tooltip="Required to beat lie bury."/>
	<item ingrediens="nothing=0" requiredItem="hunter" craftedItems="sugar=1" image="sugar.png" soundPrefix="metal" type="grind" achievement="Zucker fallengelassen!" onComplete="nothing" tooltip="Wird zur Herstellung von Tränken benötigt."/>
	<item ingrediens="nether wart=1,sugar=1" requiredItem="apothecary" craftedItems="speed potion=1" image="potion.png" soundPrefix="hand" type="" achievement="Trank hergestellt!" onComplete="nothing" tooltip="Kann getrunken werden."/>
	<item ingrediens="speed potion=1" requiredItem="nothing" craftedItems="use speed potion=1" image="usePotion.png" soundPrefix="hand" type="" achievement="Trank getrunken!" onComplete="speed 200" tooltip="Hat schnelle Eigenschaften."/>
	<item ingrediens="nothing=0" requiredItem="nothing" craftedItems="miner=1" image="miner.png" soundPrefix="hand" type="" achievement="nothing" onComplete="nothing" tooltip="Fördert die verlorene Mine."/>
	<item ingrediens="nothing=0" requiredItem="nothing" craftedItems="hunter=1" image="hunter.png" soundPrefix="hand" type="" achievement="nothing" onComplete="nothing" tooltip="Bekämpft Mob-Spawner."/>
	<item ingrediens="nothing=0" requiredItem="miner" craftedItems="cobblestone=1" image="cobblestone.png" soundPrefix="metal" type="grind" achievement="nothing" onComplete="nothing" tooltip="Wird zur Herstellung von Gebäuden verwendet."/>
	<item ingrediens="nothing=0" requiredItem="miner" craftedItems="flint=1" image="flint.png" soundPrefix="dirt" type="grind" achievement="nothing" onComplete="nothing" tooltip="Wird zur Herstellung von Pfeilen verwendet."/>
	<item ingrediens="nothing=0" requiredItem="miner" craftedItems="rail=1" image="rail.png" soundPrefix="metal" type="grind" achievement="nothing" onComplete="nothing" tooltip="Erforderlich für den Bau von Eisenbahnen."/>
	<item ingrediens="nothing=0" requiredItem="miner" craftedItems="coal=1" image="coal.png" soundPrefix="metal" type="grind" achievement="nothing" onComplete="nothing" tooltip="Wird zum Schmelzen von Barren verwendet."/>
	<item ingrediens="nothing=0" requiredItem="miner" craftedItems="iron ore=1" image="ironOre.png" soundPrefix="metal" type="grind" achievement="nothing" onComplete="nothing" tooltip="Wird zum Schmelzen von Eisenbarren benötigt."/>
	<item ingrediens="nothing=0" requiredItem="miner" craftedItems="gold ore=1" image="goldOre.png" soundPrefix="metal" type="grind" achievement="nothing" onComplete="nothing" tooltip="Erforderlich zum Schmelzen von Goldbarren."/>
	<item ingrediens="nothing=0" requiredItem="miner" craftedItems="diamond=1" image="diamond.png" soundPrefix="metal" type="grind" achievement="nothing" onComplete="nothing" tooltip="Wird zum Herstellen von Diamantwerkzeugen und -gegenständen verwendet."/>
	<item ingrediens="nothing=0" requiredItem="miner" craftedItems="redstone=4" image="redstone.png" soundPrefix="metal" type="grind" achievement="nothing" onComplete="nothing" tooltip="Wird verwendet, um Rotstein-Geräte herzustellen."/>
	<item ingrediens="nothing=0" requiredItem="miner" craftedItems="obsidian=1" image="obsidian.png" soundPrefix="metal" type="grind" achievement="nothing" onComplete="nothing" tooltip="Wird verwendet, um Objekte aus Obsidian zu bauen."/>
	<item ingrediens="nothing=0" requiredItem="miner" craftedItems="bucket=1" image="bucket.png" soundPrefix="metal" type="grind" achievement="Eimer hergestellt!" onComplete="nothing" tooltip="Wird benötigt, um Wasser und Lava zu erhalten."/>
	<item ingrediens="nothing=0" requiredItem="hunter" craftedItems="gold armor=1" image="goldArmor.png" soundPrefix="metal" type="grind" achievement="Goldrüstung!" onComplete="nothing" tooltip="Für die Herstellung von Goldsoldaten."/>
	<item ingrediens="nothing=0" requiredItem="hunter" craftedItems="gold sword=1" image="goldSword.png" soundPrefix="metal" type="grind" achievement="nothing" onComplete="nothing" tooltip="Greift Mobs an."/>
	<item ingrediens="nothing=0" requiredItem="hunter" craftedItems="iron armor=1" image="ironArmor.png" soundPrefix="metal" type="grind" achievement="Eisenrüstung!" onComplete="nothing" tooltip="Zur Herstellung von eisernen Soldaten."/>
	<item ingrediens="nothing=0" requiredItem="hunter" craftedItems="iron axe=1" image="ironAxe.png" soundPrefix="metal" type="grind" achievement="nothing" onComplete="nothing" tooltip="Hackt Holz."/>
	<item ingrediens="nothing=0" requiredItem="nothing" craftedItems="woodsman=1" image="woodsman.png" soundPrefix="hand" type="villager" achievement="nothing" onComplete="automate overworld" tooltip="Automatisiert den Oberwelt-Grinder."/>
	<item ingrediens="nothing=0" requiredItem="nothing" craftedItems="carpenter=1" image="carpenter.png" soundPrefix="hand" type="villager" achievement="nothing" onComplete="nothing" tooltip="Stellt Dinge aus Holz her."/>
	<item ingrediens="nothing=0" requiredItem="nothing" craftedItems="arrow=4" image="arrow.png" soundPrefix="whoosh" type="" achievement="Pfeile hergestellt!" onComplete="nothing" tooltip="Kombiniert mit einem Bogen."/>
	<item ingrediens="nothing=0" requiredItem="nothing" craftedItems="block of quartz=1" image="blockOfQuartz.png" soundPrefix="metal" type="" achievement="Quarzblock hergestellt!" onComplete="nothing" tooltip="Wird für die Herstellung von Quarzstrukturen benötigt."/>
	<item ingrediens="nothing=0" requiredItem="nothing" craftedItems="iron pick=1" image="ironPick.png" soundPrefix="metal" type="metal" achievement="nothing" onComplete="nothing" tooltip="Fördert Gold."/>
	<item ingrediens="nothing=0" requiredItem="nothing" craftedItems="iron shovel=1" image="ironShovel.png" soundPrefix="metal" type="metal" achievement="nothing" onComplete="nothing" tooltip="Schaufelt Erde und Kies."/>
	<item ingrediens="nothing=0" requiredItem="nothing" craftedItems="iron hoe=1" image="ironHoe.png" soundPrefix="metal" type="metal" achievement="nothing" onComplete="nothing" tooltip="Bearbeitet den Boden."/>
	<item ingrediens="nothing=0" requiredItem="nothing" craftedItems="iron sword=1" image="ironSword.png" soundPrefix="metal" type="metal" achievement="nothing" onComplete="nothing" tooltip="Greift Mobs an."/>
	<item ingrediens="nothing=0" requiredItem="nothing" craftedItems="gold pick=1" image="goldPick.png" soundPrefix="metal" type="metal" achievement="nothing" onComplete="nothing" tooltip="Fördert Diamanten."/>
	<item ingrediens="nothing=0" requiredItem="nothing" craftedItems="gold shovel=1" image="goldShovel.png" soundPrefix="metal" type="metal" achievement="nothing" onComplete="nothing" tooltip="Schaufelt Erde und Kies."/>
	<item ingrediens="nothing=0" requiredItem="nothing" craftedItems="gold axe=1" image="goldAxe.png" soundPrefix="metal" type="metal" achievement="nothing" onComplete="nothing" tooltip="Hackt Holz."/>
	<item ingrediens="nothing=0" requiredItem="nothing" craftedItems="gold hoe=1" image="goldHoe.png" soundPrefix="metal" type="metal" achievement="nothing" onComplete="nothing" tooltip="Bearbeitet den Boden."/>
	<item ingrediens="nothing=0" requiredItem="nothing" craftedItems="diamond pick=1" image="diamondPick.png" soundPrefix="metal" type="metal" achievement="nothing" onComplete="nothing" tooltip="Baut schneller ab."/>
	<item ingrediens="nothing=0" requiredItem="nothing" craftedItems="diamond shovel=1" image="diamondShovel.png" soundPrefix="metal" type="metal" achievement="nothing" onComplete="nothing" tooltip="Schaufelt Erde und Kies."/>
	<item ingrediens="nothing=0" requiredItem="nothing" craftedItems="diamond sword=1" image="diamondSword.png" soundPrefix="metal" type="metal" achievement="nothing" onComplete="nothing" tooltip="Greift Mobs an."/>
	<item ingrediens="nothing=0" requiredItem="nothing" craftedItems="diamond axe=1" image="diamondAxe.png" soundPrefix="metal" type="metal" achievement="nothing" onComplete="nothing" tooltip="Hackt Holz."/>
	<item ingrediens="nothing=0" requiredItem="nothing" craftedItems="diamond hoe=1" image="diamondHoe.png" soundPrefix="metal" type="metal" achievement="nothing" onComplete="nothing" tooltip="Bearbeitet den Boden."/>
	<item ingrediens="coal=1,iron ore=1" requiredItem="furnace" craftedItems="iron ingot=1" image="ironIngot.png" soundPrefix="metal" type="metal" achievement="Eisenbarren geschmolzen!" onComplete="nothing" tooltip="Wird zur Herstellung von Eisenwerkzeugen und Rüstungen verwendet."/>
	<item ingrediens="coal=1,gold ore=1" requiredItem="furnace" craftedItems="gold ingot=1" image="goldIngot.png" soundPrefix="metal" type="metal" achievement="Goldbarren geschmolzen!" onComplete="nothing" tooltip="Wird zum Herstellen von Goldwerkzeugen und Rüstungen verwendet."/>
	<item ingrediens="nothing=0" requiredItem="nothing" craftedItems="city state=1" image="cityState.png" soundPrefix="" type="" achievement="Stadtstaat!" onComplete="nothing" tooltip="Gut gemacht."/>
	<item ingrediens="nothing=0" requiredItem="nothing" craftedItems="port=1" image="port.png" soundPrefix="wood" type="wood" achievement="Hafen eingerichtet!" onComplete="nothing" tooltip="Wird benötigt, um Grindcraftia zu umfahren."/>
	<item ingrediens="nothing=0" requiredItem="nothing" craftedItems="portal sleigh=1" image="portalSleigh.png" soundPrefix="metal" type="" achievement="Portalschlitten!" onComplete="nothing" tooltip="Wird verwendet, um in den Nether zu reisen."/>
</crafters>
</data>