<?xml version="1.0" encoding="utf-8" ?>
<data>
	<grinders>
		<item name="nether sleigh" generates="zombie pigman,nether quartz ore,blaze,ghast" occurance="1.75,10,1.75,1.75" img="netherSleighGrinder.png" maxIncrease="5"/>
		<item name="overworld" generates="wood,sand,sugar cane,dirt,water" occurance="4,65,29,32,65" img="overworld.png" maxIncrease="5"/>
		<item name="cavern" generates="stone,gravel,coal ore,iron ore,gold ore,diamond ore,redstone ore,obsidian" occurance="5,1,6,4,2,1,4,2" img="mine.png" maxIncrease="5"/>
		<item name="mobs" generates="pig,sheep,cow,zombie,skeleton,spider,enderman" occurance="1.75,1.75,1.75,1.75,1.75,1.75,1.75" img="mobs.png" maxIncrease="5"/>
	</grinders>
	
	<grinds>
		<item name="zombie pigman" img="zombiePigman.png" drops="zombie pigman=1" dependency="portal sleigh" timeToBreak="2.49" achievement=""/>
		<item name="nether quartz ore" img="netherQuartzOre.png" drops="nether quartz=1" dependency="quartz hog" timeToBreak="1" achievement="" merge="pigman worker,quartz hog" />
		<item name="nether quartz" img="netherQuartz.png" drops="" dependency="" timeToBreak="" achievement=""/>
		<item name="blaze" img="blaze.png" drops="blaze rod=.5" dependency="portal sleigh" timeToBreak="5" achievement=""/>
		<item name="blaze rod" img="blazeRod.png" drops="" dependency="" timeToBreak="" achievement=""/>
		<item name="ghast" img="ghast.png" drops="gunpowder=1" dependency="portal sleigh" timeToBreak="4.5" achievement=""/>
		<item name="gunpowder" img="gunpowder.png" drops="" dependency="" timeToBreak="" achievement=""/>
		<item name="wood" img="wood.png" drops="wood=1" dependency="woodsman" timeToBreak="0.74" achievement=""/>
		<item name="sand" img="sand.png" drops="sand=1" dependency="woodsman" timeToBreak="0.1874" achievement=""/>
		<item name="sugar cane" img="sugarCane.png" drops="sugar cane=1" dependency="woodsman" timeToBreak="0.5" achievement=""/>
		<item name="dirt" img="dirt.png" drops="nothing=0" dependency="woodsman" timeToBreak="0.1874" achievement=""/>
		<item name="water" img="water.png" drops="nothing=0" dependency="woodsman" timeToBreak="0.1875" achievement=""/>
		<item name="stone" img="stone.png" drops="cobblestone=1" dependency="woodsman" timeToBreak="0.5624" achievement=""/>
		<item name="cobblestone" img="cobblestone.png" drops="" dependency="" timeToBreak="" achievement=""/>
		<item name="gravel" img="gravel.png" drops="flint=.1" dependency="woodsman" timeToBreak="0.224" achievement=""/>
		<item name="flint" img="flint.png" drops="" dependency="" timeToBreak="" achievement=""/>
		<item name="coal ore" img="coalOre.png" drops="coal=1" dependency="miner" timeToBreak="0.75" achievement=""/>
		<item name="coal" img="coal.png" drops="" dependency="" timeToBreak="" achievement=""/>
		<item name="iron ore" img="ironOre.png" drops="iron ore=1" dependency="miner" timeToBreak="1.125" achievement=""/>
		<item name="gold ore" img="goldOre.png" drops="gold ore=1" dependency="miner" timeToBreak="1.8" achievement=""/>
		<item name="diamond ore" img="diamondOre.png" drops="diamond=1" dependency="miner" timeToBreak="1.8" achievement=""/>
		<item name="diamond" img="diamond.png" drops="" dependency="" timeToBreak="" achievement=""/>
		<item name="redstone ore" img="redstoneOre.png" drops="redstone=4" dependency="miner" timeToBreak="1.125" achievement=""/>
		<item name="redstone" img="redstone.png" drops="" dependency="" timeToBreak="" achievement=""/>
		<item name="obsidian" img="obsidian.png" drops="obsidian=1" dependency="miner" timeToBreak="5" achievement=""/>
		<item name="pig" img="pig.png" drops="nothing=0" dependency="hunter" timeToBreak="0.98" achievement=""/>
		<item name="sheep" img="sheep.png" drops="nothing=0" dependency="hunter" timeToBreak="0.78" achievement=""/>
		<item name="cow" img="cow.png" drops="leather=1" dependency="hunter" timeToBreak="1" achievement=""/>
		<item name="leather" img="leather.png" drops="" dependency="" timeToBreak="" achievement=""/>
		<item name="zombie" img="zombie.png" drops="nothing=0" dependency="hunter" timeToBreak="2.48" achievement=""/>
		<item name="skeleton" img="skeleton.png" drops="arrow=.5" dependency="hunter" timeToBreak="2.18" achievement=""/>
		<item name="arrow" img="arrow.png" drops="" dependency="" timeToBreak="" achievement=""/>
		<item name="spider" img="spider.png" drops="string=.5" dependency="hunter" timeToBreak="1.78" achievement=""/>
		<item name="string" img="string.png" drops="" dependency="" timeToBreak="" achievement=""/>
		<item name="enderman" img="enderman.png" drops="ender pearl=.5" dependency="hunter" timeToBreak="4" achievement=""/>
		<item name="ender pearl" img="enderPearl.png" drops="" dependency="" timeToBreak="" achievement=""/>
	</grinds>
	
<crafters>
	<item ingrediens="nothing=0" requiredItem="nether sleigh" craftedItems="zombie pigman=1" image="zombiePigman.png" soundPrefix="hand" type="grind" achievement="Зомби-свинопас в ловушке !" onComplete="nothing" tooltip="Требуется для превращения зомби в свинолюдей."/>
	<item ingrediens="nothing=0" requiredItem="nothing" craftedItems="priest=1" image="priest.png" soundPrefix="hand" type="" achievement="nothing" onComplete="autocraft pigman=1" tooltip="Требуется для превращения зомби в свинолюдей."/>
	<item ingrediens="zombie pigman=1" requiredItem="priest" craftedItems="pigman=1" image="pig.png" soundPrefix="" type="grind" achievement="Чин-чин !" onComplete="nothing" tooltip="Может строить вещи."/>
	<item ingrediens="pigman=1" requiredItem="nothing" craftedItems="pigman worker=1" image="pigmanWorker.png" soundPrefix="hand" type="" achievement="Свиночеловек обучен !" onComplete="automate nether sleigh" tooltip="Требуется для создания кварцевого борова."/>
	<item ingrediens="nothing=0" requiredItem="nothing" craftedItems="wizard=1" image="wizard.png" soundPrefix="hand" type="villager" achievement="nothing" onComplete="nothing" tooltip="Превращает рабочих-свиноводов в кварцевых боров."/>
	<item ingrediens="pigman worker=1" requiredItem="wizard" craftedItems="quartz hog=1" image="quartzHog.png" soundPrefix="hand" type="" achievement="Кварцевый боров обучен !" onComplete="autocraft block of quartz=.5" tooltip="Требуется для добычи кварцевой руды в недрах."/>
	<item ingrediens="nothing=0" requiredItem="quartz hog" craftedItems="nether quartz=1" image="netherQuartz.png" soundPrefix="metal" type="grind" achievement="Кварц в пустотах добыт !" onComplete="nothing" tooltip="Делает блок из кварца."/>
	<item ingrediens="nether quartz=4" requiredItem="quartz hog" craftedItems="block of quartz=1" image="blockOfQuartz.png" soundPrefix="metal" type="" achievement="Кварцевый блок сделан !" onComplete="nothing" tooltip="Требуется для создания кварцевых сооружений."/>
	<item ingrediens="block of quartz=9" requiredItem="contractor" craftedItems="quartz wall=1" image="quartzWall.png" soundPrefix="metal" type="" achievement="Кварцевая стена построена !" onComplete="nothing" tooltip="Требуется для создания комнат из кварца."/>
	<item ingrediens="quartz wall=5" requiredItem="contractor" craftedItems="quartz hut=1" image="quartzHut.png" soundPrefix="metal" type="" achievement="Кварцевая хижина построена !" onComplete="nothing" tooltip="Требуется для создания более крупных структур."/>
	<item ingrediens="nothing=0" requiredItem="woodsman" craftedItems="sugar cane=1" image="sugarCane.png" soundPrefix="whoosh" type="grind" achievement="nothing" onComplete="nothing" tooltip="Используется для изготовления бумаги "/>
	<item ingrediens="sugar cane=3" requiredItem="nothing" craftedItems="paper=3" image="paper.png" soundPrefix="whoosh" type="" achievement="Бумага целлюлозная !" onComplete="nothing" tooltip="Используется для изготовления книг."/>
	<item ingrediens="nothing=0" requiredItem="hunter" craftedItems="leather=1" image="leather.png" soundPrefix="whoosh" type="grind" achievement="nothing" onComplete="nothing" tooltip="Используется для изготовления книг."/>
	<item ingrediens="paper=3,leather=1" requiredItem="nothing" craftedItems="book=1" image="book.png" soundPrefix="whoosh" type="" achievement="Книга переплетена !" onComplete="nothing" tooltip="Используется для изготовления книжных шкафов."/>
	<item ingrediens="nothing=0" requiredItem="woodsman" craftedItems="wood=1" image="wood.png" soundPrefix="wood" type="grind" achievement="nothing" onComplete="nothing" tooltip="Используется для изготовления досок и бревен."/>
	<item ingrediens="wood=1" requiredItem="carpenter" craftedItems="planks=4" image="planks.png" soundPrefix="wood" type="" achievement="nothing" onComplete="nothing" tooltip="Используется для изготовления вещей из дерева."/>
	<item ingrediens="planks=6,book=3" requiredItem="carpenter" craftedItems="bookshelf=1" image="bookshelf.png" soundPrefix="wood" type="" achievement="Книжная полка сделана !" onComplete="nothing" tooltip="Используется для изготовления стопок книг."/>
	<item ingrediens="bookshelf=12" requiredItem="carpenter" craftedItems="book stacks=1" image="bookStacks.png" soundPrefix="wood" type="" achievement="Стопки книг !" onComplete="nothing" tooltip="Используется для изготовления библиотечной комнаты."/>
	<item ingrediens="quartz hut=1,book stacks=1" requiredItem="contractor" craftedItems="library room=1" image="libraryRoom.png" soundPrefix="metal" type="" achievement="Комната библиотеки построена !" onComplete="nothing" tooltip="Используется для изготовления комнат из кварца."/>
	<item ingrediens="block of quartz=6" requiredItem="quartz hog" craftedItems="quartz stairs=4" image="quartzStairs.png" soundPrefix="metal" type="" achievement="Кварцевая лестница !" onComplete="nothing" tooltip="Используется для изготовления предметов из кварца."/>
	<item ingrediens="planks=2" requiredItem="carpenter" craftedItems="stick=4" image="stick.png" soundPrefix="wood" type="" achievement="nothing" onComplete="nothing" tooltip="Используется для изготовления ворот."/>
	<item ingrediens="planks=4,stick=1" requiredItem="carpenter" craftedItems="sign=3" image="sign.png" soundPrefix="wood" type="" achievement="Таблички сделаны !" onComplete="nothing" tooltip="Используется для изготовления меловой доски "/>
	<item ingrediens="sign=6" requiredItem="carpenter" craftedItems="chalkboard=1" image="chalkboard.png" soundPrefix="wood" type="" achievement="Меловая доска построена !" onComplete="nothing" tooltip="Используется в классных комнатах."/>
	<item ingrediens="quartz hut=1,quartz stairs=2,chalkboard=1" requiredItem="contractor" craftedItems="classroom=1" image="classroom.png" soundPrefix="metal" type="" achievement="Классная комната построена !" onComplete="nothing" tooltip="Используется для изготовления комнат из кварца."/>
	<item ingrediens="nothing=0" requiredItem="nether sleigh" craftedItems="blaze rod=1" image="blazeRod.png" soundPrefix="metal" type="grind" achievement="Пылающий жезл !" onComplete="nothing" tooltip="Используется для изготовления зелий."/>
	<item ingrediens="cobblestone=3,blaze rod=1" requiredItem="nothing" craftedItems="brewing stand=1" image="brewingStand.png" soundPrefix="whoosh" type="" achievement="Стойка для пивоварения изготовлена !" onComplete="nothing" tooltip="Используется для изготовления аптекарской школы."/>
	<item ingrediens="quartz stairs=2" requiredItem="quartz hog" craftedItems="quartz table=1" image="quartzTable.png" soundPrefix="metal" type="" achievement="Кварцевый стол сделан !" onComplete="nothing" tooltip="Используется в лабораториях."/>
	<item ingrediens="quartz hut=1,quartz table=1,chalkboard=1" requiredItem="contractor" craftedItems="lab=1" image="lab.png" soundPrefix="metal" type="" achievement="Лаборатория построена !" onComplete="nothing" tooltip="Используется для изготовления комнат из кварца."/>
	<item ingrediens="block of quartz=3" requiredItem="quartz hog" craftedItems="quartz slab=6" image="quartzSlab.png" soundPrefix="metal" type="" achievement="Кварцевая плита изготовлена !" onComplete="nothing" tooltip="Используется для изготовления винтового стояка."/>
	<item ingrediens="quartz slab=2,block of quartz=1" requiredItem="quartz hog" craftedItems="spiral riser=1" image="quartzSpiralRiser.png" soundPrefix="metal" type="" achievement="Винтовой стояк сделан !" onComplete="nothing" tooltip="Используется для изготовления винтовой лестницы."/>
	<item ingrediens="spiral riser=4" requiredItem="quartz hog" craftedItems="spiral staircase=1" image="quartzSpiralStaircase.png" soundPrefix="metal" type="" achievement="Винтовая лестница построена !" onComplete="nothing" tooltip="Используется для изготовления винтовой лестницы."/>
	<item ingrediens="quartz hut=1,spiral staircase=1" requiredItem="contractor" craftedItems="quartz stairwell=1" image="quartzStairwell.png" soundPrefix="metal" type="" achievement="Кварцевая лестница построена !" onComplete="nothing" tooltip="Используется для изготовления комнат из кварца."/>
	<item ingrediens="library room=1,classroom=1,lab=1,quartz stairwell=1" requiredItem="contractor" craftedItems="quartz classrooms=1" image="quartzClassrooms.png" soundPrefix="metal" type="" achievement="Кварцевые классы !" onComplete="nothing" tooltip="Используется для изготовления школы."/>
	<item ingrediens="block of quartz=2" requiredItem="quartz hog" craftedItems="pillar quartz block=2" image="pillarQuartzBlock.png" soundPrefix="metal" type="" achievement="Кварцевый столб !" onComplete="nothing" tooltip="Используется для изготовления кварцевого столба."/>
	<item ingrediens="pillar quartz block=4" requiredItem="quartz hog" craftedItems="quartz pillar=1" image="quartzPillar.png" soundPrefix="metal" type="" achievement="Кварцевая колонна изготовлена !" onComplete="nothing" tooltip="Используется для изготовления колонн и беседок."/>
	<item ingrediens="quartz stairs=8" requiredItem="quartz hog" craftedItems="column base=1" image="columnBase.png" soundPrefix="metal" type="" achievement="Основание колонны сделано !" onComplete="nothing" tooltip="Используется для изготовления колонны."/>
	<item ingrediens="quartz stairs=8" requiredItem="quartz hog" craftedItems="column capital=1" image="columnCapital.png" soundPrefix="metal" type="" achievement="Капитальная колонна изготовлена !" onComplete="nothing" tooltip="Используется для изготовления колонны."/>
	<item ingrediens="quartz pillar=1,column base=1,column capital=1" requiredItem="quartz hog" craftedItems="column=1" image="column.png" soundPrefix="metal" type="" achievement="Колонна построена !" onComplete="nothing" tooltip="Используется для изготовления павильонов и колоннад."/>
	<item ingrediens="column=6" requiredItem="contractor" craftedItems="colonnade=1" image="colonnade.png" soundPrefix="metal" type="" achievement="Колоннада построена !" onComplete="nothing" tooltip="Используется для изготовления школы."/>
	<item ingrediens="block of quartz=25" requiredItem="quartz hog" craftedItems="quartz pavement=1" image="quartzPavement.png" soundPrefix="metal" type="" achievement="Вымощена кварцем !" onComplete="nothing" tooltip="Используется для укладки под сооружения."/>
	<item ingrediens="colonnade=1,quartz pavement=1" requiredItem="contractor" craftedItems="paved colonnade=1" image="pavedColonnade.png" soundPrefix="metal" type="" achievement="Вымощена колоннада !" onComplete="nothing" tooltip="Используется для изготовления школы."/>
	<item ingrediens="block of quartz=245" requiredItem="contractor" craftedItems="large dome=1" image="largeDome.png" soundPrefix="metal" type="" achievement="Большой купол построен !" onComplete="nothing" tooltip="Используется для изготовления павильона."/>
	<item ingrediens="column=8" requiredItem="quartz hog" craftedItems="quartz henge=1" image="quartzHenge.png" soundPrefix="metal" type="" achievement="Кварцевый купол построен !" onComplete="nothing" tooltip="Используется для изготовления павильона."/>
	<item ingrediens="quartz henge=1,large dome=1" requiredItem="contractor" craftedItems="pavilion=1" image="pavilion.png" soundPrefix="metal" type="" achievement="Павильон построен !" onComplete="nothing" tooltip="Используется для изготовления школы."/>
	<item ingrediens="quartz classrooms=2,paved colonnade=1,pavilion=1,brewing stand=1" requiredItem="contractor" craftedItems="apothecary school=1" image="apothecarySchool.png" soundPrefix="metal" type="" achievement="Школа аптекарей !" onComplete="beatLocation" tooltip="Входит в состав хогкварца."/>
	<item ingrediens="nothing=0" requiredItem="apothecary school" craftedItems="apothecary school exporter=1" image="apothecarySchool.png" soundPrefix="" type="" achievement="nothing" onComplete="navigateToUrl 1ItsIC" tooltip="Загрузка."/>
	<item ingrediens="wizard=1" requiredItem="apothecary school" craftedItems="apothecary=1" image="apothecary.png" soundPrefix="hand" type="" achievement="Апотекарий обучен !" onComplete="nothing" tooltip="Используется для изготовления зелий и взрывчатых веществ."/>
	<item ingrediens="nothing=0" requiredItem="hunter" craftedItems="ender pearl=1" image="enderPearl.png" soundPrefix="whoosh" type="grind" achievement="Жемчужина Эндера !" onComplete="nothing" tooltip="Используется для изготовления глаз эндера."/>
	<item ingrediens="blaze rod=1" requiredItem="apothecary" craftedItems="blaze powder=2" image="blazePowder.png" soundPrefix="whoosh" type="" achievement="Порошок пламени создан !" onComplete="nothing" tooltip="Используется для изготовления глаз эндера."/>
	<item ingrediens="blaze powder=1,ender pearl=1" requiredItem="apothecary" craftedItems="eye of ender=1" image="eyeOfEnder.png" soundPrefix="whoosh" type="" achievement="Глаз Эндера !" onComplete="nothing" tooltip="Используется для поиска твердынь."/>
	<item ingrediens="eye of ender=20" requiredItem="nothing" craftedItems="eyes of ender=1" image="eyesOfEnder.png" soundPrefix="whoosh" type="" achievement="Глаза Эндера !" onComplete="markMap Lie Bury-175-1002" tooltip="Используется для поиска и ремонта твердынь."/>
	<item ingrediens="nothing=0" requiredItem="nothing" craftedItems="miner=1" image="miner.png" soundPrefix="hand" type="" achievement="nothing" onComplete="automate cavern" tooltip="Заминировать пещеру."/>
	<item ingrediens="nothing=0" requiredItem="nothing" craftedItems="hunter=1" image="hunter.png" soundPrefix="hand" type="" achievement="nothing" onComplete="automate mobs" tooltip="Сражается с мобами."/>
	<item ingrediens="nothing=0" requiredItem="nothing" craftedItems="woodsman=1" image="woodsman.png" soundPrefix="hand" type="villager" achievement="nothing" onComplete="automate overworld" tooltip="Автоматизирует надмировую мясорубку."/>
	<item ingrediens="nothing=0" requiredItem="nothing" craftedItems="carpenter=1" image="carpenter.png" soundPrefix="hand" type="villager" achievement="nothing" onComplete="nothing" tooltip="Делает вещи из дерева."/>
	<item ingrediens="nothing=0" requiredItem="nothing" craftedItems="contractor=1" image="contractor.png" soundPrefix="hand" type="villager" achievement="nothing" onComplete="nothing" tooltip="Делает кварцевые постройки."/>
	<item ingrediens="nothing=0" requiredItem="nothing" craftedItems="speed potion=1" image="potion.png" soundPrefix="hand" type="" achievement="Зелье найдено !" onComplete="nothing" tooltip="Можно выпить."/>
	<item ingrediens="speed potion=1" requiredItem="nothing" craftedItems="use speed potion=1" image="usePotion.png" soundPrefix="hand" type="" achievement="Зелье выпито !" onComplete="speed 200" tooltip="Обладает ускоряющими свойствами."/>
	<item ingrediens="nothing=0" requiredItem="woodsman" craftedItems="sand=1" image="sand.png" soundPrefix="dirt" type="grind" achievement="Песок выкопан !" onComplete="nothing" tooltip="Делает столбик песка."/>
	<item ingrediens="nothing=0" requiredItem="miner" craftedItems="cobblestone=1" image="cobblestone.png" soundPrefix="metal" type="grind" achievement="nothing" onComplete="nothing" tooltip="Используется для строительства зданий."/>
	<item ingrediens="nothing=0" requiredItem="miner" craftedItems="flint=1" image="flint.png" soundPrefix="dirt" type="grind" achievement="nothing" onComplete="nothing" tooltip="Используется для изготовления стрел."/>
	<item ingrediens="nothing=0" requiredItem="miner" craftedItems="rail=1" image="rail.png" soundPrefix="metal" type="grind" achievement="nothing" onComplete="nothing" tooltip="Необходим для строительства железных дорог."/>
	<item ingrediens="nothing=0" requiredItem="miner" craftedItems="coal=1" image="coal.png" soundPrefix="metal" type="grind" achievement="nothing" onComplete="nothing" tooltip="Используется для выплавки слитков."/>
	<item ingrediens="nothing=0" requiredItem="miner" craftedItems="iron ore=1" image="ironOre.png" soundPrefix="metal" type="grind" achievement="nothing" onComplete="nothing" tooltip="Требуется для выплавки железных слитков."/>
	<item ingrediens="nothing=0" requiredItem="miner" craftedItems="gold ore=1" image="goldOre.png" soundPrefix="metal" type="grind" achievement="nothing" onComplete="nothing" tooltip="Требуется для выплавки золотых слитков."/>
	<item ingrediens="nothing=0" requiredItem="miner" craftedItems="diamond=1" image="diamond.png" soundPrefix="metal" type="grind" achievement="nothing" onComplete="nothing" tooltip="Используется для изготовления алмазных инструментов и предметов."/>
	<item ingrediens="nothing=0" requiredItem="miner" craftedItems="redstone=4" image="redstone.png" soundPrefix="metal" type="grind" achievement="nothing" onComplete="nothing" tooltip="Используется для изготовления устройств из красного камня."/>
	<item ingrediens="nothing=0" requiredItem="miner" craftedItems="obsidian=1" image="obsidian.png" soundPrefix="metal" type="grind" achievement="nothing" onComplete="nothing" tooltip="Используется для создания предметов из обсидиана."/>
	<item ingrediens="nothing=0" requiredItem="miner" craftedItems="bucket=1" image="bucket.png" soundPrefix="metal" type="grind" achievement="Ведро создано !" onComplete="nothing" tooltip="Требуется для получения воды и лавы."/>
	<item ingrediens="nothing=0" requiredItem="miner" craftedItems="gunpowder=1" image="gunpowder.png" soundPrefix="whoosh" type="grind" achievement="Порох !" onComplete="nothing" tooltip="Используется во взрывчатке"/>
	<item ingrediens="nothing=0" requiredItem="hunter" craftedItems="gold armor=1" image="goldArmor.png" soundPrefix="metal" type="grind" achievement="Золотые доспехи !" onComplete="nothing" tooltip="Используется для изготовления золотых солдат."/>
	<item ingrediens="nothing=0" requiredItem="hunter" craftedItems="gold sword=1" image="goldSword.png" soundPrefix="metal" type="grind" achievement="nothing" onComplete="nothing" tooltip="Нападает на мобов."/>
	<item ingrediens="nothing=0" requiredItem="hunter" craftedItems="iron armor=1" image="ironArmor.png" soundPrefix="metal" type="grind" achievement="Железные доспехи !" onComplete="nothing" tooltip="Для изготовления железных солдат."/>
	<item ingrediens="nothing=0" requiredItem="hunter" craftedItems="iron axe=1" image="ironAxe.png" soundPrefix="metal" type="grind" achievement="nothing" onComplete="nothing" tooltip="Рубит дерево."/>
	<item ingrediens="nothing=0" requiredItem="nothing" craftedItems="string=1" image="string.png" soundPrefix="whoosh" type="grind" achievement="nothing" onComplete="nothing" tooltip="Используется для изготовления поводьев."/>
	<item ingrediens="nothing=0" requiredItem="nothing" craftedItems="arrow=1" image="arrow.png" soundPrefix="whoosh" type="grind" achievement="nothing" onComplete="nothing" tooltip="Сочетается с луком."/>
	<item ingrediens="nothing=0" requiredItem="nothing" craftedItems="iron pick=1" image="ironPick.png" soundPrefix="metal" type="metal" achievement="nothing" onComplete="nothing" tooltip="Добывает золото."/>
	<item ingrediens="nothing=0" requiredItem="nothing" craftedItems="iron shovel=1" image="ironShovel.png" soundPrefix="metal" type="metal" achievement="nothing" onComplete="nothing" tooltip="Разгребает грязь и гравий."/>
	<item ingrediens="nothing=0" requiredItem="nothing" craftedItems="iron hoe=1" image="ironHoe.png" soundPrefix="metal" type="metal" achievement="nothing" onComplete="nothing" tooltip="Обрабатывает почву."/>
	<item ingrediens="nothing=0" requiredItem="nothing" craftedItems="iron sword=1" image="ironSword.png" soundPrefix="metal" type="metal" achievement="nothing" onComplete="nothing" tooltip="Нападает на мобов."/>
	<item ingrediens="nothing=0" requiredItem="nothing" craftedItems="gold pick=1" image="goldPick.png" soundPrefix="metal" type="metal" achievement="nothing" onComplete="nothing" tooltip="Добывает алмазы."/>
	<item ingrediens="nothing=0" requiredItem="nothing" craftedItems="gold shovel=1" image="goldShovel.png" soundPrefix="metal" type="metal" achievement="nothing" onComplete="nothing" tooltip="Разгребает грязь и гравий."/>
	<item ingrediens="nothing=0" requiredItem="nothing" craftedItems="gold axe=1" image="goldAxe.png" soundPrefix="metal" type="metal" achievement="nothing" onComplete="nothing" tooltip="Рубит дерево."/>
	<item ingrediens="nothing=0" requiredItem="nothing" craftedItems="gold hoe=1" image="goldHoe.png" soundPrefix="metal" type="metal" achievement="nothing" onComplete="nothing" tooltip="Обрабатывает почву."/>
	<item ingrediens="nothing=0" requiredItem="nothing" craftedItems="diamond pick=1" image="diamondPick.png" soundPrefix="metal" type="metal" achievement="nothing" onComplete="nothing" tooltip="Добывается быстрее."/>
	<item ingrediens="nothing=0" requiredItem="nothing" craftedItems="diamond shovel=1" image="diamondShovel.png" soundPrefix="metal" type="metal" achievement="nothing" onComplete="nothing" tooltip="Разгребает грязь и гравий."/>
	<item ingrediens="nothing=0" requiredItem="nothing" craftedItems="diamond sword=1" image="diamondSword.png" soundPrefix="metal" type="metal" achievement="nothing" onComplete="nothing" tooltip="Нападает на мобов."/>
	<item ingrediens="nothing=0" requiredItem="nothing" craftedItems="diamond axe=1" image="diamondAxe.png" soundPrefix="metal" type="metal" achievement="nothing" onComplete="nothing" tooltip="Рубит дерево."/>
	<item ingrediens="nothing=0" requiredItem="nothing" craftedItems="diamond hoe=1" image="diamondHoe.png" soundPrefix="metal" type="metal" achievement="nothing" onComplete="nothing" tooltip="Обрабатывает почву."/>
	<item ingrediens="coal=1,iron ore=1" requiredItem="furnace" craftedItems="iron ingot=1" image="ironIngot.png" soundPrefix="metal" type="metal" achievement="Железный слиток выплавлен !" onComplete="nothing" tooltip="Используется для изготовления железных инструментов и доспехов."/>
	<item ingrediens="coal=1,gold ore=1" requiredItem="furnace" craftedItems="gold ingot=1" image="goldIngot.png" soundPrefix="metal" type="metal" achievement="Золотой слиток выплавлен !" onComplete="nothing" tooltip="Используется для изготовления золотых инструментов и доспехов."/>
	<item ingrediens="nothing=0" requiredItem="nothing" craftedItems="city state=1" image="cityState.png" soundPrefix="" type="" achievement="Городское государство !" onComplete="nothing" tooltip="Хорошая работа."/>
	<item ingrediens="nothing=0" requiredItem="nothing" craftedItems="port=1" image="port.png" soundPrefix="wood" type="wood" achievement="Порт построен !" onComplete="nothing" tooltip="Необходима для плавания по Гриндкрафтии."/>
	<item ingrediens="nothing=0" requiredItem="nothing" craftedItems="portal sleigh=1" image="portalSleigh.png" soundPrefix="metal" type="" achievement="Портальные сани !" onComplete="nothing" tooltip="Используется для путешествия в недра."/>
</crafters>
	
</data>