<?xml version="1.0" encoding="utf-8" ?>
<data>
	
	<crafters>
		<item ingrediens="nothing=0" requiredItem="wood axe,stone axe,iron axe,gold axe,diamond axe" craftedItems="wood=1" image="wood.png" soundPrefix="wood" type="grind" achievement="nothing" onComplete="nothing" tooltip="Gebruikt om planken te maken."/>
		<item ingrediens="stick=2,planks=3" requiredItem="crafting table" craftedItems="wood pick=1" image="woodPick.png" soundPrefix="wood" type="" achievement="Houten tool gemaakt !" onComplete="nothing" tooltip="Ontgint steen en steenkool."/>
		<item ingrediens="stick=2,planks=1" requiredItem="crafting table" craftedItems="wood shovel=1" image="woodShovel.png" soundPrefix="wood" type="" achievement="Houten tool gemaakt !" onComplete="nothing" tooltip="Schept vuil en grind."/>
		<item ingrediens="stick=1,planks=2" requiredItem="crafting table" craftedItems="wood sword=1" image="woodSword.png" soundPrefix="wood" type="" achievement="Houten tool gemaakt !" onComplete="nothing" tooltip="Valt mobs aan."/>
		<item ingrediens="stick=2,planks=3" requiredItem="crafting table" craftedItems="wood axe=1" image="woodAxe.png" soundPrefix="wood" type="" achievement="Houten tool gemaakt !" onComplete="nothing" tooltip="Hakt hout."/>
		<item ingrediens="stick=2,planks=2" requiredItem="crafting table" craftedItems="wood hoe=1" image="woodHoe.png" soundPrefix="wood" type="" achievement="Houten tool gemaakt !" onComplete="nothing" tooltip="Bewerkt grond."/>
		<item ingrediens="nothing=0" requiredItem="wood pick,stone pick,iron pick,gold pick,diamond pick" craftedItems="cobblestone=1" image="cobblestone.png" soundPrefix="metal" type="grind" achievement="nothing" onComplete="nothing" tooltip="Gebruikt om gebouwen te maken."/>
		<item ingrediens="stick=2,cobblestone=1" requiredItem="crafting table" craftedItems="stone shovel=1" image="stoneShovel.png" soundPrefix="metal" type="stone" achievement="Stenen tool gemaakt !" onComplete="nothing" tooltip="Schept vuil en grind."/>
		<item ingrediens="stick=1,cobblestone=2" requiredItem="crafting table" craftedItems="stone sword=1" image="stoneSword.png" soundPrefix="metal" type="stone" achievement="Stenen tool gemaakt !" onComplete="nothing" tooltip="Valt mobs aan."/>
		<item ingrediens="stick=2,cobblestone=3" requiredItem="crafting table" craftedItems="stone axe=1" image="stoneAxe.png" soundPrefix="metal" type="stone" achievement="Stenen tool gemaakt !" onComplete="nothing" tooltip="Hakt hout."/>
		<item ingrediens="stick=2,cobblestone=2" requiredItem="crafting table" craftedItems="stone hoe=1" image="stoneHoe.png" soundPrefix="metal" type="stone" achievement="Stenen tool gemaakt !" onComplete="nothing" tooltip="Rust tuinmannen uit."/>
		<item ingrediens="stick=2,cobblestone=3" requiredItem="crafting table" craftedItems="stone pick=1" image="stonePick.png" soundPrefix="metal" type="stone" achievement="Stenen tool gemaakt !" onComplete="nothing" tooltip="Ontgint ijzererts."/>
		<item ingrediens="cobblestone=8" requiredItem="crafting table" craftedItems="furnace=1" image="furnace.png" soundPrefix="" type="" achievement="Oven gemaakt !" onComplete="nothing" tooltip="Nodig om ijzer en goud te smelten."/>
		<item ingrediens="iron ingot=3" requiredItem="crafting table" craftedItems="bucket=1" image="bucket.png" soundPrefix="metal" type="" achievement="Emmer gemaakt !" onComplete="nothing" tooltip="Nodig om water en lava te krijgen."/>
		<item ingrediens="nothing=0" requiredItem="wood pick,stone pick,iron pick,gold pick,diamond pick" craftedItems="coal=1" image="coal.png" soundPrefix="metal" type="grind" achievement="nothing" onComplete="nothing" tooltip="Gebruikt om staven te smelten."/>
		<item ingrediens="nothing=0" requiredItem="stone pick,iron pick,gold pick,diamond pick" craftedItems="iron ore=1" image="ironOre.png" soundPrefix="metal" type="grind" achievement="nothing" onComplete="nothing" tooltip="Gebruikt om ijzeren staven te smelten."/>
		<item ingrediens="coal=1,iron ore=1" requiredItem="furnace" craftedItems="iron ingot=1" image="ironIngot.png" soundPrefix="metal" type="metal" achievement="IJzeren staaf gesmolten !" onComplete="nothing" tooltip="Gebruikt om ijzeren tools en harnassen te maken."/>
		<item ingrediens="nothing=0" requiredItem="wood shovel,stone shovel,iron shovel,gold shovel,diamond shovel" craftedItems="dirt=1" image="dirt.png" soundPrefix="dirt" type="grind" achievement="nothing" onComplete="nothing" tooltip="Gebruikt om grond te maken."/>
		<item ingrediens="dirt=1" requiredItem="wood hoe,stone hoe,iron hoe,gold hoe,diamond hoe" craftedItems="soil=1" image="soil.png" soundPrefix="dirt" type="farm" achievement="nothing" onComplete="nothing" tooltip="Gebruikt om velden te maken om te planten."/>
		<item ingrediens="nothing=0" requiredItem="bucket" craftedItems="water=1" image="water.png" soundPrefix="wood" type="grind" achievement="nothing" onComplete="nothing" tooltip="Gebruikt om tuinen te maken."/>
		<item ingrediens="soil=8,water=1" requiredItem="nothing" craftedItems="plot=1" image="plot.png" soundPrefix="dirt" type="farm" achievement="nothing" onComplete="nothing" tooltip="Nodig om voedsel te kweken."/>
		<item ingrediens="nothing=0" requiredItem="wood sword,stone sword,iron sword,gold sword,diamond sword" craftedItems="seeds=1" image="seeds.png" soundPrefix="whoosh" type="grind" achievement="nothing" onComplete="nothing" tooltip="Gebruikt om tuinen te maken."/>
		<item ingrediens="plot=1,seeds=1" requiredItem="nothing" craftedItems="wheat field=1" image="wheatField.png" soundPrefix="dirt" type="farm" achievement="Tuin geplant !" onComplete="increase wheat" tooltip="Nodig om dorpelingen te maken."/>
		<item ingrediens="wood=1" requiredItem="nothing" craftedItems="planks=4" image="planks.png" soundPrefix="wood" type="wood" achievement="nothing" onComplete="nothing" tooltip="Gebruikt om tool en houten voorwerpen te maken."/>
		<item ingrediens="planks=4" requiredItem="nothing" craftedItems="crafting table=1" image="craftingTable.png" soundPrefix="wood" type="" achievement="Knutseltafel gemaakt !" onComplete="nothing" tooltip="Nodig om voorwerpen te maken."/>
		<item ingrediens="planks=2" requiredItem="nothing" craftedItems="stick=4" image="stick.png" soundPrefix="wood" type="wood" achievement="nothing" onComplete="nothing" tooltip="Gebruikt om tool en houten voorwerpen te maken."/>
		<item ingrediens="planks=4" requiredItem="crafting table" craftedItems="door=1" image="door.png" soundPrefix="wood" type="wood" achievement="nothing" onComplete="nothing" tooltip="Gebruikt met muren om woningen te bouwen."/>
		<item ingrediens="cobblestone=9" requiredItem="nothing" craftedItems="wall=1" image="wall.png" soundPrefix="" type="stone" achievement="Muur gebouwd !" onComplete="nothing" tooltip="Gebruikt met deuren om woningen te bouwen."/>
		<item ingrediens="wall=5,door=1" requiredItem="nothing" craftedItems="hut=1" image="hut.png" soundPrefix="" type="stone" achievement="Hut ! Hut ! Hut !" onComplete="nothing" tooltip="Gebruikt om dorpelingen en structuren te maken."/>
		<item ingrediens="hut=1,wheat field=1" requiredItem="nothing" craftedItems="villager=1" image="villager.png" soundPrefix="hand" type="villager" achievement="Dorpeling !" onComplete="nothing" tooltip="Kan zich specialiseren."/>
		<item ingrediens="villager=1,stone axe=1" requiredItem="nothing" craftedItems="woodsman=1" image="woodsman.png" soundPrefix="hand" type="villager" achievement="Houthakker !" onComplete="automate overworld,increase wood,increase grass,increase water" tooltip="Automatiseert overworld grinder.  Verhoogt hoeveelheid hout, gras en water."/>
		<item ingrediens="villager=1,stone pick=1" requiredItem="nothing" craftedItems="miner=1" image="miner.png" soundPrefix="hand" type="villager" achievement="Mijnwerker !" onComplete="automate mine,increase coal ore,increase iron ore,increase gold ore,increase diamond ore" tooltip="Automatiseert mijn grinder.  Verhoogt hoeveelheid erts."/>
		<item ingrediens="villager=1,stone hoe=1" requiredItem="nothing" craftedItems="gardener=1" image="gardener.png" soundPrefix="hand" type="villager" achievement="Tuinman !" onComplete="automate food" tooltip="Automatiseert voedsel grinder."/>
		<item ingrediens="villager=1,stone sword=1" requiredItem="nothing" craftedItems="hunter=1" image="hunter.png" soundPrefix="hand" type="villager" achievement="Jager !" onComplete="automate mobs,increase chicken,increase cow,increase sheep,increase horse,increase skeleton,increase witch,increase zombie villager,increase spider,increase slime" tooltip="Automatiseert mob grinder.  Verhoogt aantal mobs."/>
		<item ingrediens="planks=4,stick=2" requiredItem="crafting table" craftedItems="fence=3" image="fence.png" soundPrefix="wood" type="wood" achievement="Omheining gemaakt !" onComplete="nothing" tooltip="Gebruikt om hokken te bouwen."/>
		<item ingrediens="fence=9" requiredItem="crafting table" craftedItems="pen=1" image="pen.png" soundPrefix="wood" type="wood" achievement="Hok gebouwd !" onComplete="nothing" tooltip="Nodig om dorpelingen in slagers te veranderen."/>
		<item ingrediens="hunter=1,pen=1" requiredItem="nothing" craftedItems="butcher=1" image="butcher.png" soundPrefix="hand" type="villager" achievement="Slager !" onComplete="increase chicken,increase cow,increase sheep,increase horse" tooltip="Verhoogt het aantal dieren."/>
		<item ingrediens="planks=6" requiredItem="crafting table" craftedItems="stairs=4" image="stairs.png" soundPrefix="wood" type="wood" achievement="Trap gemaakt !" onComplete="nothing" tooltip="Gebruikt om daken te bouwen."/>
		<item ingrediens="stairs=3" requiredItem="nothing" craftedItems="rafter=1" image="rafter.png" soundPrefix="wood" type="wood" achievement="Balk gebouwd !" onComplete="nothing" tooltip="Gebruikt om daken te bouwen."/>
		<item ingrediens="rafter=2" requiredItem="nothing" craftedItems="truss=1" image="truss.png" soundPrefix="wood" type="wood" achievement="nothing" onComplete="nothing" tooltip="Gebruikt om daken te bouwen."/>
		<item ingrediens="truss=4" requiredItem="nothing" craftedItems="roof=1" image="roof.png" soundPrefix="wood" type="wood" achievement="Dak gebouwd !" onComplete="nothing" tooltip="Gebruikt om dorpsgebouwen te maken."/>
		<item ingrediens="roof=1,hut=1" requiredItem="nothing" craftedItems="village building=1" image="villageBuilding.png" soundPrefix="" type="" achievement="Dorpsgebouw !" onComplete="nothing" tooltip="Gebruikt om dorpsgebouwen te maken."/>
		<item ingrediens="plot=1,sugar cane=1" requiredItem="nothing" craftedItems="sugar cane field=1" image="sugarCaneField.png" soundPrefix="dirt" type="farm" achievement="Suiker riet !" onComplete="increase sugar cane" tooltip="Verhoogt hoeveelheid suikerriet."/>
		<item ingrediens="nothing=0" requiredItem="wood sword,stone sword,iron sword,gold sword,diamond sword" craftedItems="sugar cane=1" image="sugarCane.png" soundPrefix="whoosh" type="grind" achievement="nothing" onComplete="nothing" tooltip="Gebruikt om suiker en papier te maken."/>
		<item ingrediens="sugar cane=3" requiredItem="crafting table" craftedItems="paper=3" image="paper.png" soundPrefix="whoosh" type="" achievement="Papier pulp !" onComplete="nothing" tooltip="Gebruikt om boeken te maken."/>
		<item ingrediens="paper=3,leather=1" requiredItem="crafting table" craftedItems="book=1" image="book.png" soundPrefix="whoosh" type="" achievement="Boek gebonden !" onComplete="nothing" tooltip="Gebruikt om boekenkasten te maken."/>
		<item ingrediens="planks=6,book=3" requiredItem="crafting table" craftedItems="bookshelf=1" image="bookshelf.png" soundPrefix="wood" type="" achievement="Boekenplank gemaakt !" onComplete="nothing" tooltip="Gebruikt om boekenkasten te maken."/>
		<item ingrediens="bookshelf=4" requiredItem="nothing" craftedItems="bookcase=1" image="bookcase.png" soundPrefix="wood" type="" achievement="nothing" onComplete="nothing" tooltip="Gebruikt om bibliotheken te bouwen."/>
		<item ingrediens="village building=2,bookcase=2" requiredItem="nothing" craftedItems="library=1" image="library.png" soundPrefix="metal" type="" achievement="nothing" onComplete="nothing" tooltip="Gebruikt om dorpelingen op te leiden in ambachten."/>
		<item ingrediens="villager=1,crafting table=1" requiredItem="library" craftedItems="crafter=1" image="crafter.png" soundPrefix="hand" type="villager" achievement="Knutselaar afgestudeerd !" onComplete="nothing" tooltip="Kan zich specialiseren."/>
		<item ingrediens="crafter=1,stone pick=1" requiredItem="nothing" craftedItems="mason=1" image="mason.png" soundPrefix="hand" type="villager" achievement="Metselaar opgeleid !" onComplete="nothing" tooltip="Kan geavanceerde structuren bouwen"/>
		<item ingrediens="nothing=0" requiredItem="bucket" craftedItems="lava=1" image="lava.png" soundPrefix="wood" type="grind" achievement="nothing" onComplete="nothing" tooltip="Gebruikt om een lava poel te maken."/>
		<item ingrediens="cobblestone=12,lava=4" requiredItem="mason" craftedItems="lava pool=1" image="lavaPool.png" soundPrefix="" type="" achievement="Lava poel !" onComplete="nothing" tooltip="Gebruikt om een smederij te bouwen."/>
		<item ingrediens="village building=2,lava pool=1,furnace=1" requiredItem="nothing" craftedItems="forge=1" image="forge.png" soundPrefix="metal" type="" achievement="Smederij gebouwd !" onComplete="nothing" tooltip="Gebruikt om smelters op te leiden."/>
		<item ingrediens="crafter=1" requiredItem="forge" craftedItems="smelter=1" image="smelter.png" soundPrefix="metal" type="villager" achievement="Smelter getraind !" onComplete="autocraft iron ingot=.5,autocraft gold ingot" tooltip="Automatisch maken van ijzer en goudstaven."/>
		<item ingrediens="stick=2,iron ingot=3" requiredItem="crafting table" craftedItems="pitch fork=1" image="pitchFork.png" soundPrefix="metal" type="metal" achievement="IJzeren gereedschap knutselaar !" onComplete="nothing" tooltip="Gebruikt door landbouwers."/>
		<item ingrediens="crafter=1,pitch fork=1" requiredItem="nothing" craftedItems="farmer=1" image="farmer.png" soundPrefix="hand" type="villager" achievement="Landbouwer !" onComplete="nothing" tooltip="Maakt tuinen."/>
		<item ingrediens="stick=1,iron ingot=3" requiredItem="crafting table" craftedItems="saw=1" image="saw.png" soundPrefix="metal" type="metal" achievement="Zaag gemaakt !" onComplete="nothing" tooltip="Gebruikt door timmermannen."/>
		<item ingrediens="crafter=1,saw=1" requiredItem="nothing" craftedItems="carpenter=1" image="carpenter.png" soundPrefix="hand" type="villager" achievement="Timmerman opgeleid !" onComplete="nothing" tooltip="Maakt spullen uit hout."/>
		<item ingrediens="stairs=2" requiredItem="nothing" craftedItems="desk=1" image="desk.png" soundPrefix="wood" type="wood" achievement="nothing" onComplete="nothing" tooltip="Nodig om burgemeester te verkiezen."/>
		<item ingrediens="village building=2,desk=1,crafter=1" requiredItem="nothing" craftedItems="mayor=1" image="mayor.png" soundPrefix="hand" type="villager" achievement="Burgemeester verkozen !" onComplete="nothing" tooltip="Maakt allerlei Ambachtslieden."/>
		<item ingrediens="woodsman=1" requiredItem="mayor" craftedItems="villager=1" image="woodsmanDemote.png" soundPrefix="hand" type="" achievement="nothing" onComplete="deautomate overworld" tooltip="Ontsla een houthakker."/>
		<item ingrediens="miner=1" requiredItem="mayor" craftedItems="villager=1" image="minerDemote.png" soundPrefix="hand" type="" achievement="nothing" onComplete="deautomate mine" tooltip="Ontsla een mijnwerker."/>
		<item ingrediens="gardener=1" requiredItem="mayor" craftedItems="villager=1" image="gardenerDemote.png" soundPrefix="hand" type="" achievement="nothing" onComplete="deautomate food" tooltip="Ontsla een tuinman."/>
		<item ingrediens="hunter=1" requiredItem="mayor" craftedItems="villager=1" image="hunterDemote.png" soundPrefix="hand" type="" achievement="nothing" onComplete="deautomate mobs" tooltip="Ontsla een jager."/>
		<item ingrediens="butcher=1" requiredItem="mayor" craftedItems="villager=1" image="butcherDemote.png" soundPrefix="hand" type="" achievement="nothing" onComplete="deautomate mobs" tooltip="Ontsla een slager."/>
		<item ingrediens="dirt=8,water=1,seeds=1" requiredItem="farmer" craftedItems="wheat field=1" image="wheatField.png" soundPrefix="whoosh" type="" achievement="Tuin geplant !" onComplete="nothing" tooltip="Nodig om dorpelingen te maken."/>
		<item ingrediens="cobblestone=45,wood=1" requiredItem="mason" craftedItems="hut=1" image="hut.png" soundPrefix="metal" type="" achievement="Hut ! Hut ! Hut !" onComplete="nothing" tooltip="Nodig om dorpelingen te maken."/>
		<item ingrediens="stick=2,iron ingot=3" requiredItem="crafting table" craftedItems="iron pick=1" image="ironPick.png" soundPrefix="metal" type="metal" achievement="IJzeren gereedschap gemaakt !" onComplete="nothing" tooltip="Ontgint goud."/>
		<item ingrediens="stick=2,iron ingot=1" requiredItem="crafting table" craftedItems="iron shovel=1" image="ironShovel.png" soundPrefix="metal" type="metal" achievement="IJzeren gereedschap gemaakt !" onComplete="nothing" tooltip="Schept vuil en grind."/>
		<item ingrediens="stick=2,iron ingot=3" requiredItem="crafting table" craftedItems="iron axe=1" image="ironAxe.png" soundPrefix="metal" type="metal" achievement="IJzeren gereedschap gemaakt !" onComplete="nothing" tooltip="Hakt hout."/>
		<item ingrediens="stick=2,iron ingot=2" requiredItem="crafting table" craftedItems="iron hoe=1" image="ironHoe.png" soundPrefix="metal" type="metal" achievement="IJzeren gereedschap gemaakt !" onComplete="nothing" tooltip="Bewerkt grond."/>
		<item ingrediens="stick=1,iron ingot=2" requiredItem="crafting table" craftedItems="iron sword=1" image="ironSword.png" soundPrefix="metal" type="metal" achievement="IJzeren gereedschap gemaakt !" onComplete="nothing" tooltip="Valt mobs aan."/>
		<item ingrediens="wood=1" requiredItem="carpenter" craftedItems="stick=8" image="stick.png" soundPrefix="wood" type="wood" achievement="nothing" onComplete="nothing" tooltip="Gebruikt om tool en houten voorwerpen te maken."/>
		<item ingrediens="hut=1,wheat field=1,leather=1" requiredItem="mayor" craftedItems="leather worker=1" image="leatherWorker.png" soundPrefix="hand" type="villager" achievement="Leerbewerker !" onComplete="nothing" tooltip="Maakt lederen harnas."/>
		<item ingrediens="nothing=0" requiredItem="wood sword,stone sword,iron sword,gold sword,diamond sword" craftedItems="leather=1" image="leather.png" soundPrefix="metal" type="grind" achievement="nothing" onComplete="nothing" tooltip="Gebruikt om lederen harnas en zadels te maken."/>
		<item ingrediens="leather=5" requiredItem="leather worker" craftedItems="leather helmet=1" image="leatherHelmet.png" soundPrefix="whoosh" type="metal" achievement="Lederen helm !" onComplete="nothing" tooltip="Voor het maken van lederen soldaten."/>
		<item ingrediens="leather=8" requiredItem="leather worker" craftedItems="leather breastplate=1" image="leatherBreastplate.png" soundPrefix="whoosh" type="metal" achievement="Lederen borstplaat !" onComplete="nothing" tooltip="Voor het maken van lederen soldaten."/>
		<item ingrediens="leather=7" requiredItem="leather worker" craftedItems="leather leggings=1" image="leatherLeggings.png" soundPrefix="whoosh" type="metal" achievement="Lederen leggings !" onComplete="nothing" tooltip="Voor het maken van lederen soldaten."/>
		<item ingrediens="leather=4" requiredItem="leather worker" craftedItems="leather boots=1" image="leatherBoots.png" soundPrefix="whoosh" type="metal" achievement="Lederen laarzen !" onComplete="nothing" tooltip="Voor het maken van lederen soldaten."/>
		<item ingrediens="leather helmet=1,leather breastplate=1,leather leggings=1,leather boots=1" requiredItem="nothing" craftedItems="leather armor=1" image="leatherArmor.png" soundPrefix="whoosh" type="" achievement="Lederen harnas !" onComplete="nothing" tooltip="Voor het maken van lederen soldaten."/>
		<item ingrediens="hut=1,wheat field=1,iron sword=1" requiredItem="mayor" craftedItems="sergeant=1" image="sergeant.png" soundPrefix="hand" type="villager" achievement="Sergeant aangenomen !" onComplete="nothing" tooltip="Opleiden van jagers."/>
		<item ingrediens="hut=1,wheat field=1" requiredItem="sergeant" craftedItems="soldier=1" image="soldier.png" soundPrefix="hand" type="villager" achievement="Soldaat up !" onComplete="nothing" tooltip="Gebruikt om ijzeren soldaten te maken."/>
		<item ingrediens="leather armor=1,soldier=1" requiredItem="nothing" craftedItems="leather soldier=1" image="leatherSoldier.png" soundPrefix="hand" type="villager" achievement="Lederen soldaat !" onComplete="nothing" tooltip="Gebruikt om boogschutters op te leiden."/>
		<item ingrediens="hut=2,leather soldier=8" requiredItem="mason" craftedItems="barracks=1" image="barracks.png" soundPrefix="metal" type="" achievement="Kazerne gebouwd !" onComplete="nothing" tooltip="Gebruikt om een buitenpost te maken."/>
		<item ingrediens="iron ingot=9" requiredItem="crafting table" craftedItems="iron block=1" image="ironBlock.png" soundPrefix="metal" type="metal" achievement="IJzeren blok gemaakt !" onComplete="nothing" tooltip="Gebruikt om aambeelden te maken."/>
		<item ingrediens="iron block=3,iron ingot=3" requiredItem="crafting table" craftedItems="anvil=1" image="anvil.png" soundPrefix="metal" type="metal" achievement="Aambeeld gesmeed !" onComplete="nothing" tooltip="Gebruikt om smeden op te leiden."/>
		<item ingrediens="hut=1,wheat field=1,anvil=1" requiredItem="mayor" craftedItems="blacksmith=1" image="blacksmith.png" soundPrefix="hand" type="villager" achievement="Smid opgeleid !" onComplete="nothing" tooltip="Maakt harnassen."/>
		<item ingrediens="iron ingot=5" requiredItem="blacksmith" craftedItems="iron helmet=1" image="ironHelmet.png" soundPrefix="metal" type="metal" achievement="IJzeren helm !" onComplete="nothing" tooltip="Voor het maken van ijzeren soldaten."/>
		<item ingrediens="iron ingot=8" requiredItem="blacksmith" craftedItems="iron breastplate=1" image="ironBreastplate.png" soundPrefix="metal" type="metal" achievement="IJzeren borstplaat !" onComplete="nothing" tooltip="Voor het maken van ijzeren soldaten."/>
		<item ingrediens="iron ingot=7" requiredItem="blacksmith" craftedItems="iron leggings=1" image="ironLeggings.png" soundPrefix="metal" type="metal" achievement="IJzeren leggings !" onComplete="nothing" tooltip="Voor het maken van ijzeren soldaten."/>
		<item ingrediens="iron ingot=4" requiredItem="blacksmith" craftedItems="iron boots=1" image="ironBoots.png" soundPrefix="metal" type="metal" achievement="IJzeren laarzen !" onComplete="nothing" tooltip="Voor het maken van ijzeren soldaten."/>
		<item ingrediens="iron helmet=1,iron breastplate=1,iron leggings=1,iron boots=1" requiredItem="nothing" craftedItems="iron armor=1" image="ironArmor.png" soundPrefix="metal" type="metal" achievement="IJzeren harnas !" onComplete="nothing" tooltip="Voor het maken van ijzeren soldaten."/>
		<item ingrediens="iron armor=1,soldier=1" requiredItem="nothing" craftedItems="iron soldier=1" image="ironSoldier.png" soundPrefix="metal" type="villager" achievement="IJzeren man !" onComplete="nothing" tooltip="Onderdeel van een vuurteam."/>
		<item ingrediens="hut=1,wheat field=1,arrow=1" requiredItem="mayor" craftedItems="fletcher=1" image="fletcher.png" soundPrefix="hand" type="villager" achievement="Fletcher getraind !" onComplete="nothing" tooltip="Maakt bogen en pijlen."/>
		<item ingrediens="nothing=0" requiredItem="wood sword,stone sword,iron sword,gold sword,diamond sword" craftedItems="wool=1" image="wool.png" soundPrefix="whoosh" type="grind" achievement="nothing" onComplete="nothing" tooltip="Gebruikt om touw te maken."/>
		<item ingrediens="wool=1" requiredItem="nothing" craftedItems="string=4" image="string.png" soundPrefix="whoosh" type="" achievement="nothing" onComplete="nothing" tooltip="Gebruikt om bogen te maken."/>
		<item ingrediens="stick=3,string=3" requiredItem="fletcher" craftedItems="bow=1" image="bow.png" soundPrefix="wood" type="" achievement="Boog gemaakt !" onComplete="nothing" tooltip="Gecombineerd met pijlen."/>
		<item ingrediens="nothing=0" requiredItem="wood sword,stone sword,iron sword,gold sword,diamond sword" craftedItems="feather=1" image="feather.png" soundPrefix="whoosh" type="grind" achievement="nothing" onComplete="nothing" tooltip="Gebruikt om pijlen te maken."/>
		<item ingrediens="nothing=0" requiredItem="wood shovel,stone shovel,iron shovel,gold shovel,diamond shovel" craftedItems="flint=1" image="flint.png" soundPrefix="dirt" type="grind" achievement="nothing" onComplete="nothing" tooltip="Gebruikt om pijlen te maken."/>
		<item ingrediens="flint=1,stick=1,feather=1" requiredItem="fletcher" craftedItems="arrow=4" image="arrow.png" soundPrefix="whoosh" type="" achievement="Pijlen gemaakt !" onComplete="nothing" tooltip="Gecombineerd met boog."/>
		<item ingrediens="leather soldier=1,bow=1,arrow=8" requiredItem="nothing" craftedItems="archer=1" image="archer.png" soundPrefix="hand" type="villager" achievement="Boogschutter getraind !" onComplete="nothing" tooltip="Onderdeel van een vuurteam."/>
		<item ingrediens="iron soldier=2,archer=2" requiredItem="nothing" craftedItems="fire team=1" image="fireTeam.png" soundPrefix="metal" type="villager" achievement="Vuurteam getraind !" onComplete="nothing" tooltip="Bezet verkenningstoren."/>
		<item ingrediens="stick=7" requiredItem="crafting table" craftedItems="ladder=3" image="ladder.png" soundPrefix="wood" type="wood" achievement="Enkele ladders gemaakt !" onComplete="nothing" tooltip="Gebruikt met hutten om torens te bouwen."/>
		<item ingrediens="hut=2,ladder=6" requiredItem="mason" craftedItems="tower=1" image="tower.png" soundPrefix="metal" type="" achievement="Toren gebouwd !" onComplete="nothing" tooltip="Gebruikt om grotere structuren te bouwen."/>
		<item ingrediens="tower=1,fire team=1" requiredItem="mason" craftedItems="scout tower=1" image="scoutTower.png" soundPrefix="metal" type="" achievement="Verkenningstoren gebouwd !" onComplete="nothing" tooltip="Gebruikt om een buitenpost te maken."/>
		<item ingrediens="barracks=1,scout tower=2" requiredItem="mason" craftedItems="outpost=1" image="outpost.png" soundPrefix="metal" type="" achievement="Buitenpost gebouwd !" onComplete="nothing" tooltip="Gebruikt om een station te maken."/>
		<item ingrediens="nothing=0" requiredItem="outpost" craftedItems="outpost exporter=1" image="outpost.png" soundPrefix="" type="" achievement="nothing" onComplete="navigateToUrl 135Fmh" tooltip="Download."/>
		<item ingrediens="outpost=2" requiredItem="mason" craftedItems="station=1" image="station.png" soundPrefix="metal" type="" achievement="Station gebouwd !" onComplete="nothing" tooltip="Gebruikt om een fort te maken."/>
		<item ingrediens="hut=1,wheat field=1" requiredItem="station" craftedItems="governor=1" image="governor.png" soundPrefix="hand" type="villager" achievement="Gouverneur verkozen !" onComplete="nothing" tooltip="Gebruikt om geavanceerde ambachtslieden op te leiden."/>
		<item ingrediens="nothing=0" requiredItem="iron pick,gold pick,diamond pick" craftedItems="gold ore=1" image="goldOre.png" soundPrefix="metal" type="grind" achievement="nothing" onComplete="nothing" tooltip="Gebruikt om goudstaven te smelten."/>
		<item ingrediens="coal=1,gold ore=1" requiredItem="furnace" craftedItems="gold ingot=1" image="goldIngot.png" soundPrefix="metal" type="metal" achievement="Goudstaaf gesmolten !" onComplete="nothing" tooltip="Gebruikt om gouden tools en harnassen te maken."/>
		<item ingrediens="stick=2,gold ingot=3" requiredItem="crafting table" craftedItems="gold pick=1" image="goldPick.png" soundPrefix="metal" type="metal" achievement="Gouden tool gemaakt !" onComplete="nothing" tooltip="Ontgint diamanten."/>
		<item ingrediens="stick=2,gold ingot=1" requiredItem="crafting table" craftedItems="gold shovel=1" image="goldShovel.png" soundPrefix="metal" type="metal" achievement="Gouden tool gemaakt !" onComplete="nothing" tooltip="Schept vuil en grind."/>
		<item ingrediens="stick=1,gold ingot=2" requiredItem="crafting table" craftedItems="gold sword=1" image="goldSword.png" soundPrefix="metal" type="metal" achievement="Gouden tool gemaakt !" onComplete="nothing" tooltip="Valt mobs aan."/>
		<item ingrediens="stick=2,gold ingot=3" requiredItem="crafting table" craftedItems="gold axe=1" image="goldAxe.png" soundPrefix="metal" type="metal" achievement="Gouden tool gemaakt !" onComplete="nothing" tooltip="Hakt hout."/>
		<item ingrediens="stick=2,gold ingot=2" requiredItem="crafting table" craftedItems="gold hoe=1" image="goldHoe.png" soundPrefix="metal" type="metal" achievement="Gouden tool gemaakt !" onComplete="nothing" tooltip="Bewerkt grond."/>
		<item ingrediens="cobblestone=45,wood=1,dirt=8,water=1,seeds=1" requiredItem="governor" craftedItems="gold smith=1" image="goldSmith.png" soundPrefix="hand" type="villager" achievement="Goudsmid opgeleid !" onComplete="autocraft gold ingot=.33" tooltip="Gebruikt om gouden voorwerpen te maken."/>
		<item ingrediens="cobblestone=45,wood=1,dirt=8,water=1,seeds=1" requiredItem="governor" craftedItems="contractor=1" image="contractor.png" soundPrefix="hand" type="villager" achievement="Aannemer ingehuurd !" onComplete="nothing" tooltip="Maakt huizen."/>
		<item ingrediens="cobblestone=45,wood=1,dirt=8,water=1,seeds=1" requiredItem="governor" craftedItems="commander=1" image="commander.png" soundPrefix="hand" type="villager" achievement="Commandant opgeleid !" onComplete="nothing" tooltip="Maakt soldaten."/>
		<item ingrediens="cobblestone=180,wood=4,dirt=32,water=4,seeds=4" requiredItem="contractor" craftedItems="villager=4" image="villager.png" soundPrefix="hand" type="villager" achievement="Dorpeling !" onComplete="nothing" tooltip="Kan zich specialiseren."/>
		<item ingrediens="villager=4,wood=1,gold ingot=8" requiredItem="commander" craftedItems="soldier=4" image="soldier.png" soundPrefix="hand" type="villager" achievement="Soldaat up !" onComplete="nothing" tooltip="Gebruikt om gouden soldaten te maken."/>
		<item ingrediens="gold ingot=5" requiredItem="gold smith" craftedItems="gold helmet=1" image="goldHelmet.png" soundPrefix="metal" type="" achievement="Gouden helm !" onComplete="nothing" tooltip="Voor het maken van gouden soldaten."/>
		<item ingrediens="gold ingot=8" requiredItem="gold smith" craftedItems="gold breastplate=1" image="goldBreastplate.png" soundPrefix="metal" type="" achievement="Gouden borstplaat !" onComplete="nothing" tooltip="Voor het maken van gouden soldaten."/>
		<item ingrediens="gold ingot=7" requiredItem="gold smith" craftedItems="gold leggings=1" image="goldLeggings.png" soundPrefix="metal" type="" achievement="Gouden leggings !" onComplete="nothing" tooltip="Voor het maken van gouden soldaten."/>
		<item ingrediens="gold ingot=4" requiredItem="gold smith" craftedItems="gold boots=1" image="goldBoots.png" soundPrefix="metal" type="" achievement="Gouden laarzen !" onComplete="nothing" tooltip="Voor het maken van gouden soldaten."/>
		<item ingrediens="gold helmet=1,gold breastplate=1,gold leggings=1,gold boots=1" requiredItem="nothing" craftedItems="gold armor=1" image="goldArmor.png" soundPrefix="metal" type="" achievement="Gouden harnas !" onComplete="nothing" tooltip="Voor het maken van gouden soldaten."/>
		<item ingrediens="gold armor=1,soldier=1" requiredItem="nothing" craftedItems="gold soldier=1" image="goldSoldier.png" soundPrefix="hand" type="villager" achievement="Gouden soldaat !" onComplete="nothing" tooltip="Nodig om ridders op te leiden."/>
		<item ingrediens="cobblestone=25,gold soldier=1" requiredItem="contractor" craftedItems="outer wall=1" image="outerWall.png" soundPrefix="" type="" achievement="nothing" onComplete="nothing" tooltip="Gebruikt om een omwalling te bouwen."/>
		<item ingrediens="outer wall=3" requiredItem="contractor" craftedItems="rampart=1" image="rampart.png" soundPrefix="" type="" achievement="Omwalling gebouwd !" onComplete="nothing" tooltip="Nodig om een fort te bouwen."/>
		<item ingrediens="station=1,rampart=4" requiredItem="contractor" craftedItems="fort=1" image="fort.png" soundPrefix="" type="" achievement="Fort gebouwd !" onComplete="nothing" tooltip="Nodig om stallen te bouwen."/>
		<item ingrediens="nothing=0" requiredItem="fort" craftedItems="fort exporter=1" image="fort.png" soundPrefix="" type="" achievement="nothing" onComplete="navigateToUrl 135FhH" tooltip="Download."/>
		<item ingrediens="nothing=0" requiredItem="wood sword,stone sword,iron sword,gold sword,diamond sword" craftedItems="wheat=1" image="wheat.png" soundPrefix="whoosh" type="grind" achievement="nothing" onComplete="nothing" tooltip="Gebruikt om hooibalen te maken."/>
		<item ingrediens="wheat=9" requiredItem="nothing" craftedItems="hay bale=1" image="hayBale.png" soundPrefix="whoosh" type="" achievement="Hooi HOOI hooi !" onComplete="nothing" tooltip="Gebruikt in stallen en volières."/>
		<item ingrediens="wood=2" requiredItem="carpenter" craftedItems="fence=3" image="fence.png" soundPrefix="wood" type="wood" achievement="Omheining gemaakt !" onComplete="nothing" tooltip="Gebruikt om hokken te bouwen."/>
		<item ingrediens="fence=9" requiredItem="carpenter" craftedItems="pen=1" image="pen.png" soundPrefix="wood" type="wood" achievement="Hok gebouwd !" onComplete="nothing" tooltip="Gebruikt om stallen te maken."/>
		<item ingrediens="wood=3" requiredItem="carpenter" craftedItems="truss=1" image="truss.png" soundPrefix="wood" type="wood" achievement="nothing" onComplete="nothing" tooltip="Gebruikt om stallen te maken."/>
		<item ingrediens="truss=4" requiredItem="carpenter" craftedItems="roof=1" image="roof.png" soundPrefix="wood" type="" achievement="Dak gebouwd !" onComplete="nothing" tooltip="Gebruikt om stallen te maken."/>
		<item ingrediens="pen=1,roof=1,hay bale=1" requiredItem="carpenter" craftedItems="stall=1" image="stall.png" soundPrefix="wood" type="" achievement="nothing" onComplete="nothing" tooltip="Gebruikt om stallen te maken."/>
		<item ingrediens="stall=4" requiredItem="carpenter" craftedItems="stable=1" image="stable.png" soundPrefix="wood" type="" achievement="Paardenstal gebouwd !" onComplete="nothing" tooltip="Gebruikt om paarden te stallen."/>
		<item ingrediens="cobblestone=45,wood=1,dirt=8,water=1,seeds=1" requiredItem="governor" craftedItems="horse trainer=1" image="horseTrainer.png" soundPrefix="hand" type="villager" achievement="Paardentrainer !" onComplete="nothing" tooltip="Gebruikt om paarden op te leiden."/>
		<item ingrediens="nothing=0" requiredItem="wood sword,stone sword,iron sword,gold sword,diamond sword" craftedItems="slime ball=1" image="slimeBall.png" soundPrefix="hand" type="grind" achievement="nothing" onComplete="nothing" tooltip="Gebruikt om een leiband te maken."/>
		<item ingrediens="string=4,slime ball=1" requiredItem="horse trainer" craftedItems="lead=2" image="lead.png" soundPrefix="whoosh" type="" achievement="Lood gemaakt !" onComplete="nothing" tooltip="Gebruikt om paarden te vangen."/>
		<item ingrediens="iron ingot=1,string=1" requiredItem="blacksmith" craftedItems="stirrup=1" image="stirrup.png" soundPrefix="metal" type="" achievement="Stijgbeugel gemaakt !" onComplete="nothing" tooltip="Gebruikt om zadels te maken."/>
		<item ingrediens="stirrup=2,leather=3" requiredItem="leather worker" craftedItems="saddle=1" image="saddle.png" soundPrefix="whoosh" type="" achievement="Zadel gemaakt !" onComplete="nothing" tooltip="Gebruikt om paarden te temmen."/>
		<item ingrediens="nothing=0" requiredItem="lead" craftedItems="horse=1" image="horse.png" soundPrefix="hand" type="grind" achievement="nothing" onComplete="nothing" tooltip="Nodig om paarden te temmen."/>
		<item ingrediens="horse=1,saddle=1" requiredItem="horse trainer" craftedItems="tamed horse=1" image="tamedHorse.png" soundPrefix="" type="" achievement="Paard getemd !" onComplete="nothing" tooltip="Nodig voor oorlogspaarden."/>
		<item ingrediens="gold ingot=9" requiredItem="crafting table,gold smith" craftedItems="gold block=1" image="goldBlock.png" soundPrefix="metal" type="" achievement="Goudblok gemaakt !" onComplete="nothing" tooltip="Nodig voor harnas van oorlogspaard."/>
		<item ingrediens="tamed horse=1,gold block=4" requiredItem="gold smith" craftedItems="war horse=1" image="warHorse.png" soundPrefix="" type="" achievement="Oorlogspaard opgeleid !" onComplete="nothing" tooltip="Nodig om ridders op te leiden."/>
		<item ingrediens="gold soldier=1,war horse=1" requiredItem="stable" craftedItems="gold knight=1" image="goldKnight.png" soundPrefix="hand" type="villager" achievement="Gouden ridder !" onComplete="nothing" tooltip="Nodig om kasteel te bouwen."/>
		<item ingrediens="cobblestone=45,wood=1,roof=1" requiredItem="contractor" craftedItems="village building=1" image="villageBuilding.png" soundPrefix="wood" type="" achievement="Dorpsgebouw !" onComplete="nothing" tooltip="Nodig om vesting te bouwen."/>
		<item ingrediens="village building=4" requiredItem="contractor" craftedItems="keep=1" image="keep.png" soundPrefix="" type="" achievement="Vesting gebouwd !" onComplete="nothing" tooltip="Nodig om kasteel te bouwen."/>
		<item ingrediens="fort=1,keep=1,gold knight=4" requiredItem="contractor" craftedItems="castle=1" image="castle.png" soundPrefix="" type="" achievement="Kasteel gebouwd !" onComplete="nothing" tooltip="Nodig om volière te bouwen."/>
		<item ingrediens="nothing=0" requiredItem="castle" craftedItems="castle exporter=1" image="castle.png" soundPrefix="" type="" achievement="nothing" onComplete="navigateToUrl 135FIn" tooltip="Download."/>
		<item ingrediens="wood=1" requiredItem="carpenter" craftedItems="pressure plate=1" image="pressurePlate.png" soundPrefix="wood" type="" achievement="Drukplaat gemaakt !" onComplete="nothing" tooltip="Nodig om val te bouwen."/>
		<item ingrediens="sugar cane=1" requiredItem="crafting table" craftedItems="sugar=1" image="sugar.png" soundPrefix="whoosh" type="" achievement="Suiker geraffineerd !" onComplete="nothing" tooltip="Nodig om val te bouwen."/>
		<item ingrediens="wood=4,pressure plate=1,sugar=1" requiredItem="carpenter" craftedItems="trap=1" image="trap.png" soundPrefix="wood" type="" achievement="Val gebouwd !" onComplete="nothing" tooltip="Nodig om heks te vangen."/>
		<item ingrediens="cobblestone=90,wood=4" requiredItem="contractor" craftedItems="tower=1 " image="tower.png" soundPrefix="metal" type="" achievement="Toren gebouwd !" onComplete="nothing" tooltip="Nodig om kerk te bouwen."/>
		<item ingrediens="village building=2,tower=1,roof=1" requiredItem="contractor" craftedItems="church=1" image="church.png" soundPrefix="metal" type="" achievement="Kerk gebouwd !" onComplete="nothing" tooltip="Nodig om priester op te leiden."/>
		<item ingrediens="villager=1,book=1" requiredItem="church" craftedItems="priest=1" image="priest.png" soundPrefix="hand" type="villager" achievement="Priester opgeleid !" onComplete="nothing" tooltip="Nodig om heks te worden."/>
		<item ingrediens="nothing=0" requiredItem="trap" craftedItems="zombie villager=1" image="zombieVillager.png" soundPrefix="wood" type="grind" achievement="nothing" onComplete="nothing" tooltip="Wordt een dorpeling."/>
		<item ingrediens="zombie villager=1" requiredItem="priest" craftedItems="villager=1" image="villager.png" soundPrefix="hand" type="villager" achievement="Zombie dorpeling geworden !" onComplete="nothing" tooltip="Kan zich specialiseren."/>
		<item ingrediens="nothing=0" requiredItem="gold pick,diamond pick" craftedItems="diamond=1" image="diamond.png" soundPrefix="metal" type="grind" achievement="nothing" onComplete="nothing" tooltip="Gebruikt om diamanten tools en voorwerpen te maken."/>
		<item ingrediens="wood=2" requiredItem="carpenter" craftedItems="stick=16" image="stick.png" soundPrefix="wood" type="wood" achievement="nothing" onComplete="nothing" tooltip="Gebruikt om tool en houten voorwerpen te maken."/>
		<item ingrediens="stick=2,diamond=1" requiredItem="crafting table" craftedItems="diamond scepter=1" image="diamondScepter.png" soundPrefix="metal" type="metal" achievement="Scepter knutselaar !" onComplete="nothing" tooltip="Vastgehouden door koningen."/>
		<item ingrediens="villager=1,diamond scepter=1" requiredItem="castle" craftedItems="king=1" image="king.png" soundPrefix="hand" type="villager" achievement="Koning gekroond !" onComplete="nothing" tooltip="Nodig om een stadstaat te bouwen."/>
		<item ingrediens="villager=1,diamond=1" requiredItem="king" craftedItems="diamond smith=1" image="diamondSmith.png" soundPrefix="hand" type="villager" achievement="nothing" onComplete="nothing" tooltip="Nodig om diamanten harnas te maken."/>
		<item ingrediens="stick=2,diamond=3" requiredItem="crafting table" craftedItems="diamond pick=1" image="diamondPick.png" soundPrefix="metal" type="metal" achievement="Diamanten tool gemaakt !" onComplete="nothing" tooltip="Ontgint sneller."/>
		<item ingrediens="stick=2,diamond=1" requiredItem="crafting table" craftedItems="diamond shovel=1" image="diamondShovel.png" soundPrefix="metal" type="metal" achievement="Diamanten tool gemaakt !" onComplete="nothing" tooltip="Schept vuil en grind."/>
		<item ingrediens="stick=1,diamond=2" requiredItem="crafting table" craftedItems="diamond sword=1" image="diamondSword.png" soundPrefix="metal" type="metal" achievement="Diamanten tool gemaakt !" onComplete="nothing" tooltip="Valt mobs aan."/>
		<item ingrediens="stick=2,diamond=3" requiredItem="crafting table" craftedItems="diamond axe=1" image="diamondAxe.png" soundPrefix="metal" type="metal" achievement="Diamanten tool gemaakt !" onComplete="nothing" tooltip="Hakt hout."/>
		<item ingrediens="stick=2,diamond=2" requiredItem="crafting table" craftedItems="diamond hoe=1" image="diamondHoe.png" soundPrefix="metal" type="metal" achievement="Diamanten tool gemaakt !" onComplete="nothing" tooltip="Bewerkt grond."/>
		<item ingrediens="diamond=24" requiredItem="diamond smith" craftedItems="diamond armor=1" image="diamondArmor.png" soundPrefix="metal" type="" achievement="Diamanten harnas !" onComplete="nothing" tooltip="Voor het maken van diamanten soldaten."/>
		<item ingrediens="diamond armor=1,villager=1" requiredItem="king" craftedItems="diamond soldier=1" image="diamondSoldier.png" soundPrefix="metal" type="villager" achievement="Diamanten soldaat !" onComplete="nothing" tooltip="Nodig om vliegende ridders op te leiden."/>
		<item ingrediens="hay bale=8" requiredItem="nothing" craftedItems="nest=1" image="nest.png" soundPrefix="" type="" achievement="nothing" onComplete="nothing" tooltip="Nodig om volière te bouwen."/>
		<item ingrediens="tower=1,nest=1" requiredItem="castle" craftedItems="roost=1" image="roost.png" soundPrefix="" type="" achievement="Vogelrustplaats gebouwd !" onComplete="nothing" tooltip="Nodig om volière te bouwen."/>
		<item ingrediens="roost=4" requiredItem="castle" craftedItems="aviary=1" image="aviary.png" soundPrefix="" type="" achievement="Volière gebouwd !" onComplete="nothing" tooltip="Nodig om vliegende ridders op te leiden."/>
		<item ingrediens="nothing=0" requiredItem="trap" craftedItems="witch=1" image="witch.png" soundPrefix="wood" type="grind" achievement="nothing" onComplete="nothing" tooltip="Wordt een tovenaar."/>
		<item ingrediens="witch=1" requiredItem="nothing" craftedItems="redstone=1" image="redstone.png" soundPrefix="hand" type="" achievement="Ding Dong !" onComplete="nothing" tooltip="Nodig om een kompas te maken"/>
		<item ingrediens="witch=1" requiredItem="priest" craftedItems="wizard=1" image="wizard.png" soundPrefix="hand" type="villager" achievement="Tovenaar geworden !" onComplete="nothing" tooltip="Nodig om vliegende paarden te maken."/>
		<item ingrediens="horse=1,feather=6" requiredItem="wizard" craftedItems="flying horse=1" image="flyingHorse.png" soundPrefix="" type="" achievement="Paardenveren !" onComplete="nothing" tooltip="Nodig om vliegende ridders te maken."/>
		<item ingrediens="flying horse=1,saddle=1" requiredItem="aviary" craftedItems="tamed flying horse=1" image="tamedFlyingHorse.png" soundPrefix="" type="" achievement="nothing" onComplete="nothing" tooltip="Nodig om vliegende ridders op te leiden."/>
		<item ingrediens="diamond=9" requiredItem="crafting table" craftedItems="diamond block=1" image="diamondBlock.png" soundPrefix="metal" type="" achievement="Diamantblok !" onComplete="nothing" tooltip="Nodig om vliegende paarden te wapenen."/>
		<item ingrediens="tamed flying horse=1,diamond block=4" requiredItem="diamond smith" craftedItems="flying war horse=1" image="flyingWarHorse.png" soundPrefix="" type="" achievement="Vliegend oorlogspaard !" onComplete="nothing" tooltip="Nodig om vliegende ridders op te leiden."/>
		<item ingrediens="diamond soldier=1,flying war horse=1" requiredItem="nothing" craftedItems="flying knight=1" image="flyingKnight.png" soundPrefix="hand" type="villager" achievement="Vliegende ridder !" onComplete="nothing" tooltip="Nodig om een stadstaat te bouwen."/>
		<item ingrediens="flying knight=4" requiredItem="castle" craftedItems="city state=1" image="cityState.png" soundPrefix="" type="" achievement="Stadstaat !" onComplete="nothing" tooltip="Nodig om een scheepswerf te bouwen."/>
		<item ingrediens="nothing=0" requiredItem="city state" craftedItems="city state exporter=1" image="cityState.png" soundPrefix="" type="" achievement="nothing" onComplete="navigateToUrl 135FZo" tooltip="Download."/>
		<item ingrediens="redstone=1,iron ingot=4" requiredItem="crafting table" craftedItems="compass=1" image="compass.png" soundPrefix="metal" type="" achievement="Kompas gemaakt !" onComplete="nothing" tooltip="Nodig om een kaart te maken."/>
		<item ingrediens="sugar cane=4" requiredItem="crafting table" craftedItems="paper=4" image="paper.png" soundPrefix="whoosh" type="" achievement="Papier pulp !" onComplete="nothing" tooltip="Gebruikt om een kaart te maken."/>
		<item ingrediens="compass=1,paper=32" requiredItem="crafting table" craftedItems="map=1" image="map.png" soundPrefix="whoosh" type="" achievement="Kaart gemaakt !" onComplete="mapActive" tooltip="Nodig om de wereld te bevaren."/>
		<item ingrediens="dirt=216" requiredItem="nothing" craftedItems="fill dirt=1" image="fillDirt.png" soundPrefix="whoosh" type="" achievement="Vulgrond gedumpt !" onComplete="nothing" tooltip="Nodig om een zeewering te bouwen."/>
		<item ingrediens="fill dirt=4" requiredItem="nothing" craftedItems="sea wall=1" image="seaWall.png" soundPrefix="whoosh" type="" achievement="Zeewering gebouwd !" onComplete="nothing" tooltip="Nodig om een werf te bouwen."/>
		<item ingrediens="wood=1" requiredItem="carpenter" craftedItems="wood slab=6" image="woodSlab.png" soundPrefix="wood" type="wood" achievement="nothing" onComplete="nothing" tooltip="Nodig om een dek te bouwen."/>
		<item ingrediens="wood slab=9" requiredItem="nothing" craftedItems="deck=1" image="deck.png" soundPrefix="wood" type="wood" achievement="Dek gebouwd !" onComplete="nothing" tooltip="Nodig om pieren en schepen te bouwen."/>
		<item ingrediens="wood=4" requiredItem="carpenter" craftedItems="fence=6" image="fence.png" soundPrefix="wood" type="wood" achievement="Omheining gemaakt !" onComplete="nothing" tooltip="Gebruikt om hokken te bouwen."/>
		<item ingrediens="deck=1,fence=4" requiredItem="nothing" craftedItems="raised deck=1" image="raisedDeck.png" soundPrefix="wood" type="wood" achievement="nothing" onComplete="nothing" tooltip="Nodig om een werf te bouwen."/>
		<item ingrediens="sea wall=1,raised deck=3" requiredItem="nothing" craftedItems="warf=1" image="warf.png" soundPrefix="wood" type="wood" achievement="Werf gebouwd !" onComplete="nothing" tooltip="Nodig om een dok te bouwen."/>
		<item ingrediens="fence=3" requiredItem="nothing" craftedItems="post=1" image="post.png" soundPrefix="wood" type="wood" achievement="nothing" onComplete="nothing" tooltip="Nodig om een platform te bouwen."/>
		<item ingrediens="deck=1,post=4" requiredItem="nothing" craftedItems="platform=1" image="platform.png" soundPrefix="wood" type="wood" achievement="nothing" onComplete="nothing" tooltip="Nodig om een pier te bouwen."/>
		<item ingrediens="platform=3" requiredItem="nothing" craftedItems="pier=1" image="pier.png" soundPrefix="wood" type="wood" achievement="Pier gebouwd !" onComplete="nothing" tooltip="Nodig om een dok te bouwen."/>
		<item ingrediens="warf=1,pier=1" requiredItem="nothing" craftedItems="dock=1" image="dock.png" soundPrefix="wood" type="wood" achievement="Dok gebouwd !" onComplete="nothing" tooltip="Nodig om een scheepswerf te bouwen."/>
		<item ingrediens="dock=3,village building=2" requiredItem="city state" craftedItems="shipyard=1" image="shipyard.png" soundPrefix="wood" type="wood" achievement="Scheepswerf gebouwd !" onComplete="nothing" tooltip="Nodig om schepen te bouwen."/>
		<item ingrediens="wood=6" requiredItem="shipyard" craftedItems="stairs=16" image="stairs.png" soundPrefix="wood" type="wood" achievement="Trap gemaakt !" onComplete="nothing" tooltip="Gebruikt om daken te bouwen."/>
		<item ingrediens="stairs=6" requiredItem="shipyard" craftedItems="rib=1" image="rib.png" soundPrefix="wood" type="wood" achievement="nothing" onComplete="nothing" tooltip="Nodig om een boot casco te bouwen."/>
		<item ingrediens="wood=4" requiredItem="shipyard" craftedItems="log=1" image="log.png" soundPrefix="wood" type="wood" achievement="nothing" onComplete="nothing" tooltip="Nodig om een boot casco en een mast te bouwen."/>
		<item ingrediens="rib=6,log=1" requiredItem="shipyard" craftedItems="shell=1" image="shell.png" soundPrefix="wood" type="wood" achievement="Boot casco gebouwd !" onComplete="nothing" tooltip="Nodig om een romp te bouwen."/>
		<item ingrediens="shell=1,stairs=5" requiredItem="shipyard" craftedItems="ship bow=1" image="shipBow.png" soundPrefix="wood" type="wood" achievement="nothing" onComplete="nothing" tooltip="Nodig om een romp te bouwen."/>
		<item ingrediens="shell=1,stairs=4,planks=1" requiredItem="shipyard" craftedItems="stern=1" image="stern.png" soundPrefix="wood" type="wood" achievement="nothing" onComplete="nothing" tooltip="Nodig om een romp te bouwen."/>
		<item ingrediens="ship bow=1,stern=1" requiredItem="shipyard" craftedItems="hull=1" image="hull.png" soundPrefix="wood" type="wood" achievement="Boot romp gebouwd !" onComplete="nothing" tooltip="Nodig om een schuit te bouwen."/>
		<item ingrediens="wood=1" requiredItem="shipyard" craftedItems="planks=4" image="planks.png" soundPrefix="wood" type="wood" achievement="nothing" onComplete="nothing" tooltip="Gebruikt om tool en houten voorwerpen te maken."/>
		<item ingrediens="planks=24,deck=1" requiredItem="shipyard" craftedItems="forecastle=1" image="forecastle.png" soundPrefix="wood" type="wood" achievement="nothing" onComplete="nothing" tooltip="Nodig om een dekhuis te bouwen."/>
		<item ingrediens="wood=3" requiredItem="shipyard" craftedItems="cabin truss=1" image="truss.png" soundPrefix="wood" type="wood" achievement="nothing" onComplete="nothing" tooltip="Gebruikt om hutten te bouwen."/>
		<item ingrediens="cabin truss=6" requiredItem="shipyard" craftedItems="cabin roof=1" image="roof.png" soundPrefix="wood" type="" achievement="Dak gebouwd !" onComplete="nothing" tooltip="Gebruikt om hutten te bouwen."/>
		<item ingrediens="wood=1" requiredItem="shipyard" craftedItems="cabin door=1" image="door.png" soundPrefix="wood" type="wood" achievement="nothing" onComplete="nothing" tooltip="Gebruikt om hutten te bouwen."/>
		<item ingrediens="planks=45,cabin roof=1,cabin door=1" requiredItem="shipyard" craftedItems="cabin=1" image="cabin.png" soundPrefix="wood" type="wood" achievement="nothing" onComplete="nothing" tooltip="Nodig om een dekhuis te bouwen."/>
		<item ingrediens="forecastle=1,cabin=1,deck=1" requiredItem="shipyard" craftedItems="deckhouse=1" image="deckhouse.png" soundPrefix="wood" type="wood" achievement="nothing" onComplete="nothing" tooltip="Nodig om een schuit te bouwen."/>
		<item ingrediens="hull=1,deckhouse=1" requiredItem="shipyard" craftedItems="barge=1" image="barge.png" soundPrefix="wood" type="wood" achievement="Schuit gebouwd !" onComplete="nothing" tooltip="Nodig om een schip te bouwen."/>
		<item ingrediens="wool=6,log=1" requiredItem="shipyard" craftedItems="upper sail=1" image="upperSail.png" soundPrefix="wood" type="wood" achievement="Zeil gebouwd !" onComplete="nothing" tooltip="Nodig om een mast te bouwen."/>
		<item ingrediens="wool=28,log=2" requiredItem="shipyard" craftedItems="main sail=1" image="mainSail.png" soundPrefix="wood" type="wood" achievement="Zeil gebouwd !" onComplete="nothing" tooltip="Nodig om een mast te bouwen."/>
		<item ingrediens="log=4,upper sail=1,main sail=1" requiredItem="shipyard" craftedItems="mast=1" image="mast.png" soundPrefix="wood" type="wood" achievement="Mast gebouwd !" onComplete="nothing" tooltip="Nodig om een schip te bouwen."/>
		<item ingrediens="planks=12,deck=1" requiredItem="shipyard" craftedItems="lookout=1" image="lookout.png" soundPrefix="wood" type="wood" achievement="nothing" onComplete="nothing" tooltip="Nodig om een schip te bouwen."/>
		<item ingrediens="barge=1,mast=1,lookout=1" requiredItem="shipyard" craftedItems="ship=1" image="ship.png" soundPrefix="wood" type="wood" achievement="Schip gebouwd !" onComplete="nothing" tooltip="Nodig om een vloot te vormen."/>
		<item ingrediens="ship=3" requiredItem="map" craftedItems="port=1" image="port.png" soundPrefix="wood" type="wood" achievement="Haven opgericht !" onComplete="markMap Trading Post-966-426,beatLocation" tooltip="Nodig om rond Grindcraftia te varen."/>
		<item ingrediens="nothing=0" requiredItem="port" craftedItems="port exporter=1" image="port.png" soundPrefix="" type="" achievement="nothing" onComplete="navigateToUrl 1ABDd8" tooltip="Download."/>
		</crafters>
	
	<grinds>
		<item name="hand" img="hand.png" drops="hand=1" dependency="none" timeToBreak="" achievement=""></item>
		<item name="wood" img="wood.png" drops="wood=1" dependency="hand,wood axe,stone axe,woodsman,iron axe,gold axe,diamond axe" timeToBreak="3,1.5,0.75,0.74,0.5,0.375,0.1875" achievement="Boom geslagen !"></item>
		<item name="grass" img="grass.png" drops="seeds=1" dependency="wood sword,stone sword,woodsman,iron sword,gold sword,diamond sword" timeToBreak=".5,.4,.3,.2,.1,.05" achievement="Gras verplaatst !"></item>
		<item name="dirt" img="dirt.png" drops="dirt=1" dependency="wood shovel,stone shovel,woodsman,iron shovel,gold shovel,diamond shovel" timeToBreak="0.375,0.1875,0.1874,0.125,0.0938,0.06" achievement=""></item>
		<item name="water" img="water.png" drops="water=1" dependency="bucket,woodsman" timeToBreak="0.125,0.1875" achievement=""></item>
		<item name="lava" img="lava.png" drops="lava=1" dependency="bucket,miner" timeToBreak="0.05,0.05" achievement=""></item>
		<item name="gravel" img="gravel.png" drops="flint=.1" dependency="wood shovel,stone shovel,miner,iron shovel,gold shovel,diamond shovel" timeToBreak="0.45,0.225,0.224,0.15,0.1125,0.08" achievement=""></item>
		<item name="stone" img="stone.png" drops="cobblestone=1" dependency="wood pick,stone pick,miner,iron pick,gold pick,diamond pick" timeToBreak="1.125,0.5625,0.5624,0.375,0.2813,0.19" achievement="Steen verwekt !"></item>
		<item name="coal ore" img="coalOre.png" drops="coal=1" dependency="wood pick,stone pick,miner,iron pick,gold pick,diamond pick" timeToBreak="2.25,1.125,1.124,0.75,0.5625,0.25" achievement="Gewerkt in een kolenmijn!!"></item>
		<item name="iron ore" img="ironOre.png" drops="iron ore=1" dependency="stone pick,miner,iron pick,gold pick,diamond pick" timeToBreak="1.25,1.24,1.125,0.75,0.4" achievement=""></item>
		<item name="gold ore" img="goldOre.png" drops="gold ore=1" dependency="iron pick,miner,gold pick,diamond pick" timeToBreak="1.25,1.8,0.75,0.5" achievement="Goud !"></item>
		<item name="diamond ore" img="diamondOre.png" drops="diamond=1" dependency="gold pick,miner,diamond pick" timeToBreak="0.75,1.8,0.5" achievement=""></item>
		<item name="sugar cane" img="sugarCane.png" drops="sugar cane=1" dependency="wood sword,stone sword,gardener,iron sword,gold sword,diamond sword" timeToBreak="0.38,0.36,0.34,0.3,0.25,0.19" achievement=""></item>
		<item name="wheat" img="wheat.png" drops="wheat=.66,seeds=.33" dependency="wood sword,stone sword,gardener,iron sword,gold sword,diamond sword" timeToBreak="0.38,0.36,0.34,0.3,0.25,0.19" achievement=""></item>
		<item name="zombie" img="zombie.png" drops="nothing=0" dependency="wood sword,stone sword,hunter,iron sword,gold sword,diamond sword" timeToBreak="2.5,2.49,2.48,2.08,1.79,1" achievement=""></item>
		<item name="skeleton" img="skeleton.png" drops="arrow=0.5" dependency="wood sword,stone sword,hunter,iron sword,gold sword,diamond sword" timeToBreak="2.2,2.19,2.18,1.83,1.57,1" achievement=""></item>
		<item name="witch" img="witch.png" drops="witch=4" dependency="trap" timeToBreak="3" achievement=""></item>
		<item name="zombie villager" img="zombieVillager.png" drops="zombie villager=4" dependency="trap" timeToBreak="1.67" achievement=""></item>
		<item name="spider" img="spider.png" drops="string=0.5" dependency="wood sword,stone sword,hunter,iron sword,gold sword,diamond sword" timeToBreak="1.8,1.79,1.78,1.5,1.29,1" achievement=""></item>
		<item name="slime" img="slime.png" drops="slime ball=0.5" dependency="wood sword,stone sword,hunter,butcher,iron sword,gold sword,diamond sword" timeToBreak="1,0.99,0.98,0.97,0.83,0.714,0.638" achievement=""></item>
		<item name="chicken" img="chicken.png" drops="feather=0.5" dependency="wood sword,stone sword,hunter,butcher,iron sword,gold sword,diamond sword" timeToBreak="0.4,.39,.38,.37,.33,.286,.26" achievement=""></item>
		<item name="cow" img="cow.png" drops="leather=2" dependency="wood sword,stone sword,hunter,butcher,iron sword,gold sword,diamond sword" timeToBreak="1,.99,.98,.97,.83,.714,.638" achievement=""></item>
		<item name="pig" img="pig.png" drops="nothing=0" dependency="wood sword,stone sword,hunter,butcher,iron sword,gold sword,diamond sword" timeToBreak="1,.99,.98,.97,.83,.714,.638" achievement=""></item>
		<item name="sheep" img="sheep.png" drops="wool=0.5" dependency="wood sword,stone sword,hunter,butcher,iron sword,gold sword,diamond sword" timeToBreak=".8,.79,.78,.77,.667,.57,.5" achievement=""></item>
		<item name="horse" img="horse.png" drops="horse=1" dependency="lead" timeToBreak="1" achievement=""></item>
	</grinds>
	
	<grinders>
		<item name="overworld" generates="wood,grass,dirt,water" occurance="29,4,65,4" img="overworld.png" maxIncrease="0"></item>
		<item name="mine" generates="stone,gravel,coal ore,iron ore,gold ore,diamond ore,lava" occurance="100,10,14,4,3,1,5" img="mine.png" maxIncrease="0"></item>
		<item name="food" generates="nothing,sugar cane,wheat" occurance="remainder,2,2" img="food.png" maxIncrease="0"></item>
		<item name="mobs" generates="nothing,chicken,cow,pig,sheep,horse,zombie,skeleton,witch,zombie villager,spider,slime" occurance="remainder,1.75,3,1.75,1.75,1.75,1.75,1.75,1.75,1.75,1.75,0.5" img="mobs.png" maxIncrease="0"></item>
	</grinders>
		
	
	
</data>