<?xml version="1.0" encoding="utf-8" ?>
<data>
	<grinders>
		<item name="nether sleigh" generates="zombie pigman,nether quartz ore,blaze,nether wart,ghast" occurance="1.75,10,1.75,1,1.75" img="netherSleighGrinder.png" maxIncrease="5"/>
		<item name="overworld" generates="wood,sand,sugar cane,dirt,water" occurance="4,65,29,32,65" img="overworld.png" maxIncrease="5"/>
		<item name="cavern" generates="stone,gravel,coal ore,iron ore,gold ore,diamond ore,redstone ore,obsidian" occurance="5,1,6,4,2,1,4,2" img="mine.png" maxIncrease="5"/>
		<item name="mobs" generates="pig,sheep,cow,zombie,skeleton,spider" occurance="1.75,1.75,1.75,1.75,1.75,1.75" img="mobs.png" maxIncrease="5"/>
	</grinders>
		
	<grinds>
		<item name="zombie pigman" img="zombiePigman.png" drops="zombie pigman=1" dependency="portal sleigh" timeToBreak="2.49" achievement=""/>
		<item name="nether quartz ore" img="netherQuartzOre.png" drops="nether quartz=1" dependency="quartz hog" timeToBreak="1" achievement=""/>
		<item name="nether quartz" img="netherQuartz.png" drops="" dependency="" timeToBreak="" achievement=""/>
		<item name="blaze" img="blaze.png" drops="blaze rod=.5" dependency="portal sleigh" timeToBreak="5" achievement=""/>
		<item name="blaze rod" img="blazeRod.png" drops="" dependency="" timeToBreak="" achievement=""/>
		<item name="ghast" img="ghast.png" drops="gunpowder=1" dependency="portal sleigh" timeToBreak="4.5" achievement=""/>
		<item name="gunpowder" img="gunpowder.png" drops="" dependency="" timeToBreak="" achievement=""/>
		<item name="nether wart" img="netherWart.png" drops="nether wart=1" dependency="portal sleigh" timeToBreak="0.5" achievement=""/>
		<item name="wood" img="wood.png" drops="wood=1" dependency="woodsman" timeToBreak="0.74" achievement=""/>
		<item name="sand" img="sand.png" drops="sand=1" dependency="woodsman" timeToBreak="0.1874" achievement=""/>
		<item name="sugar cane" img="sugarCane.png" drops="sugar=1" dependency="woodsman" timeToBreak="0.5" achievement=""/>
		<item name="sugar" img="sugar.png" drops="" dependency="" timeToBreak="" achievement=""/>
		<item name="dirt" img="dirt.png" drops="nothing=0" dependency="woodsman" timeToBreak="0.1874" achievement=""/>
		<item name="water" img="water.png" drops="nothing=0" dependency="woodsman" timeToBreak="0.1875" achievement=""/>
		<item name="stone" img="stone.png" drops="cobblestone=1" dependency="woodsman" timeToBreak="0.5624" achievement=""/>
		<item name="cobblestone" img="cobblestone.png" drops="" dependency="" timeToBreak="" achievement=""/>
		<item name="gravel" img="gravel.png" drops="flint=.1" dependency="woodsman" timeToBreak="0.224" achievement=""/>
		<item name="flint" img="flint.png" drops="" dependency="" timeToBreak="" achievement=""/>
		<item name="coal ore" img="coalOre.png" drops="coal=1" dependency="miner" timeToBreak="0.75" achievement=""/>
		<item name="coal" img="coal.png" drops="" dependency="" timeToBreak="" achievement=""/>
		<item name="iron ore" img="ironOre.png" drops="iron ore=1" dependency="miner" timeToBreak="1.125" achievement=""/>
		<item name="gold ore" img="goldOre.png" drops="gold ore=1" dependency="miner" timeToBreak="1.8" achievement=""/>
		<item name="diamond ore" img="diamondOre.png" drops="diamond=1" dependency="miner" timeToBreak="1.8" achievement=""/>
		<item name="diamond" img="diamond.png" drops="" dependency="" timeToBreak="" achievement=""/>
		<item name="redstone ore" img="redstoneOre.png" drops="redstone=4" dependency="miner" timeToBreak="1.125" achievement=""/>
		<item name="redstone" img="redstone.png" drops="" dependency="" timeToBreak="" achievement=""/>
		<item name="obsidian" img="obsidian.png" drops="obsidian=1" dependency="miner" timeToBreak="5" achievement=""/>
		<item name="pig" img="pig.png" drops="nothing=0" dependency="hunter" timeToBreak="0.98" achievement=""/>
		<item name="sheep" img="sheep.png" drops="nothing=0" dependency="hunter" timeToBreak="0.78" achievement=""/>
		<item name="cow" img="cow.png" drops="leather=2" dependency="hunter" timeToBreak="1" achievement=""/>
		<item name="leather" img="leather.png" drops="" dependency="" timeToBreak="" achievement=""/>
		<item name="zombie" img="zombie.png" drops="nothing=0" dependency="hunter" timeToBreak="2.48" achievement=""/>
		<item name="skeleton" img="skeleton.png" drops="arrow=.5" dependency="hunter" timeToBreak="2.18" achievement=""/>
		<item name="arrow" img="arrow.png" drops="" dependency="" timeToBreak="" achievement=""/>
		<item name="spider" img="spider.png" drops="string=.5" dependency="hunter" timeToBreak="1.78" achievement=""/>
		<item name="string" img="string.png" drops="" dependency="" timeToBreak="" achievement=""/>
	</grinds>
	
	<crafters>
		<item ingrediens="nothing=0" requiredItem="nether sleigh" craftedItems="zombie pigman=1" image="zombiePigman.png" soundPrefix="hand" type="grind" achievement="Zombie varkensman gevangen !" onComplete="nothing" tooltip="Nodig om zombie varkensman te worden."/>
		<item ingrediens="nothing=0" requiredItem="nothing" craftedItems="priest=1" image="priest.png" soundPrefix="hand" type="" achievement="nothing" onComplete="autocraft pigman=1" tooltip="Nodig om zombie varkensman te worden."/>
		<item ingrediens="zombie pigman=1" requiredItem="priest" craftedItems="pigman=1" image="pig.png" soundPrefix="" type="" achievement="Chinny chin chin !" onComplete="nothing" tooltip="Kan dingen bouwen."/>
		<item ingrediens="pigman=1" requiredItem="nothing" craftedItems="pigman worker=1" image="pigmanWorker.png" soundPrefix="hand" type="" achievement="Varkensman opgeleid !" onComplete="automate nether sleigh" tooltip="Nodig om een kwarts zwijn te maken."/>
		<item ingrediens="nothing=0" requiredItem="nothing" craftedItems="wizard=1" image="wizard.png" soundPrefix="hand" type="villager" achievement="nothing" onComplete="nothing" tooltip="Verandert varkensman werkers in kwarts zwijnen."/>
		<item ingrediens="pigman worker=1" requiredItem="wizard" craftedItems="quartz hog=1" image="quartzHog.png" soundPrefix="hand" type="" achievement="Kwarts varken opgeleid !" onComplete="autocraft block of quartz=.5" tooltip="Nodig om nether kwartserts te ontginnen."/>
		<item ingrediens="nothing=0" requiredItem="quartz hog" craftedItems="nether quartz=1" image="netherQuartz.png" soundPrefix="metal" type="grind" achievement="Nether kwarts ontgonnen !" onComplete="nothing" tooltip="Maakt een blok kwarts."/>
		<item ingrediens="nether quartz=4" requiredItem="quartz hog" craftedItems="block of quartz=1" image="blockOfQuartz.png" soundPrefix="metal" type="" achievement="Blok kwarts gemaakt !" onComplete="nothing" tooltip="Nodig om structuren van kwarts te maken."/>
		<item ingrediens="block of quartz=9" requiredItem="contractor" craftedItems="quartz wall=1" image="quartzWall.png" soundPrefix="metal" type="" achievement="Kwarts muur gebouwd !" onComplete="nothing" tooltip="Nodig om kamers van kwarts te maken."/>
		<item ingrediens="quartz wall=5" requiredItem="contractor" craftedItems="quartz hut=1" image="quartzHut.png" soundPrefix="metal" type="" achievement="Kwarts hut gebouwd !" onComplete="nothing" tooltip="Nodig om grotere structuren te maken."/>
		<item ingrediens="bookcase=15" requiredItem="nothing" craftedItems="ton of books=1" image="tonOfBooks.png" soundPrefix="wood" type="" achievement="Ton boeken !" onComplete="nothing" tooltip="Gebruikt om boeken te transporteren."/>
		<item ingrediens="ton of books=1" requiredItem="nothing" craftedItems="bookshelf=72" image="bookshelf.png" soundPrefix="wood" type="" achievement="Ton boeken gedumpt !" onComplete="nothing" tooltip="Dumpt een ton boeken."/>
		<item ingrediens="bookshelf=12" requiredItem="carpenter" craftedItems="book stacks=1" image="bookStacks.png" soundPrefix="wood" type="" achievement="Boekenstapels !" onComplete="nothing" tooltip="Gebruikt om een bibliotheek te maken."/>
		<item ingrediens="quartz hut=1,book stacks=1" requiredItem="contractor" craftedItems="library room=1" image="libraryRoom.png" soundPrefix="metal" type="" achievement="Bibliotheekkamer gebouwd !" onComplete="nothing" tooltip="Gebruikt om kwarts klaslokalen te maken."/>
		<item ingrediens="block of quartz=6" requiredItem="quartz hog" craftedItems="quartz stairs=4" image="quartzStairs.png" soundPrefix="metal" type="" achievement="Kwarts trap gemaakt !" onComplete="nothing" tooltip="Gebruikt om dingen van kwarts te maken."/>
		<item ingrediens="nothing=0" requiredItem="woodsman" craftedItems="wood=1" image="wood.png" soundPrefix="wood" type="grind" achievement="nothing" onComplete="nothing" tooltip="Gebruikt om planken en boomstammen te maken."/>
		<item ingrediens="wood=1" requiredItem="carpenter" craftedItems="planks=4" image="planks.png" soundPrefix="wood" type="" achievement="nothing" onComplete="nothing" tooltip="Gebruikt om spullen van hout te maken."/>
		<item ingrediens="planks=2" requiredItem="carpenter" craftedItems="stick=4" image="stick.png" soundPrefix="wood" type="" achievement="nothing" onComplete="nothing" tooltip="Gebruikt om een poort te maken."/>
		<item ingrediens="planks=4,stick=1" requiredItem="carpenter" craftedItems="sign=3" image="sign.png" soundPrefix="wood" type="" achievement="Borden gemaakt !" onComplete="nothing" tooltip="Gebruikt om een schoolbord te maken."/>
		<item ingrediens="sign=6" requiredItem="carpenter" craftedItems="chalkboard=1" image="chalkboard.png" soundPrefix="wood" type="" achievement="Schoolbord gebouwd !" onComplete="nothing" tooltip="Gebruikt in klaslokalen."/>
		<item ingrediens="quartz hut=1,quartz stairs=2,chalkboard=1" requiredItem="contractor" craftedItems="classroom=1" image="classroom.png" soundPrefix="metal" type="" achievement="Klaslokaal gebouwd !" onComplete="nothing" tooltip="Gebruikt om kwarts klaslokalen te maken."/>
		<item ingrediens="nothing=0" requiredItem="nether sleigh" craftedItems="blaze rod=1" image="blazeRod.png" soundPrefix="metal" type="grind" achievement="Blaze staaf !" onComplete="nothing" tooltip="Gebruikt om toverdranken te maken."/>
		<item ingrediens="cobblestone=3,blaze rod=1" requiredItem="nothing" craftedItems="brewing stand=1" image="brewingStand.png" soundPrefix="whoosh" type="" achievement="Brouwstandaard gemaakt !" onComplete="nothing" tooltip="Nodig om apothekersschool te maken."/>
		<item ingrediens="quartz stairs=2" requiredItem="quartz hog" craftedItems="quartz table=1" image="quartzTable.png" soundPrefix="metal" type="" achievement="Kwarts tafel gebouwd !" onComplete="nothing" tooltip="Gebruikt in laboratoria."/>
		<item ingrediens="quartz hut=1,quartz table=1,chalkboard=1" requiredItem="contractor" craftedItems="lab=1" image="lab.png" soundPrefix="metal" type="" achievement="Lab gebouwd !" onComplete="nothing" tooltip="Gebruikt om kwarts klaslokalen te maken."/>
		<item ingrediens="block of quartz=3" requiredItem="quartz hog" craftedItems="quartz slab=6" image="quartzSlab.png" soundPrefix="metal" type="" achievement="Kwartsplaat gemaakt !" onComplete="nothing" tooltip="Gebruikt om een spiraalvormige opstap te maken."/>
		<item ingrediens="quartz slab=2,block of quartz=1" requiredItem="quartz hog" craftedItems="spiral riser=1" image="quartzSpiralRiser.png" soundPrefix="metal" type="" achievement="Spiraalvormige opstap gemaakt !" onComplete="nothing" tooltip="Gebruikt om een spiraaltrap te maken."/>
		<item ingrediens="spiral riser=4" requiredItem="quartz hog" craftedItems="spiral staircase=1" image="quartzSpiralStaircase.png" soundPrefix="metal" type="" achievement="Spiraaltrap gebouwd !" onComplete="nothing" tooltip="Gebruikt om een spiraaltrap te maken."/>
		<item ingrediens="quartz hut=1,spiral staircase=1" requiredItem="contractor" craftedItems="quartz stairwell=1" image="quartzStairwell.png" soundPrefix="metal" type="" achievement="Kwarts trappenhuis gebouwd !" onComplete="nothing" tooltip="Gebruikt om kwarts klaslokalen te maken."/>
		<item ingrediens="library room=1,classroom=1,lab=1,quartz stairwell=1" requiredItem="contractor" craftedItems="quartz classrooms=1" image="quartzClassrooms.png" soundPrefix="metal" type="" achievement="Kwarts klaslokalen !" onComplete="nothing" tooltip="Gebruikt om een school te maken."/>
		<item ingrediens="block of quartz=41" requiredItem="quartz hog" craftedItems="small dome=1" image="smallDome.png" soundPrefix="metal" type="" achievement="Kleine koepel gebouwd !" onComplete="nothing" tooltip="Nodig om een prieel te maken."/>
		<item ingrediens="block of quartz=2" requiredItem="quartz hog" craftedItems="pillar quartz block=2" image="pillarQuartzBlock.png" soundPrefix="metal" type="" achievement="Zuil van kwartsblokken" onComplete="nothing" tooltip="Gebruikt om een kwartszuil te maken."/>
		<item ingrediens="pillar quartz block=4" requiredItem="quartz hog" craftedItems="quartz pillar=1" image="quartzPillar.png" soundPrefix="metal" type="" achievement="Kwarts zuil gemaakt !" onComplete="nothing" tooltip="Gebruikt om kolommen en prieeltjes te maken."/>
		<item ingrediens="small dome=1,quartz pillar=4" requiredItem="contractor" craftedItems="gazebo=1" image="gazebo.png" soundPrefix="metal" type="" achievement="Prieel gebouwd !" onComplete="nothing" tooltip="Gebruikt met andere kwarts gebouwen."/>
		<item ingrediens="block of quartz=25" requiredItem="quartz hog" craftedItems="quartz pavement=1" image="quartzPavement.png" soundPrefix="metal" type="" achievement="Kwarts geplaveid !" onComplete="nothing" tooltip="Gebruikt om structuren te plaveien."/>
		<item ingrediens="quartz classrooms=2,gazebo=7,quartz pavement=7" requiredItem="contractor" craftedItems="quad=1" image="quad.png" soundPrefix="metal" type="" achievement="Quad gebouwd !" onComplete="nothing" tooltip="Gebruikt om Alchemist School te maken."/>
		<item ingrediens="quad=1" requiredItem="contractor" craftedItems="quad=0" image="quad.png" soundPrefix="metal" type="melter" achievement="Quad afgebroken !" onComplete="drop quartz classrooms=2-gazebo=7-quartz pavement=7" tooltip="Demolishes a Quad into it&#039;s parts."/>
		<item ingrediens="quartz stairs=15" requiredItem="quartz hog" craftedItems="quartz staircase=1" image="quartzStaircase.png" soundPrefix="metal" type="" achievement="Kwarts trap !" onComplete="nothing" tooltip="Gebruikt om Alchemist School te maken."/>
		<item ingrediens="gazebo=1,quartz pillar=2,quartz staircase=1,quad=1" requiredItem="contractor" craftedItems="alchemist school=1" image="alchemistSchool.png" soundPrefix="metal" type="" achievement="Alchemist School !" onComplete="nothing" tooltip="Deel van Hogquartz."/>
		<item ingrediens="nothing=0" requiredItem="alchemist school" craftedItems="alchemist school exporter=1" image="alchemistSchool.png" soundPrefix="" type="" achievement="nothing" onComplete="navigateToUrl 1J0kPK" tooltip="Download."/>
		<item ingrediens="alchemist school=1" requiredItem="contractor" craftedItems="alchemist school=0" image="alchemistSchool.png" soundPrefix="metal" type="melter" achievement="School afgebroken !" onComplete="drop gazebo=1-quartz pillar=2-quartz staircase=1-quad=1" tooltip="Demolishes a school into it&#039;s parts."/>
		<item ingrediens="quartz stairs=8" requiredItem="quartz hog" craftedItems="column base=1" image="columnBase.png" soundPrefix="metal" type="" achievement="Kolomvoet gemaakt !" onComplete="nothing" tooltip="Gebruikt om een kolom te maken."/>
		<item ingrediens="quartz stairs=8" requiredItem="quartz hog" craftedItems="column capital=1" image="columnCapital.png" soundPrefix="metal" type="" achievement="Kolom kapiteel gemaakt !" onComplete="nothing" tooltip="Gebruikt om een kolom te maken."/>
		<item ingrediens="quartz pillar=1,column base=1,column capital=1" requiredItem="quartz hog" craftedItems="column=1" image="column.png" soundPrefix="metal" type="" achievement="Kolom gebouwd !" onComplete="nothing" tooltip="Gebruikt om paviljoens en zuilengangen te maken."/>
		<item ingrediens="column=6" requiredItem="contractor" craftedItems="colonnade=1" image="colonnade.png" soundPrefix="metal" type="" achievement="Zuilengang gebouwd !" onComplete="nothing" tooltip="Gebruikt om een school te maken."/>
		<item ingrediens="block of quartz=245" requiredItem="contractor" craftedItems="large dome=1" image="largeDome.png" soundPrefix="metal" type="" achievement="Grote koepel gebouwd !" onComplete="nothing" tooltip="Gebruikt om een paviljoen te maken."/>
		<item ingrediens="column=8" requiredItem="quartz hog" craftedItems="quartz henge=1" image="quartzHenge.png" soundPrefix="metal" type="" achievement="Kwarts henge gebouwd !" onComplete="nothing" tooltip="Gebruikt om een paviljoen te maken."/>
		<item ingrediens="quartz henge=1,large dome=1" requiredItem="contractor" craftedItems="pavilion=1" image="pavilion.png" soundPrefix="metal" type="" achievement="Paviljoen gebouwd !" onComplete="nothing" tooltip="Gebruikt om een school te maken."/>
		<item ingrediens="quartz classrooms=4,quartz henge=2,pavilion=1,colonnade=1" requiredItem="contractor" craftedItems="redstone school=1" image="redstoneSchool.png" soundPrefix="metal" type="" achievement="Roodsteen school !" onComplete="nothing" tooltip="Deel van Hogquartz."/>
		<item ingrediens="redstone school=1" requiredItem="contractor" craftedItems="redstone school=0" image="redstoneSchool.png" soundPrefix="metal" type="melter" achievement="School afgebroken !" onComplete="drop quartz classrooms=4-quartz henge=2-pavilion=1-colonnade=1" tooltip="Demolishes a school into it&#039;s parts."/>
		<item ingrediens="nothing=0" requiredItem="nothing" craftedItems="apothecary school=1" image="apothecarySchool.png" soundPrefix="metal" type="" achievement="Apothekersschool !" onComplete="nothing" tooltip="Deel van Hogquartz."/>
		<item ingrediens="apothecary school=1,alchemist school=1,redstone school=1" requiredItem="nothing" craftedItems="hogquartz=1" image="hogquartz.png" soundPrefix="metal" type="" achievement="Hogquartz gebouwd !" onComplete="markMap Obsidian Yards-652-589,beatLocation" tooltip="Leidt geavanceerde ambachtslieden op."/>
		<item ingrediens="nothing=0" requiredItem="hogquartz" craftedItems="hogquartz exporter=1" image="hogquartz.png" soundPrefix="" type="" achievement="nothing" onComplete="navigateToUrl 1J1363" tooltip="Download."/>
		<item ingrediens="wizard=1" requiredItem="hogquartz" craftedItems="apothecary=1" image="apothecary.png" soundPrefix="hand" type="" achievement="Apotheker opgeleid !" onComplete="nothing" tooltip="Gebruikt om toverdranken en explosieven te maken."/>
		<item ingrediens="wizard=1" requiredItem="hogquartz" craftedItems="alchemist=1" image="alchemist.png" soundPrefix="hand" type="" achievement="Alchemist opgeleid !" onComplete="nothing" tooltip="Gebruikt om metalen en kristallen te transformeren."/>
		<item ingrediens="wizard=1" requiredItem="hogquartz" craftedItems="redstone wizard=1" image="redstoneWizard.png" soundPrefix="hand" type="" achievement="Roodsteen tovenaar !" onComplete="nothing" tooltip="Gebruikt om constructies te maken van roodsteen."/>
		<item ingrediens="nothing=0" requiredItem="portal sleigh" craftedItems="nether wart=1" image="netherWart.png" soundPrefix="whoosh" type="grind" achievement="Nether wrat geplukt !" onComplete="nothing" tooltip="Gebruikt in toverdranken."/>
		<item ingrediens="nothing=0" requiredItem="hunter" craftedItems="sugar=1" image="sugar.png" soundPrefix="metal" type="grind" achievement="Suiker gedropt !" onComplete="nothing" tooltip="Nodig om toverdranken te maken."/>
		<item ingrediens="nether wart=1,sugar=1" requiredItem="apothecary" craftedItems="speed potion=1" image="potion.png" soundPrefix="hand" type="" achievement="Toverdrank gemaakt !" onComplete="nothing" tooltip="Kan gedronken worden."/>
		<item ingrediens="speed potion=1" requiredItem="nothing" craftedItems="use speed potion=1" image="usePotion.png" soundPrefix="hand" type="" achievement="Toverdrank !" onComplete="speed 200" tooltip="Heeft snelle eigenschappen."/>
		<item ingrediens="nothing=0" requiredItem="nothing" craftedItems="miner=1" image="miner.png" soundPrefix="hand" type="" achievement="nothing" onComplete="nothing" tooltip="Ontgint de grot."/>
		<item ingrediens="nothing=0" requiredItem="nothing" craftedItems="hunter=1" image="hunter.png" soundPrefix="hand" type="" achievement="nothing" onComplete="nothing" tooltip="Vecht tegen mobs."/>
		<item ingrediens="nothing=0" requiredItem="nothing" craftedItems="woodsman=1" image="woodsman.png" soundPrefix="hand" type="villager" achievement="nothing" onComplete="nothing" tooltip="Automatiseert overworld grinder."/>
		<item ingrediens="nothing=0" requiredItem="nothing" craftedItems="carpenter=1" image="carpenter.png" soundPrefix="hand" type="villager" achievement="nothing" onComplete="nothing" tooltip="Maakt spullen uit hout."/>
		<item ingrediens="nothing=0" requiredItem="nothing" craftedItems="contractor=1" image="contractor.png" soundPrefix="hand" type="villager" achievement="nothing" onComplete="nothing" tooltip="Maakt kwartsgebouwen."/>
		<item ingrediens="nothing=0" requiredItem="woodsman" craftedItems="sand=1" image="sand.png" soundPrefix="dirt" type="grind" achievement="Zand gegraven !" onComplete="nothing" tooltip="Maakt een zandkolom."/>
		<item ingrediens="nothing=0" requiredItem="miner" craftedItems="cobblestone=1" image="cobblestone.png" soundPrefix="metal" type="grind" achievement="nothing" onComplete="nothing" tooltip="Gebruikt om gebouwen te maken."/>
		<item ingrediens="nothing=0" requiredItem="miner" craftedItems="flint=1" image="flint.png" soundPrefix="dirt" type="grind" achievement="nothing" onComplete="nothing" tooltip="Gebruikt om pijlen te maken."/>
		<item ingrediens="nothing=0" requiredItem="miner" craftedItems="rail=1" image="rail.png" soundPrefix="metal" type="grind" achievement="nothing" onComplete="nothing" tooltip="Nodig om spoorwegen te bouwen."/>
		<item ingrediens="nothing=0" requiredItem="miner" craftedItems="coal=1" image="coal.png" soundPrefix="metal" type="grind" achievement="nothing" onComplete="nothing" tooltip="Gebruikt om staven te smelten."/>
		<item ingrediens="nothing=0" requiredItem="miner" craftedItems="iron ore=1" image="ironOre.png" soundPrefix="metal" type="grind" achievement="nothing" onComplete="nothing" tooltip="Nodig om ijzeren staven te smelten."/>
		<item ingrediens="nothing=0" requiredItem="miner" craftedItems="gold ore=1" image="goldOre.png" soundPrefix="metal" type="grind" achievement="nothing" onComplete="nothing" tooltip="Nodig om goudstaven te smelten."/>
		<item ingrediens="nothing=0" requiredItem="miner" craftedItems="diamond=1" image="diamond.png" soundPrefix="metal" type="grind" achievement="nothing" onComplete="nothing" tooltip="Gebruikt om diamanten tools en voorwerpen te maken."/>
		<item ingrediens="nothing=0" requiredItem="miner" craftedItems="redstone=4" image="redstone.png" soundPrefix="metal" type="grind" achievement="nothing" onComplete="nothing" tooltip="Gebruikt om toestellen van roodsteen te maken."/>
		<item ingrediens="nothing=0" requiredItem="miner" craftedItems="obsidian=1" image="obsidian.png" soundPrefix="metal" type="grind" achievement="nothing" onComplete="nothing" tooltip="Gebruikt om voorwerpen uit obsidiaan te bouwen."/>
		<item ingrediens="nothing=0" requiredItem="miner" craftedItems="bucket=1" image="bucket.png" soundPrefix="metal" type="grind" achievement="Emmer gemaakt !" onComplete="nothing" tooltip="Nodig om water en lava te krijgen."/>
		<item ingrediens="nothing=0" requiredItem="miner" craftedItems="gunpowder=1" image="gunpowder.png" soundPrefix="whoosh" type="grind" achievement="Buskruit !" onComplete="nothing" tooltip="Gebruikt in explosieven."/>
		<item ingrediens="nothing=0" requiredItem="hunter" craftedItems="gold armor=1" image="goldArmor.png" soundPrefix="metal" type="grind" achievement="Gouden harnas !" onComplete="nothing" tooltip="Voor het maken van gouden soldaten."/>
		<item ingrediens="nothing=0" requiredItem="hunter" craftedItems="gold sword=1" image="goldSword.png" soundPrefix="metal" type="grind" achievement="nothing" onComplete="nothing" tooltip="Valt mobs aan."/>
		<item ingrediens="nothing=0" requiredItem="hunter" craftedItems="iron armor=1" image="ironArmor.png" soundPrefix="metal" type="grind" achievement="IJzeren harnas !" onComplete="nothing" tooltip="Voor het maken van ijzeren soldaten."/>
		<item ingrediens="nothing=0" requiredItem="hunter" craftedItems="iron axe=1" image="ironAxe.png" soundPrefix="metal" type="grind" achievement="nothing" onComplete="nothing" tooltip="Hakt hout."/>
		<item ingrediens="nothing=0" requiredItem="nothing" craftedItems="string=1" image="string.png" soundPrefix="whoosh" type="grind" achievement="nothing" onComplete="nothing" tooltip="Gebruikt om een leiband te maken."/>
		<item ingrediens="nothing=0" requiredItem="nothing" craftedItems="arrow=1" image="arrow.png" soundPrefix="whoosh" type="grind" achievement="nothing" onComplete="nothing" tooltip="Gecombineerd met boog."/>
		<item ingrediens="nothing=0" requiredItem="nothing" craftedItems="iron pick=1" image="ironPick.png" soundPrefix="metal" type="metal" achievement="nothing" onComplete="nothing" tooltip="Ontgint goud."/>
		<item ingrediens="nothing=0" requiredItem="nothing" craftedItems="iron shovel=1" image="ironShovel.png" soundPrefix="metal" type="metal" achievement="nothing" onComplete="nothing" tooltip="Schept vuil en grind."/>
		<item ingrediens="nothing=0" requiredItem="nothing" craftedItems="iron hoe=1" image="ironHoe.png" soundPrefix="metal" type="metal" achievement="nothing" onComplete="nothing" tooltip="Bewerkt grond."/>
		<item ingrediens="nothing=0" requiredItem="nothing" craftedItems="iron sword=1" image="ironSword.png" soundPrefix="metal" type="metal" achievement="nothing" onComplete="nothing" tooltip="Valt mobs aan."/>
		<item ingrediens="nothing=0" requiredItem="nothing" craftedItems="gold pick=1" image="goldPick.png" soundPrefix="metal" type="metal" achievement="nothing" onComplete="nothing" tooltip="Ontgint diamanten."/>
		<item ingrediens="nothing=0" requiredItem="nothing" craftedItems="gold shovel=1" image="goldShovel.png" soundPrefix="metal" type="metal" achievement="nothing" onComplete="nothing" tooltip="Schept vuil en grind."/>
		<item ingrediens="nothing=0" requiredItem="nothing" craftedItems="gold axe=1" image="goldAxe.png" soundPrefix="metal" type="metal" achievement="nothing" onComplete="nothing" tooltip="Hakt hout."/>
		<item ingrediens="nothing=0" requiredItem="nothing" craftedItems="gold hoe=1" image="goldHoe.png" soundPrefix="metal" type="metal" achievement="nothing" onComplete="nothing" tooltip="Bewerkt grond."/>
		<item ingrediens="nothing=0" requiredItem="nothing" craftedItems="diamond pick=1" image="diamondPick.png" soundPrefix="metal" type="metal" achievement="nothing" onComplete="nothing" tooltip="Ontgint sneller."/>
		<item ingrediens="nothing=0" requiredItem="nothing" craftedItems="diamond shovel=1" image="diamondShovel.png" soundPrefix="metal" type="metal" achievement="nothing" onComplete="nothing" tooltip="Schept vuil en grind."/>
		<item ingrediens="nothing=0" requiredItem="nothing" craftedItems="diamond sword=1" image="diamondSword.png" soundPrefix="metal" type="metal" achievement="nothing" onComplete="nothing" tooltip="Valt mobs aan."/>
		<item ingrediens="nothing=0" requiredItem="nothing" craftedItems="diamond axe=1" image="diamondAxe.png" soundPrefix="metal" type="metal" achievement="nothing" onComplete="nothing" tooltip="Hakt hout."/>
		<item ingrediens="nothing=0" requiredItem="nothing" craftedItems="diamond hoe=1" image="diamondHoe.png" soundPrefix="metal" type="metal" achievement="nothing" onComplete="nothing" tooltip="Bewerkt grond."/>
		<item ingrediens="nothing=0" requiredItem="furnace" craftedItems="iron ingot=1" image="ironIngot.png" soundPrefix="metal" type="metal" achievement="IJzeren staaf gesmolten !" onComplete="nothing" tooltip="Gebruikt om ijzeren tools en harnassen te maken."/>
		<item ingrediens="nothing=0" requiredItem="furnace" craftedItems="gold ingot=1" image="goldIngot.png" soundPrefix="metal" type="metal" achievement="Goudstaaf gesmolten !" onComplete="nothing" tooltip="Gebruikt om gouden tools en harnassen te maken."/>
		<item ingrediens="nothing=0" requiredItem="nothing" craftedItems="city state=1" image="cityState.png" soundPrefix="" type="" achievement="Stadstaat !" onComplete="nothing" tooltip="Gud job."/>
		<item ingrediens="nothing=0" requiredItem="nothing" craftedItems="port=1" image="port.png" soundPrefix="wood" type="wood" achievement="Haven opgericht !" onComplete="nothing" tooltip="Nodig om rond Grindcraftia te varen."/>
		<item ingrediens="nothing=0" requiredItem="nothing" craftedItems="portal sleigh=1" image="portalSleigh.png" soundPrefix="metal" type="" achievement="Portaalslee !" onComplete="nothing" tooltip="Gebruikt om naar de nether te reizen."/>
	</crafters>
		
</data>