<?xml version="1.0" encoding="utf-8" ?>
<data>
	<grinders>
		<item name="nether sleigh" generates="zombie pigman,nether quartz ore,blaze,ghast" occurance="1.75,10,1.75,1.75" img="netherSleighGrinder.png" maxIncrease="5"/>
		<item name="overworld" generates="wood,sand,sugar cane,dirt,water" occurance="4,65,29,32,65" img="overworld.png" maxIncrease="5"/>
		<item name="cavern" generates="stone,gravel,coal ore,iron ore,gold ore,diamond ore,redstone ore,obsidian" occurance="5,1,6,4,2,1,4,2" img="mine.png" maxIncrease="5"/>
		<item name="mobs" generates="pig,sheep,cow,zombie,skeleton,spider,enderman" occurance="1.75,1.75,1.75,1.75,1.75,1.75,1.75" img="mobs.png" maxIncrease="5"/>
	</grinders>
	
	<grinds>
		<item name="zombie pigman" img="zombiePigman.png" drops="zombie pigman=1" dependency="portal sleigh" timeToBreak="2.49" achievement=""/>
		<item name="nether quartz ore" img="netherQuartzOre.png" drops="nether quartz=1" dependency="quartz hog" timeToBreak="1" achievement="" merge="pigman worker,quartz hog" />
		<item name="nether quartz" img="netherQuartz.png" drops="" dependency="" timeToBreak="" achievement=""/>
		<item name="blaze" img="blaze.png" drops="blaze rod=.5" dependency="portal sleigh" timeToBreak="5" achievement=""/>
		<item name="blaze rod" img="blazeRod.png" drops="" dependency="" timeToBreak="" achievement=""/>
		<item name="ghast" img="ghast.png" drops="gunpowder=1" dependency="portal sleigh" timeToBreak="4.5" achievement=""/>
		<item name="gunpowder" img="gunpowder.png" drops="" dependency="" timeToBreak="" achievement=""/>
		<item name="wood" img="wood.png" drops="wood=1" dependency="woodsman" timeToBreak="0.74" achievement=""/>
		<item name="sand" img="sand.png" drops="sand=1" dependency="woodsman" timeToBreak="0.1874" achievement=""/>
		<item name="sugar cane" img="sugarCane.png" drops="sugar cane=1" dependency="woodsman" timeToBreak="0.5" achievement=""/>
		<item name="dirt" img="dirt.png" drops="nothing=0" dependency="woodsman" timeToBreak="0.1874" achievement=""/>
		<item name="water" img="water.png" drops="nothing=0" dependency="woodsman" timeToBreak="0.1875" achievement=""/>
		<item name="stone" img="stone.png" drops="cobblestone=1" dependency="woodsman" timeToBreak="0.5624" achievement=""/>
		<item name="cobblestone" img="cobblestone.png" drops="" dependency="" timeToBreak="" achievement=""/>
		<item name="gravel" img="gravel.png" drops="flint=.1" dependency="woodsman" timeToBreak="0.224" achievement=""/>
		<item name="flint" img="flint.png" drops="" dependency="" timeToBreak="" achievement=""/>
		<item name="coal ore" img="coalOre.png" drops="coal=1" dependency="miner" timeToBreak="0.75" achievement=""/>
		<item name="coal" img="coal.png" drops="" dependency="" timeToBreak="" achievement=""/>
		<item name="iron ore" img="ironOre.png" drops="iron ore=1" dependency="miner" timeToBreak="1.125" achievement=""/>
		<item name="gold ore" img="goldOre.png" drops="gold ore=1" dependency="miner" timeToBreak="1.8" achievement=""/>
		<item name="diamond ore" img="diamondOre.png" drops="diamond=1" dependency="miner" timeToBreak="1.8" achievement=""/>
		<item name="diamond" img="diamond.png" drops="" dependency="" timeToBreak="" achievement=""/>
		<item name="redstone ore" img="redstoneOre.png" drops="redstone=4" dependency="miner" timeToBreak="1.125" achievement=""/>
		<item name="redstone" img="redstone.png" drops="" dependency="" timeToBreak="" achievement=""/>
		<item name="obsidian" img="obsidian.png" drops="obsidian=1" dependency="miner" timeToBreak="5" achievement=""/>
		<item name="pig" img="pig.png" drops="nothing=0" dependency="hunter" timeToBreak="0.98" achievement=""/>
		<item name="sheep" img="sheep.png" drops="nothing=0" dependency="hunter" timeToBreak="0.78" achievement=""/>
		<item name="cow" img="cow.png" drops="leather=1" dependency="hunter" timeToBreak="1" achievement=""/>
		<item name="leather" img="leather.png" drops="" dependency="" timeToBreak="" achievement=""/>
		<item name="zombie" img="zombie.png" drops="nothing=0" dependency="hunter" timeToBreak="2.48" achievement=""/>
		<item name="skeleton" img="skeleton.png" drops="arrow=.5" dependency="hunter" timeToBreak="2.18" achievement=""/>
		<item name="arrow" img="arrow.png" drops="" dependency="" timeToBreak="" achievement=""/>
		<item name="spider" img="spider.png" drops="string=.5" dependency="hunter" timeToBreak="1.78" achievement=""/>
		<item name="string" img="string.png" drops="" dependency="" timeToBreak="" achievement=""/>
		<item name="enderman" img="enderman.png" drops="ender pearl=.5" dependency="hunter" timeToBreak="4" achievement=""/>
		<item name="ender pearl" img="enderPearl.png" drops="" dependency="" timeToBreak="" achievement=""/>
	</grinds>
	
<crafters>
	<item ingrediens="nothing=0" requiredItem="nether sleigh" craftedItems="zombie pigman=1" image="zombiePigman.png" soundPrefix="hand" type="grind" achievement="僵尸猪人被困住了 !" onComplete="nothing" tooltip="要求变成僵尸猪人。"/>
	<item ingrediens="nothing=0" requiredItem="nothing" craftedItems="priest=1" image="priest.png" soundPrefix="hand" type="" achievement="nothing" onComplete="autocraft pigman=1" tooltip="要求变成僵尸猪人。"/>
	<item ingrediens="zombie pigman=1" requiredItem="priest" craftedItems="pigman=1" image="pig.png" soundPrefix="" type="grind" achievement="肉肉的下巴 !" onComplete="nothing" tooltip="可以建造东西。"/>
	<item ingrediens="pigman=1" requiredItem="nothing" craftedItems="pigman worker=1" image="pigmanWorker.png" soundPrefix="hand" type="" achievement="猪猪人已训练完毕 !" onComplete="automate nether sleigh" tooltip="要求制造石英猪。"/>
	<item ingrediens="nothing=0" requiredItem="nothing" craftedItems="wizard=1" image="wizard.png" soundPrefix="hand" type="villager" achievement="nothing" onComplete="nothing" tooltip="将猪猪工人变成石英猪。"/>
	<item ingrediens="pigman worker=1" requiredItem="wizard" craftedItems="quartz hog=1" image="quartzHog.png" soundPrefix="hand" type="" achievement="石英豬已训练完 !" onComplete="autocraft block of quartz=.5" tooltip="要求开采下界石英矿。"/>
	<item ingrediens="nothing=0" requiredItem="quartz hog" craftedItems="nether quartz=1" image="netherQuartz.png" soundPrefix="metal" type="grind" achievement="下界石英已开采 !" onComplete="nothing" tooltip="制造石英块。"/>
	<item ingrediens="nether quartz=4" requiredItem="quartz hog" craftedItems="block of quartz=1" image="blockOfQuartz.png" soundPrefix="metal" type="" achievement="石英块制作完成 " onComplete="nothing" tooltip="要求制造石英结构。"/>
	<item ingrediens="block of quartz=9" requiredItem="contractor" craftedItems="quartz wall=1" image="quartzWall.png" soundPrefix="metal" type="" achievement="石英墙已建成!" onComplete="nothing" tooltip="要求用石英制作房间。"/>
	<item ingrediens="quartz wall=5" requiredItem="contractor" craftedItems="quartz hut=1" image="quartzHut.png" soundPrefix="metal" type="" achievement="石英小屋已建成 !" onComplete="nothing" tooltip="要求制作大型构造。"/>
	<item ingrediens="nothing=0" requiredItem="woodsman" craftedItems="sugar cane=1" image="sugarCane.png" soundPrefix="whoosh" type="grind" achievement="nothing" onComplete="nothing" tooltip="曾用于制作纸张。"/>
	<item ingrediens="sugar cane=3" requiredItem="nothing" craftedItems="paper=3" image="paper.png" soundPrefix="whoosh" type="" achievement="纸已制作完成 !" onComplete="nothing" tooltip="曾用于制作书本。"/>
	<item ingrediens="nothing=0" requiredItem="hunter" craftedItems="leather=1" image="leather.png" soundPrefix="whoosh" type="grind" achievement="nothing" onComplete="nothing" tooltip="曾用于制作书本。"/>
	<item ingrediens="paper=3,leather=1" requiredItem="nothing" craftedItems="book=1" image="book.png" soundPrefix="whoosh" type="" achievement="书已装订 !" onComplete="nothing" tooltip="曾用于制作书架。"/>
	<item ingrediens="nothing=0" requiredItem="woodsman" craftedItems="wood=1" image="wood.png" soundPrefix="wood" type="grind" achievement="nothing" onComplete="nothing" tooltip="曾用于制作木板和原木。"/>
	<item ingrediens="wood=1" requiredItem="carpenter" craftedItems="planks=4" image="planks.png" soundPrefix="wood" type="" achievement="nothing" onComplete="nothing" tooltip="曾用木材制作东西。"/>
	<item ingrediens="planks=6,book=3" requiredItem="carpenter" craftedItems="bookshelf=1" image="bookshelf.png" soundPrefix="wood" type="" achievement="书架已制作完成 !" onComplete="nothing" tooltip="曾用于制作成堆的书。"/>
	<item ingrediens="bookshelf=12" requiredItem="carpenter" craftedItems="book stacks=1" image="bookStacks.png" soundPrefix="wood" type="" achievement="书堆 !" onComplete="nothing" tooltip="曾用于制作图书馆房间。"/>
	<item ingrediens="quartz hut=1,book stacks=1" requiredItem="contractor" craftedItems="library room=1" image="libraryRoom.png" soundPrefix="metal" type="" achievement="图书馆房间已建成 !" onComplete="nothing" tooltip="曾用于制作石英教室。"/>
	<item ingrediens="block of quartz=6" requiredItem="quartz hog" craftedItems="quartz stairs=4" image="quartzStairs.png" soundPrefix="metal" type="" achievement="石英楼梯已建成 !" onComplete="nothing" tooltip="曾用石英制作东西。"/>
	<item ingrediens="planks=2" requiredItem="carpenter" craftedItems="stick=4" image="stick.png" soundPrefix="wood" type="" achievement="nothing" onComplete="nothing" tooltip="曾用于制作大门。"/>
	<item ingrediens="planks=4,stick=1" requiredItem="carpenter" craftedItems="sign=3" image="sign.png" soundPrefix="wood" type="" achievement="标牌已制作完成 !" onComplete="nothing" tooltip="曾用于制作黑板。"/>
	<item ingrediens="sign=6" requiredItem="carpenter" craftedItems="chalkboard=1" image="chalkboard.png" soundPrefix="wood" type="" achievement="黑板已建成 !" onComplete="nothing" tooltip="用于教室。"/>
	<item ingrediens="quartz hut=1,quartz stairs=2,chalkboard=1" requiredItem="contractor" craftedItems="classroom=1" image="classroom.png" soundPrefix="metal" type="" achievement="教室已建成 !" onComplete="nothing" tooltip="曾用于制作石英教室。"/>
	<item ingrediens="nothing=0" requiredItem="nether sleigh" craftedItems="blaze rod=1" image="blazeRod.png" soundPrefix="metal" type="grind" achievement="烈焰棒 !" onComplete="nothing" tooltip="曾用于制作药水。"/>
	<item ingrediens="cobblestone=3,blaze rod=1" requiredItem="nothing" craftedItems="brewing stand=1" image="brewingStand.png" soundPrefix="whoosh" type="" achievement="酿造台制作完成 !" onComplete="nothing" tooltip="要求制作药师学校。"/>
	<item ingrediens="quartz stairs=2" requiredItem="quartz hog" craftedItems="quartz table=1" image="quartzTable.png" soundPrefix="metal" type="" achievement="石英桌已建成 !" onComplete="nothing" tooltip="曾用于实验室。"/>
	<item ingrediens="quartz hut=1,quartz table=1,chalkboard=1" requiredItem="contractor" craftedItems="lab=1" image="lab.png" soundPrefix="metal" type="" achievement="实验室已建成 !" onComplete="nothing" tooltip="曾用于制作石英教室。"/>
	<item ingrediens="block of quartz=3" requiredItem="quartz hog" craftedItems="quartz slab=6" image="quartzSlab.png" soundPrefix="metal" type="" achievement="石英板已制作完成 !" onComplete="nothing" tooltip="曾用于制作螺旋立柱。"/>
	<item ingrediens="quartz slab=2,block of quartz=1" requiredItem="quartz hog" craftedItems="spiral riser=1" image="quartzSpiralRiser.png" soundPrefix="metal" type="" achievement="螺旋立柱制作完成 " onComplete="nothing" tooltip="曾用于制作螺旋梯。"/>
	<item ingrediens="spiral riser=4" requiredItem="quartz hog" craftedItems="spiral staircase=1" image="quartzSpiralStaircase.png" soundPrefix="metal" type="" achievement="螺旋梯已建成 !" onComplete="nothing" tooltip="曾用于制作螺旋楼梯间。"/>
	<item ingrediens="quartz hut=1,spiral staircase=1" requiredItem="contractor" craftedItems="quartz stairwell=1" image="quartzStairwell.png" soundPrefix="metal" type="" achievement="石英梯间已建成 !" onComplete="nothing" tooltip="曾用于制作石英教室。"/>
	<item ingrediens="library room=1,classroom=1,lab=1,quartz stairwell=1" requiredItem="contractor" craftedItems="quartz classrooms=1" image="quartzClassrooms.png" soundPrefix="metal" type="" achievement="石英教室 !" onComplete="nothing" tooltip="曾用于制作学校。"/>
	<item ingrediens="block of quartz=2" requiredItem="quartz hog" craftedItems="pillar quartz block=2" image="pillarQuartzBlock.png" soundPrefix="metal" type="" achievement="柱状石英块 !" onComplete="nothing" tooltip="曾用于制作石英柱。"/>
	<item ingrediens="pillar quartz block=4" requiredItem="quartz hog" craftedItems="quartz pillar=1" image="quartzPillar.png" soundPrefix="metal" type="" achievement="石英柱制作完成 !" onComplete="nothing" tooltip="曾用于制作柱子和柱廊。"/>
	<item ingrediens="quartz stairs=8" requiredItem="quartz hog" craftedItems="column base=1" image="columnBase.png" soundPrefix="metal" type="" achievement="柱基制作完成 !" onComplete="nothing" tooltip="曾用于制作柱子。"/>
	<item ingrediens="quartz stairs=8" requiredItem="quartz hog" craftedItems="column capital=1" image="columnCapital.png" soundPrefix="metal" type="" achievement="柱头制作完成 !" onComplete="nothing" tooltip="曾用于制作柱子。"/>
	<item ingrediens="quartz pillar=1,column base=1,column capital=1" requiredItem="quartz hog" craftedItems="column=1" image="column.png" soundPrefix="metal" type="" achievement="圆柱已建成 !" onComplete="nothing" tooltip="曾用于制作露台和凉亭。"/>
	<item ingrediens="column=6" requiredItem="contractor" craftedItems="colonnade=1" image="colonnade.png" soundPrefix="metal" type="" achievement="柱廊已建成 !" onComplete="nothing" tooltip="曾用于制作学校。"/>
	<item ingrediens="block of quartz=25" requiredItem="quartz hog" craftedItems="quartz pavement=1" image="quartzPavement.png" soundPrefix="metal" type="" achievement="石英铺设完毕 !" onComplete="nothing" tooltip="曾铺设于结构下。"/>
	<item ingrediens="colonnade=1,quartz pavement=1" requiredItem="contractor" craftedItems="paved colonnade=1" image="pavedColonnade.png" soundPrefix="metal" type="" achievement="已铺设的柱廊 !" onComplete="nothing" tooltip="曾用于制作学校。"/>
	<item ingrediens="block of quartz=245" requiredItem="contractor" craftedItems="large dome=1" image="largeDome.png" soundPrefix="metal" type="" achievement="大穹顶已建成 !" onComplete="nothing" tooltip="曾用于制作露台。"/>
	<item ingrediens="column=8" requiredItem="quartz hog" craftedItems="quartz henge=1" image="quartzHenge.png" soundPrefix="metal" type="" achievement="石英拱门已建成 !" onComplete="nothing" tooltip="曾用于制作露台。"/>
	<item ingrediens="quartz henge=1,large dome=1" requiredItem="contractor" craftedItems="pavilion=1" image="pavilion.png" soundPrefix="metal" type="" achievement="亭子已建成 !" onComplete="nothing" tooltip="曾用于制作学校。"/>
	<item ingrediens="quartz classrooms=2,paved colonnade=1,pavilion=1,brewing stand=1" requiredItem="contractor" craftedItems="apothecary school=1" image="apothecarySchool.png" soundPrefix="metal" type="" achievement="药剂师学校 !" onComplete="beatLocation" tooltip="生石英的一部分。"/>
	<item ingrediens="nothing=0" requiredItem="apothecary school" craftedItems="apothecary school exporter=1" image="apothecarySchool.png" soundPrefix="" type="" achievement="nothing" onComplete="navigateToUrl 1ItsIC" tooltip="下载。"/>
	<item ingrediens="wizard=1" requiredItem="apothecary school" craftedItems="apothecary=1" image="apothecary.png" soundPrefix="hand" type="" achievement="药师已培训 !" onComplete="nothing" tooltip="曾用于制作药水和爆炸物。"/>
	<item ingrediens="nothing=0" requiredItem="hunter" craftedItems="ender pearl=1" image="enderPearl.png" soundPrefix="whoosh" type="grind" achievement="末影珍珠 !" onComplete="nothing" tooltip="曾用于制作末影之眼。"/>
	<item ingrediens="blaze rod=1" requiredItem="apothecary" craftedItems="blaze powder=2" image="blazePowder.png" soundPrefix="whoosh" type="" achievement="烈焰粉末已制作完成 !" onComplete="nothing" tooltip="曾用于制作末影之眼。"/>
	<item ingrediens="blaze powder=1,ender pearl=1" requiredItem="apothecary" craftedItems="eye of ender=1" image="eyeOfEnder.png" soundPrefix="whoosh" type="" achievement="末影之眼 !" onComplete="nothing" tooltip="曾用于找寻据点。"/>
	<item ingrediens="eye of ender=20" requiredItem="nothing" craftedItems="eyes of ender=1" image="eyesOfEnder.png" soundPrefix="whoosh" type="" achievement="末影之双眼 !" onComplete="markMap Lie Bury-175-1002" tooltip="曾用于找寻和修复据点。"/>
	<item ingrediens="nothing=0" requiredItem="nothing" craftedItems="miner=1" image="miner.png" soundPrefix="hand" type="" achievement="nothing" onComplete="automate cavern" tooltip="在洞穴中采矿。"/>
	<item ingrediens="nothing=0" requiredItem="nothing" craftedItems="hunter=1" image="hunter.png" soundPrefix="hand" type="" achievement="nothing" onComplete="automate mobs" tooltip="与暴徒战斗。"/>
	<item ingrediens="nothing=0" requiredItem="nothing" craftedItems="woodsman=1" image="woodsman.png" soundPrefix="hand" type="villager" achievement="nothing" onComplete="automate overworld" tooltip="自动化全世界研磨器。"/>
	<item ingrediens="nothing=0" requiredItem="nothing" craftedItems="carpenter=1" image="carpenter.png" soundPrefix="hand" type="villager" achievement="nothing" onComplete="nothing" tooltip="用木材制作东西。"/>
	<item ingrediens="nothing=0" requiredItem="nothing" craftedItems="contractor=1" image="contractor.png" soundPrefix="hand" type="villager" achievement="nothing" onComplete="nothing" tooltip="制作石英建筑。"/>
	<item ingrediens="nothing=0" requiredItem="nothing" craftedItems="speed potion=1" image="potion.png" soundPrefix="hand" type="" achievement="药水已找到 !" onComplete="nothing" tooltip="可以饮用。"/>
	<item ingrediens="speed potion=1" requiredItem="nothing" craftedItems="use speed potion=1" image="usePotion.png" soundPrefix="hand" type="" achievement="药水已喝了 !" onComplete="speed 200" tooltip="有迅速的特性。"/>
	<item ingrediens="nothing=0" requiredItem="woodsman" craftedItems="sand=1" image="sand.png" soundPrefix="dirt" type="grind" achievement="沙已挖 !" onComplete="nothing" tooltip="制作沙柱。"/>
	<item ingrediens="nothing=0" requiredItem="miner" craftedItems="cobblestone=1" image="cobblestone.png" soundPrefix="metal" type="grind" achievement="nothing" onComplete="nothing" tooltip="用于建造建筑。"/>
	<item ingrediens="nothing=0" requiredItem="miner" craftedItems="flint=1" image="flint.png" soundPrefix="dirt" type="grind" achievement="nothing" onComplete="nothing" tooltip="曾用于制造箭。"/>
	<item ingrediens="nothing=0" requiredItem="miner" craftedItems="rail=1" image="rail.png" soundPrefix="metal" type="grind" achievement="nothing" onComplete="nothing" tooltip="要求建造铁路。"/>
	<item ingrediens="nothing=0" requiredItem="miner" craftedItems="coal=1" image="coal.png" soundPrefix="metal" type="grind" achievement="nothing" onComplete="nothing" tooltip="曾用于冶炼铁锭。"/>
	<item ingrediens="nothing=0" requiredItem="miner" craftedItems="iron ore=1" image="ironOre.png" soundPrefix="metal" type="grind" achievement="nothing" onComplete="nothing" tooltip="要求冶炼铁锭。"/>
	<item ingrediens="nothing=0" requiredItem="miner" craftedItems="gold ore=1" image="goldOre.png" soundPrefix="metal" type="grind" achievement="nothing" onComplete="nothing" tooltip="要求冶炼金锭。"/>
	<item ingrediens="nothing=0" requiredItem="miner" craftedItems="diamond=1" image="diamond.png" soundPrefix="metal" type="grind" achievement="nothing" onComplete="nothing" tooltip="曾用于制作钻石工具和物品。"/>
	<item ingrediens="nothing=0" requiredItem="miner" craftedItems="redstone=4" image="redstone.png" soundPrefix="metal" type="grind" achievement="nothing" onComplete="nothing" tooltip="曾用于制造红石装置。"/>
	<item ingrediens="nothing=0" requiredItem="miner" craftedItems="obsidian=1" image="obsidian.png" soundPrefix="metal" type="grind" achievement="nothing" onComplete="nothing" tooltip="曾用黑曜石建造物品。"/>
	<item ingrediens="nothing=0" requiredItem="miner" craftedItems="bucket=1" image="bucket.png" soundPrefix="metal" type="grind" achievement="桶子已制作完成 !" onComplete="nothing" tooltip="要求取得水和熔岩。"/>
	<item ingrediens="nothing=0" requiredItem="miner" craftedItems="gunpowder=1" image="gunpowder.png" soundPrefix="whoosh" type="grind" achievement="火药 !" onComplete="nothing" tooltip="曾用于爆破"/>
	<item ingrediens="nothing=0" requiredItem="hunter" craftedItems="gold armor=1" image="goldArmor.png" soundPrefix="metal" type="grind" achievement="黃金铠甲 !" onComplete="nothing" tooltip="用于制造黄金士兵。"/>
	<item ingrediens="nothing=0" requiredItem="hunter" craftedItems="gold sword=1" image="goldSword.png" soundPrefix="metal" type="grind" achievement="nothing" onComplete="nothing" tooltip="攻击暴徒。"/>
	<item ingrediens="nothing=0" requiredItem="hunter" craftedItems="iron armor=1" image="ironArmor.png" soundPrefix="metal" type="grind" achievement="铁铠甲 !" onComplete="nothing" tooltip="用于制造铁士兵。"/>
	<item ingrediens="nothing=0" requiredItem="hunter" craftedItems="iron axe=1" image="ironAxe.png" soundPrefix="metal" type="grind" achievement="nothing" onComplete="nothing" tooltip="砍伐木头。"/>
	<item ingrediens="nothing=0" requiredItem="nothing" craftedItems="string=1" image="string.png" soundPrefix="whoosh" type="grind" achievement="nothing" onComplete="nothing" tooltip="曾用于制作牵绳。"/>
	<item ingrediens="nothing=0" requiredItem="nothing" craftedItems="arrow=1" image="arrow.png" soundPrefix="whoosh" type="grind" achievement="nothing" onComplete="nothing" tooltip="与弓结合。"/>
	<item ingrediens="nothing=0" requiredItem="nothing" craftedItems="iron pick=1" image="ironPick.png" soundPrefix="metal" type="metal" achievement="nothing" onComplete="nothing" tooltip="开采黃金。"/>
	<item ingrediens="nothing=0" requiredItem="nothing" craftedItems="iron shovel=1" image="ironShovel.png" soundPrefix="metal" type="metal" achievement="nothing" onComplete="nothing" tooltip="铲土和砾石。"/>
	<item ingrediens="nothing=0" requiredItem="nothing" craftedItems="iron hoe=1" image="ironHoe.png" soundPrefix="metal" type="metal" achievement="nothing" onComplete="nothing" tooltip="耕种土壤。"/>
	<item ingrediens="nothing=0" requiredItem="nothing" craftedItems="iron sword=1" image="ironSword.png" soundPrefix="metal" type="metal" achievement="nothing" onComplete="nothing" tooltip="攻击暴徒。"/>
	<item ingrediens="nothing=0" requiredItem="nothing" craftedItems="gold pick=1" image="goldPick.png" soundPrefix="metal" type="metal" achievement="nothing" onComplete="nothing" tooltip="开采钻石。"/>
	<item ingrediens="nothing=0" requiredItem="nothing" craftedItems="gold shovel=1" image="goldShovel.png" soundPrefix="metal" type="metal" achievement="nothing" onComplete="nothing" tooltip="铲土和砾石。"/>
	<item ingrediens="nothing=0" requiredItem="nothing" craftedItems="gold axe=1" image="goldAxe.png" soundPrefix="metal" type="metal" achievement="nothing" onComplete="nothing" tooltip="砍伐木头。"/>
	<item ingrediens="nothing=0" requiredItem="nothing" craftedItems="gold hoe=1" image="goldHoe.png" soundPrefix="metal" type="metal" achievement="nothing" onComplete="nothing" tooltip="耕种土壤。"/>
	<item ingrediens="nothing=0" requiredItem="nothing" craftedItems="diamond pick=1" image="diamondPick.png" soundPrefix="metal" type="metal" achievement="nothing" onComplete="nothing" tooltip="更快地开采。"/>
	<item ingrediens="nothing=0" requiredItem="nothing" craftedItems="diamond shovel=1" image="diamondShovel.png" soundPrefix="metal" type="metal" achievement="nothing" onComplete="nothing" tooltip="铲土和砾石。"/>
	<item ingrediens="nothing=0" requiredItem="nothing" craftedItems="diamond sword=1" image="diamondSword.png" soundPrefix="metal" type="metal" achievement="nothing" onComplete="nothing" tooltip="攻击暴徒。"/>
	<item ingrediens="nothing=0" requiredItem="nothing" craftedItems="diamond axe=1" image="diamondAxe.png" soundPrefix="metal" type="metal" achievement="nothing" onComplete="nothing" tooltip="砍伐木头。"/>
	<item ingrediens="nothing=0" requiredItem="nothing" craftedItems="diamond hoe=1" image="diamondHoe.png" soundPrefix="metal" type="metal" achievement="nothing" onComplete="nothing" tooltip="耕种土壤。"/>
	<item ingrediens="coal=1,iron ore=1" requiredItem="furnace" craftedItems="iron ingot=1" image="ironIngot.png" soundPrefix="metal" type="metal" achievement="铁錠已冶煉完成 !" onComplete="nothing" tooltip="曾用于制作铁制工具和盔甲。"/>
	<item ingrediens="coal=1,gold ore=1" requiredItem="furnace" craftedItems="gold ingot=1" image="goldIngot.png" soundPrefix="metal" type="metal" achievement="金锭已冶炼 !" onComplete="nothing" tooltip="曾用于制作黄金工具和铠甲。"/>
	<item ingrediens="nothing=0" requiredItem="nothing" craftedItems="city state=1" image="cityState.png" soundPrefix="" type="" achievement="城邦 !" onComplete="nothing" tooltip="做得不错。"/>
	<item ingrediens="nothing=0" requiredItem="nothing" craftedItems="port=1" image="port.png" soundPrefix="wood" type="wood" achievement="港口已建立 !" onComplete="nothing" tooltip="要求在格林德克拉菲亚周围航行。"/>
	<item ingrediens="nothing=0" requiredItem="nothing" craftedItems="portal sleigh=1" image="portalSleigh.png" soundPrefix="metal" type="" achievement="传送门雪橇 !" onComplete="nothing" tooltip="曾用于前往下界旅行。"/>
</crafters>
	
</data>