<?xml version="1.0" encoding="utf-8" ?>
<data>
	<grinders>
		<item name="overworld" generates="wood,dirt" occurance="29,65" img="overworld.png" maxIncrease="5" />
		<item name="mine" generates="stone,gravel,coal ore,iron ore,gold ore,diamond ore,obsidian,lava,spider,slime" occurance="50,5,14,4,3,1,2,5,1.75,0.5" img="mine.png" maxIncrease="5"/>
		<item name="nether mobs" generates="nothing,zombie pigman,blaze,ghast" occurance="remainder,3,1,1.75" img="netherMobs.png" maxIncrease="0"/>
		<item name="nether" generates="nothing,netherrack" occurance="remainder,50" img="nether.png" maxIncrease="0"/>
	</grinders>
	
	<grinds>
		<item name="hand" img="hand.png" drops="hand=1" dependency="none" timeToBreak="" achievement=""></item>
		<item name="wood" img="wood.png" drops="wood=1" dependency="hand,woodsman,iron axe,gold axe,diamond axe" timeToBreak="3,0.74,0.5,0.375,0.1875" achievement="树已打孔 !"></item>
		<item name="grass" img="grass.png" drops="seeds=1" dependency="woodsman,iron sword,gold sword,diamond sword" timeToBreak=".3,.2,.1,.05" achievement="草已移走 !"></item>
		<item name="dirt" img="dirt.png" drops="dirt=1" dependency="woodsman,iron shovel,gold shovel,diamond shovel" timeToBreak="0.1875,0.1874,0.125,0.0938,0.06" achievement=""></item>
		<item name="water" img="water.png" drops="water=1" dependency="bucket,woodsman" timeToBreak="0.125,0.1875" achievement=""></item>
		<item name="lava" img="lava.png" drops="lava=1" dependency="minecraft" timeToBreak="0.05" achievement=""></item>
		<item name="gravel" img="gravel.png" drops="flint=.1" dependency="miner,iron shovel,gold shovel,diamond shovel" timeToBreak="0.224,0.15,0.1125,0.08" achievement=""></item>
		<item name="stone" img="stone.png" drops="cobblestone=1" dependency="miner,iron pick,gold pick,diamond pick" timeToBreak="0.5625,0.5624,0.375,0.2813,0.19" achievement="石头已生成 !"></item>
		<item name="coal ore" img="coalOre.png" drops="coal=1" dependency="scaffolding" timeToBreak="0.75" achievement=""></item>
		<item name="iron ore" img="ironOre.png" drops="iron ore=1" dependency="scaffolding" timeToBreak="1.125" achievement=""></item>
		<item name="gold ore" img="goldOre.png" drops="gold ore=1" dependency="iron pick,miner,gold pick,diamond pick" timeToBreak="1.25,1.8,0.75,0.5" achievement="黃金!"></item>
		<item name="diamond ore" img="diamondOre.png" drops="diamond=1" dependency="minecart" timeToBreak="1.8" achievement=""></item>
		<item name="obsidian" img="obsidian.png" drops="obsidian=1" dependency="minecart" timeToBreak="5" achievement=""></item>
		<item name="zombie" img="zombie.png" drops="nothing=0" dependency="hunter,iron sword,gold sword,diamond sword" timeToBreak="2.48,2.08,1.79,1" achievement=""></item>
		<item name="skeleton" img="skeleton.png" drops="arrow=0.5" dependency="hunter,iron sword,gold sword,diamond sword" timeToBreak="2.18,1.83,1.57,1" achievement=""></item>
		<item name="witch" img="witch.png" drops="witch=1" dependency="trap" timeToBreak="3" achievement=""></item>
		<item name="zombie villager" img="zombieVillager.png" drops="zombie villager=1" dependency="trap" timeToBreak="1.67" achievement=""></item>
		<item name="spider" img="spider.png" drops="string=0.5" dependency="hunter,iron sword,gold sword,diamond sword" timeToBreak="1.78,1.5,1.29,1" achievement=""></item>
		<item name="string" img="string.png" drops="" dependency="" timeToBreak="" achievement=""></item>
		<item name="slime" img="slime.png" drops="slime ball=0.5" dependency="hunter,iron sword,gold sword,diamond sword" timeToBreak="0.98,0.83,0.714,0.638" achievement=""></item>
		<item name="slime ball" img="slime ball.png" drops="" dependency="" timeToBreak="" achievement=""></item>
		<item name="chicken" img="chicken.png" drops="feather=0.5" dependency="hunter,iron sword,gold sword,diamond sword" timeToBreak=".38,.33,.286,.26" achievement=""></item>
		<item name="feather" img="feather.png" drops="" dependency="" timeToBreak="" achievement=""></item>
		<item name="cow" img="cow.png" drops="leather=2" dependency="hunter,iron sword,gold sword,diamond sword" timeToBreak=".98,.83,.714,.638" achievement=""></item>
		<item name="leather" img="leather.png" drops="" dependency="" timeToBreak="" achievement=""></item>
		<item name="pig" img="pig.png" drops="nothing=0" dependency="hunter,iron sword,gold sword,diamond sword" timeToBreak=".98,.83,.714,.638" achievement=""></item>
		<item name="sheep" img="sheep.png" drops="wool=0.5" dependency="hunter,iron sword,gold sword,diamond sword" timeToBreak=".78,.667,.57,.5" achievement=""></item>
		<item name="wool" img="wool.png" drops="" dependency="" timeToBreak="" achievement=""></item>
		<item name="horse" img="horse.png" drops="horse=1" dependency="lead" timeToBreak="1" achievement=""></item>
		<item name="sugar cane" img="sugarCane.png" drops="sugar cane=1" dependency="gardener,iron sword,gold sword,diamond sword" timeToBreak="0.34,0.3,0.25,0.19" achievement=""></item>
		<item name="wheat" img="wheat.png" drops="wheat=.66,seeds=.33" dependency="gardener,iron sword,gold sword,diamond sword" timeToBreak="0.34,0.3,0.25,0.19" achievement=""></item>
		<item name="netherrack" img="netherrack.png" drops="netherrack=10" dependency="pigman worker" timeToBreak="0.56" achievement="下界折磨 !"></item>
		<item name="zombie pigman" img="zombiePigman.png" drops="zombie pigman=1" dependency="iron trap" timeToBreak="2.49" achievement=""></item>
		<item name="blaze" img="blaze.png" drops="blaze rod=.5" dependency="nether fortress" timeToBreak="5" achievement=""></item>
		<item name="blaze rod" img="blazeRod.png" drops="" dependency="" timeToBreak="" achievement=""></item>
		<item name="ghast" img="ghast.png" drops="ghast=1" dependency="ghast trap" timeToBreak="4.5" achievement=""></item>
		<item name="spider" img="spider.png" drops="string=0.5" dependency="hunter,iron sword,gold sword,diamond sword" timeToBreak="1.78,1.5,1.29,1" achievement=""></item>
		<item name="slime" img="slime.png" drops="slime ball=0.5" dependency="hunter,iron sword,gold sword,diamond sword" timeToBreak=".98,.83,.714,.638" achievement=""></item>
		<item name="slime ball" img="slimeBall.png" drops="" dependency="" timeToBreak="" achievement=""></item>
		<item name="witherSkeleton" img="witherSkeleton.png" drops="coal=.5,bone=.67" dependency="hunter,iron sword,gold sword,diamond sword" timeToBreak="5,4.25,3.67,3" achievement=""></item>
	</grinds>
	
<crafters>
	<item ingrediens="wood=1" requiredItem="carpenter" craftedItems="wood slab=6" image="woodSlab.png" soundPrefix="wood" type="wood" achievement="nothing" onComplete="nothing" tooltip="要求建造甲板。"/>
	<item ingrediens="wood slab=9" requiredItem="carpenter" craftedItems="deck=1" image="deck.png" soundPrefix="wood" type="wood" achievement="nothing" onComplete="nothing" tooltip="要求建造腳手架。"/>
	<item ingrediens="wood=6" requiredItem="carpenter" craftedItems="fence=9" image="fence.png" soundPrefix="wood" type="wood" achievement="nothing" onComplete="nothing" tooltip="曾用于建造围栏"/>
	<item ingrediens="fence=3" requiredItem="carpenter" craftedItems="post=1" image="post.png" soundPrefix="wood" type="wood" achievement="nothing" onComplete="nothing" tooltip="要求建造平台。"/>
	<item ingrediens="deck=1,post=4" requiredItem="carpenter" craftedItems="platform=1" image="platform.png" soundPrefix="wood" type="wood" achievement="nothing" onComplete="nothing" tooltip="要求建造腳手架。"/>
	<item ingrediens="wood=1" requiredItem="carpenter" craftedItems="ladder=3" image="ladder.png" soundPrefix="wood" type="wood" achievement="nothing" onComplete="nothing" tooltip="要求建造腳手架。"/>
	<item ingrediens="platform=1,deck=1,wood=1,ladder=5" requiredItem="carpenter" craftedItems="scaffold=1" image="scaffold.png" soundPrefix="wood" type="wood" achievement="鹰架已搭建 !" onComplete="nothing" tooltip="要求建造腳手架。"/>
	<item ingrediens="deck=1,fence=6" requiredItem="carpenter" craftedItems="bridge=1" image="bridge.png" soundPrefix="wood" type="wood" achievement="桥梁已搭建 !" onComplete="nothing" tooltip="要求建造腳手架。"/>
	<item ingrediens="scaffold=6,bridge=1" requiredItem="nothing" craftedItems="scaffolding=1" image="scaffolding.png" soundPrefix="wood" type="wood" achievement="鹰架已搭建 !" onComplete="nothing" tooltip="要求到达峡谷层。"/>
	<item ingrediens="cobblestone=8" requiredItem="crafting table" craftedItems="furnace=1" image="furnace.png" soundPrefix="" type="" achievement="熔炉已制作完成 !" onComplete="nothing" tooltip="要求冶炼铁和黄金。"/>
	<item ingrediens="nothing=0" requiredItem="iron pick,gold pick,diamond pick" craftedItems="coal=1" image="coal.png" soundPrefix="metal" type="grind" achievement="nothing" onComplete="nothing" tooltip="曾用于冶炼铁锭。"/>
	<item ingrediens="nothing=0" requiredItem="iron pick,gold pick,diamond pick" craftedItems="iron ore=1" image="ironOre.png" soundPrefix="metal" type="grind" achievement="nothing" onComplete="nothing" tooltip="曾用于熔炼铁锭。"/>
	<item ingrediens="coal=1,iron ore=1" requiredItem="furnace" craftedItems="iron ingot=1" image="ironIngot.png" soundPrefix="metal" type="metal" achievement="铁錠已冶煉完成 !" onComplete="nothing" tooltip="曾用于制作铁制工具和盔甲。"/>
	<item ingrediens="wood=1,iron ingot=6" requiredItem="crafting table" craftedItems="rail=16" image="rail.png" soundPrefix="metal" type="" achievement="铁轨已建成 !" onComplete="nothing" tooltip="要求建造铁路桥。"/>
	<item ingrediens="stick=3,iron ingot=2" requiredItem="crafting table" craftedItems="spike maul=1" image="spikeMaul.png" soundPrefix="metal" type="" achievement="钉锤已制作完成 !" onComplete="nothing" tooltip="要求培训铁路工人。"/>
	<item ingrediens="iron ingot=3" requiredItem="crafting table" craftedItems="line bar=1" image="lineBar.png" soundPrefix="metal" type="" achievement="线杆已制作完成 !" onComplete="nothing" tooltip="要求培训铁路工人。"/>
	<item ingrediens="nothing=0" requiredItem="nothing" craftedItems="contractor=1" image="contractor.png" soundPrefix="hand" type="villager" achievement="承包商已雇用 !" onComplete="nothing" tooltip="制造房屋。"/>
	<item ingrediens="contractor=1,spike maul=1,line bar=1" requiredItem="nothing" craftedItems="rail worker=1" image="railWorker.png" soundPrefix="hand" type="" achievement="铁路工人已培训完毕 !" onComplete="nothing" tooltip="要求建造铁路桥。"/>
	<item ingrediens="platform=1,rail=3" requiredItem="rail worker" craftedItems="rail bridge=1" image="railBridge.png" soundPrefix="metal" type="" achievement="铁路桥已建成 !" onComplete="nothing" tooltip="要求建造铁路。"/>
	<item ingrediens="rail bridge=24" requiredItem="rail worker" craftedItems="railway=1" image="railway.png" soundPrefix="metal" type="" achievement="铁路已建成 !" onComplete="nothing" tooltip="要求到达洞穴深处。"/>
	<item ingrediens="nothing=0" requiredItem="railway" craftedItems="railway exporter=1" image="railway.png" soundPrefix="" type="" achievement="nothing" onComplete="navigateToUrl 1ENHZc" tooltip="下载。"/>
	<item ingrediens="iron ingot=5" requiredItem="railway" craftedItems="minecart=1" image="minecart.png" soundPrefix="metal" type="" achievement="矿车已制作完成 !" onComplete="nothing" tooltip="要求到达洞穴深处。"/>
	<item ingrediens="nothing=0" requiredItem="minecart" craftedItems="obsidian=1" image="obsidian.png" soundPrefix="metal" type="grind" achievement="已获得得黑曜石 !" onComplete="nothing" tooltip="曾用于建造传送门。"/>
	<item ingrediens="iron ingot=1,flint=1" requiredItem="crafting table" craftedItems="flint and steel=1" image="flintAndSteel.png" soundPrefix="metal" type="" achievement="燧石和钢铁 !" onComplete="nothing" tooltip="曾用于建造传送门。"/>
	<item ingrediens="obsidian=25" requiredItem="flint and steel" craftedItems="portal=1" image="portal.png" soundPrefix="metal" type="" achievement="传送门已建成 !" onComplete="showGrinder nether" tooltip="曾用于前往下界。"/>
	<item ingrediens="wood=1" requiredItem="carpenter" craftedItems="pressure plate=1" image="pressurePlate.png" soundPrefix="wood" type="" achievement="nothing" onComplete="nothing" tooltip="要求建造陷阱。"/>
	<item ingrediens="iron ingot=6" requiredItem="crafting table" craftedItems="iron door=1" image="ironDoor.png" soundPrefix="metal" type="" achievement="铁门已制作完成 !" onComplete="nothing" tooltip="要求建造陷阱。"/>
	<item ingrediens="iron door=4,pressure plate=1" requiredItem="portal" craftedItems="iron trap=1" image="ironTrap.png" soundPrefix="metal" type="" achievement="铁制门已制作完成 !" onComplete="automate nether mobs" tooltip="要求抓捕僵尸猪人。"/>
	<item ingrediens="nothing=0" requiredItem="portal" craftedItems="zombie pigman=1" image="zombiePigman.png" soundPrefix="hand" type="grind" achievement="僵尸猪人被困住了 !" onComplete="nothing" tooltip="要求变成僵尸猪人。"/>
	<item ingrediens="nothing=0" requiredItem="nothing" craftedItems="priest=1" image="priest.png" soundPrefix="hand" type="villager" achievement="nothing" onComplete="autocraft pigman=1" tooltip="要求变成僵尸猪人。"/>
	<item ingrediens="zombie pigman=1" requiredItem="priest" craftedItems="pigman=1" image="pig.png" soundPrefix="" type="" achievement="肉肉的下巴 !" onComplete="nothing" tooltip="可以建造东西。"/>
	<item ingrediens="pigman=1" requiredItem="nothing" craftedItems="pigman worker=1" image="pigmanWorker.png" soundPrefix="hand" type="" achievement="猪猪人已训练完毕 !" onComplete="automate nether" tooltip="要求取得下界岩。"/>
	<item ingrediens="pigman worker=1" requiredItem="spike maul" craftedItems="worker pork=1" image="workerPork.png" soundPrefix="hand" type="" achievement="猪肉化 !" onComplete="deautomate nether" tooltip="猪肉化猪猪工人。"/>
	<item ingrediens="nothing=0" requiredItem="pigman worker" craftedItems="netherrack=10" image="netherrack.png" soundPrefix="" type="grind" achievement="下界折磨 !" onComplete="nothing" tooltip="要求制作下界砖。"/>
	<item ingrediens="netherrack=10" requiredItem="furnace" craftedItems="nether brick=40" image="netherBrick.png" soundPrefix="" type="" achievement="下界砖块已烧制完成 !" onComplete="nothing" tooltip="要求制作下界石块。"/>
	<item ingrediens="nether brick=40" requiredItem="crafting table" craftedItems="netherblock=10" image="netherblock.png" soundPrefix="" type="" achievement="下界块已制作完成 !" onComplete="nothing" tooltip="要求制作下界砖结构。"/>
	<item ingrediens="netherblock=36" requiredItem="nothing" craftedItems="nether section=1" image="netherSection.png" soundPrefix="" type="" achievement="下界区已建成 !" onComplete="nothing" tooltip="要求建造下界柱和走廊"/>
	<item ingrediens="pigman=1" requiredItem="nothing" craftedItems="pigman smelter=1" image="pigmanSmelter.png" soundPrefix="hand" type="" achievement="猪猪人熔炉 !" onComplete="autocraft nether brick=.5" tooltip="自动制作下界砖。"/>
	<item ingrediens="pigman=1" requiredItem="nothing" craftedItems="pigman mason=1" image="pigmanMason.png" soundPrefix="hand" type="" achievement="猪猪人石匠 !" onComplete="autocraft netherblock=.5" tooltip="用下界砖自动制作下界石块。"/>
	<item ingrediens="pigman=1" requiredItem="nothing" craftedItems="pigman builder=1" image="pigmanBuilder.png" soundPrefix="hand" type="" achievement="猪猪人建造人 !" onComplete="autocraft nether section=.5" tooltip="自动制作下界区。"/>
	<item ingrediens="nether section=7" requiredItem="nothing" craftedItems="nether pillar=1" image="netherPillar.png" soundPrefix="metal" type="" achievement="下界之柱 !" onComplete="nothing" tooltip="要求建造下界桥。"/>
	<item ingrediens="nether pillar=5" requiredItem="nothing" craftedItems="nether bridge=1" image="netherBridge.png" soundPrefix="metal" type="" achievement="下界桥梁已建成 !" onComplete="nothing" tooltip="要求建造下界桥上道路。"/>
	<item ingrediens="nether bridge=10" requiredItem="nothing" craftedItems="nether bridgeways=1" image="netherBridgeways.png" soundPrefix="metal" type="" achievement="下界桥上道路 !" onComplete="nothing" tooltip="要求建造下界堡垒外观。"/>
	<item ingrediens="pigman smelter=1" requiredItem="spike maul" craftedItems="smelter pork=1" image="smelterPork.png" soundPrefix="hand" type="" achievement="猪肉化 !" onComplete="deautocraft nether brick" tooltip="猪肉化猪猪冶炼工。"/>
	<item ingrediens="pigman mason=1" requiredItem="spike maul" craftedItems="mason pork=1" image="masonPork.png" soundPrefix="hand" type="" achievement="猪肉化 !" onComplete="deautocraft netherblock" tooltip="猪肉化猪猪石匠。"/>
	<item ingrediens="pigman builder=1" requiredItem="spike maul" craftedItems="builder pork=1" image="builderPork.png" soundPrefix="hand" type="" achievement="猪肉化 !" onComplete="deautocraft nether section" tooltip="猪肉化猪猪建造工。"/>
	<item ingrediens="netherblock=6" requiredItem="crafting table" craftedItems="nether fence=6" image="netherFence.png" soundPrefix="metal" type="" achievement="下界栅栏已制作完成 !" onComplete="nothing" tooltip="要求建造下界房间。"/>
	<item ingrediens="netherblock=6" requiredItem="crafting table" craftedItems="nether stairs=6" image="netherStairs.png" soundPrefix="metal" type="" achievement="下界楼梯已制作完成 !" onComplete="nothing" tooltip="要求建造下界房间。"/>
	<item ingrediens="nether stairs=9,netherblock=16,nether fence=2" requiredItem="nothing" craftedItems="nether staircase=1" image="netherStaircase.png" soundPrefix="metal" type="" achievement="下界楼梯 !" onComplete="nothing" tooltip="要求建造下界房间。"/>
	<item ingrediens="nether section=1,nether staircase=1,nether fence=27" requiredItem="nothing" craftedItems="nether spawn=1" image="netherSpawn.png" soundPrefix="metal" type="" achievement="nothing" onComplete="nothing" tooltip="要求建造下界堡垒外观。"/>
	<item ingrediens="netherblock=81" requiredItem="nothing" craftedItems="nether wall=1" image="netherWall.png" soundPrefix="metal" type="" achievement="nothing" onComplete="nothing" tooltip="要求建造一间下界房间。"/>
	<item ingrediens="nether wall=6,nether fence=22" requiredItem="nothing" craftedItems="nether room=1" image="netherRoom.png" soundPrefix="metal" type="" achievement="下界房间已建成 !" onComplete="nothing" tooltip="可以自定义。"/>
	<item ingrediens="netherblock=8,lava=1" requiredItem="nothing" craftedItems="nether well=1" image="netherWell.png" soundPrefix="metal" type="" achievement="下界井已建成 !" onComplete="nothing" tooltip="要求建造下界井室。"/>
	<item ingrediens="nether room=1,nether well=1" requiredItem="nothing" craftedItems="nether well room=1" image="netherWellRoom.png" soundPrefix="metal" type="" achievement="下界井房已建成 !" onComplete="nothing" tooltip="要求建造下界堡垒外观。"/>
	<item ingrediens="nether bridgeways=1,nether spawn=1,nether well room=1" requiredItem="nothing" craftedItems="nether fortress exterior=1" image="netherFortressExterior.png" soundPrefix="metal" type="" achievement="堡垒外观 !" onComplete="nothing" tooltip="要求建造下界堡垒。"/>
	<item ingrediens="nether room=1,netherblock=15" requiredItem="nothing" craftedItems="nether stair room=1" image="netherStairRoom.png" soundPrefix="metal" type="" achievement="下界梯室 !" onComplete="nothing" tooltip="要求建造下界堡垒内部。"/>
	<item ingrediens="nether room=1,nether staircase=2" requiredItem="nothing" craftedItems="nether wart room=1" image="netherWartRoom.png" soundPrefix="metal" type="" achievement="下界疙瘩室 !" onComplete="nothing" tooltip="要求建造下界堡垒内部。"/>
	<item ingrediens="nether section=1,nether fence=4" requiredItem="nothing" craftedItems="nether hall section=1" image="netherHallSection.png" soundPrefix="metal" type="" achievement="nothing" onComplete="nothing" tooltip="要求建造下界走廊。"/>
	<item ingrediens="nether hall section=7" requiredItem="nothing" craftedItems="nether hallway=1" image="netherHallway.png" soundPrefix="metal" type="" achievement="下界走廊已建成 !" onComplete="nothing" tooltip="要求建造下界堡垒内部。"/>
	<item ingrediens="nether hall section=4,nether staircase=2" requiredItem="nothing" craftedItems="nether stairwell=1" image="netherStairwell.png" soundPrefix="metal" type="" achievement="下界楼梯井 !" onComplete="nothing" tooltip="要求建造下界堡垒内部。"/>
	<item ingrediens="netherblock=27,nether fence=13" requiredItem="nothing" craftedItems="nether balcony=1" image="netherBalcony.png" soundPrefix="metal" type="" achievement="下界阳台已建成 !" onComplete="nothing" tooltip="要求建造下界堡垒内部。"/>
	<item ingrediens="nether hallway=4,nether stairwell=1,nether balcony=1,nether wart room=1,nether stair room=1" requiredItem="nothing" craftedItems="nether fortress interior=1" image="netherFortressInterior.png" soundPrefix="metal" type="" achievement="堡垒内部 !" onComplete="nothing" tooltip="要求建造下界堡垒。"/>
	<item ingrediens="nether fortress exterior=1,nether fortress interior=1" requiredItem="nothing" craftedItems="nether fortress=1" image="netherFortress.png" soundPrefix="metal" type="" achievement="下界堡垒 !" onComplete="nothing" tooltip="要求制作恶魂捕手。"/>
	<item ingrediens="nothing=0" requiredItem="nether fortress" craftedItems="nether fortress exporter=1" image="netherFortress.png" soundPrefix="" type="" achievement="nothing" onComplete="navigateToUrl 1ENHzF" tooltip="下载。"/>
	<item ingrediens="obsidian=54" requiredItem="nether fortress" craftedItems="ghast catcher=1" image="ghastCatcher.png" soundPrefix="metal" type="" achievement="恶魂捕手 !" onComplete="nothing" tooltip="要求制作恶魂陷阱。"/>
	<item ingrediens="cobblestone=64" requiredItem="ghast catcher" craftedItems="ghast trap=1" image="ghastTrap.png" soundPrefix="metal" type="" achievement="恶魂陷阱 !" onComplete="nothing" tooltip="要求困住恶魂。"/>
	<item ingrediens="nothing=0" requiredItem="nothing" craftedItems="ghast=1" image="ghast.png" soundPrefix="hand" type="" achievement="恶魂受困 !" onComplete="nothing" tooltip="要求驯服恶魂。"/>
	<item ingrediens="ghast=1" requiredItem="nothing" craftedItems="gunpowder=1" image="gunpowder.png" soundPrefix="whoosh" type="" achievement="火药 !" onComplete="nothing" tooltip="曾用于爆破"/>
	<item ingrediens="nothing=0" requiredItem="nothing" craftedItems="string=1" image="string.png" soundPrefix="whoosh" type="" achievement="nothing" onComplete="nothing" tooltip="曾用于制作牵绳。"/>
	<item ingrediens="nothing=0" requiredItem="iron sword,gold sword,diamond sword" craftedItems="slime ball=1" image="slimeBall.png" soundPrefix="hand" type="grind" achievement="nothing" onComplete="nothing" tooltip="曾用于制作牵绳。"/>
	<item ingrediens="string=4,slime ball=1" requiredItem="nothing" craftedItems="lead=1" image="lead.png" soundPrefix="whoosh" type="" achievement="铅已制作完成 !" onComplete="nothing" tooltip="曾驯服恶魂。"/>
	<item ingrediens="ghast=1,lead=1" requiredItem="nothing" craftedItems="tamed ghast=1" image="tamedGhast.png" soundPrefix="hand" type="" achievement="恶魂已驯化 !" onComplete="nothing" tooltip="曾制作下界雪橇。"/>
	<item ingrediens="netherblock=3" requiredItem="crafting table" craftedItems="nether slab=6" image="netherSlab.png" soundPrefix="metal" type="" achievement="下界板材 !" onComplete="nothing" tooltip="曾制作下界肋骨状物。"/>
	<item ingrediens="nether stairs=8,nether slab=4" requiredItem="nothing" craftedItems="nether rib=1" image="netherRib.png" soundPrefix="metal" type="" achievement="下界肋骨状物已建成 !" onComplete="nothing" tooltip="曾制作下界雪橇。"/>
	<item ingrediens="nether rib=2" requiredItem="nothing" craftedItems="nether ski=1" image="netherSki.png" soundPrefix="metal" type="" achievement="下界滑雪板已建成 !" onComplete="nothing" tooltip="曾制作下界雪橇。"/>
	<item ingrediens="nether rib=6,nether ski=2" requiredItem="nothing" craftedItems="nether sled=1" image="netherSled.png" soundPrefix="metal" type="" achievement="下界雪橇 !" onComplete="nothing" tooltip="曾制作下界雪橇。"/>
	<item ingrediens="tamed ghast=8,nether sled=1" requiredItem="nothing" craftedItems="nether sleigh=1" image="netherSleigh.png" soundPrefix="metal" type="" achievement="下界雪橇 ！" onComplete="beatLocation" tooltip="要求打败峡谷矿场。"/>
	<item ingrediens="nothing=0" requiredItem="nether sleigh" craftedItems="nether sleigh exporter=1" image="netherSleigh.png" soundPrefix="" type="" achievement="nothing" onComplete="navigateToUrl 1ENI60" tooltip="下载。"/>
	<item ingrediens="nether sled=1,portal=1" requiredItem="nothing" craftedItems="portal sled=1" image="portalSled.png" soundPrefix="metal" type="" achievement="传送门雪橇已建成 !" onComplete="" tooltip="曾制作下界雪橇。"/>
	<item ingrediens="nether sleigh=1,portal sled=1" requiredItem="nothing" craftedItems="portal sleigh=1" image="portalSleigh.png" soundPrefix="metal" type="" achievement="传送门雪橇 !" onComplete="markMap Lost Mine-748-811" tooltip="曾用于前往下界旅行。"/>
	<item ingrediens="nothing=0" requiredItem="nothing" craftedItems="miner=1" image="miner.png" soundPrefix="hand" type="villager" achievement="nothing" onComplete="automate mine" tooltip="自动化矿场研磨机。"/>
	<item ingrediens="nothing=0" requiredItem="nothing" craftedItems="hunter=1" image="hunter.png" soundPrefix="hand" type="villager" achievement="nothing" onComplete="automate mobs" tooltip="自动化暴徒研磨机。"/>
	<item ingrediens="nothing=0" requiredItem="nothing" craftedItems="woodsman=1" image="woodsman.png" soundPrefix="hand" type="villager" achievement="nothing" onComplete="automate overworld" tooltip="自动化全世界研磨器。"/>
	<item ingrediens="nothing=0" requiredItem="nothing" craftedItems="carpenter=1" image="carpenter.png" soundPrefix="hand" type="villager" achievement="nothing" onComplete="nothing" tooltip="用木材制作东西。"/>
	<item ingrediens="nothing=0" requiredItem="nothing" craftedItems="smelter=1" image="smelter.png" soundPrefix="metal" type="villager" achievement="冶炼厂已培训 !" onComplete="autocraft iron ingot=.5,autocraft gold ingot" tooltip="自动制造铁和金锭。"/>
	<item ingrediens="nothing=0" requiredItem="nothing" craftedItems="blaze rod=1" image="blazeRod.png" soundPrefix="metal" type="" achievement="烈焰棒 !" onComplete="nothing" tooltip="曾用于制作药水。"/>
	<item ingrediens="nothing=0" requiredItem="nothing" craftedItems="arrow=4" image="arrow.png" soundPrefix="whoosh" type="" achievement="箭已制作完成 !" onComplete="nothing" tooltip="与弓结合。"/>
	<item ingrediens="stick=2,iron ingot=3" requiredItem="crafting table" craftedItems="iron pick=1" image="ironPick.png" soundPrefix="metal" type="metal" achievement="nothing" onComplete="nothing" tooltip="开采黃金。"/>
	<item ingrediens="stick=2,iron ingot=1" requiredItem="crafting table" craftedItems="iron shovel=1" image="ironShovel.png" soundPrefix="metal" type="metal" achievement="nothing" onComplete="nothing" tooltip="铲土和砾石。"/>
	<item ingrediens="stick=2,iron ingot=3" requiredItem="crafting table" craftedItems="iron axe=1" image="ironAxe.png" soundPrefix="metal" type="metal" achievement="nothing" onComplete="nothing" tooltip="砍伐木头。"/>
	<item ingrediens="stick=2,iron ingot=2" requiredItem="crafting table" craftedItems="iron hoe=1" image="ironHoe.png" soundPrefix="metal" type="metal" achievement="nothing" onComplete="nothing" tooltip="耕种土壤。"/>
	<item ingrediens="stick=1,iron ingot=2" requiredItem="crafting table" craftedItems="iron sword=1" image="ironSword.png" soundPrefix="metal" type="metal" achievement="nothing" onComplete="nothing" tooltip="攻击暴徒。"/>
	<item ingrediens="stick=2,gold ingot=3" requiredItem="crafting table" craftedItems="gold pick=1" image="goldPick.png" soundPrefix="metal" type="metal" achievement="nothing" onComplete="nothing" tooltip="开采钻石。"/>
	<item ingrediens="stick=2,gold ingot=1" requiredItem="crafting table" craftedItems="gold shovel=1" image="goldShovel.png" soundPrefix="metal" type="metal" achievement="nothing" onComplete="nothing" tooltip="铲土和砾石。"/>
	<item ingrediens="stick=1,gold ingot=2" requiredItem="crafting table" craftedItems="gold sword=1" image="goldSword.png" soundPrefix="metal" type="metal" achievement="nothing" onComplete="nothing" tooltip="攻击暴徒。"/>
	<item ingrediens="stick=2,gold ingot=3" requiredItem="crafting table" craftedItems="gold axe=1" image="goldAxe.png" soundPrefix="metal" type="metal" achievement="nothing" onComplete="nothing" tooltip="砍伐木头。"/>
	<item ingrediens="stick=2,gold ingot=2" requiredItem="crafting table" craftedItems="gold hoe=1" image="goldHoe.png" soundPrefix="metal" type="metal" achievement="nothing" onComplete="nothing" tooltip="耕种土壤。"/>
	<item ingrediens="nothing=0" requiredItem="minecart" craftedItems="diamond=1" image="diamond.png" soundPrefix="metal" type="grind" achievement="nothing" onComplete="nothing" tooltip="曾用于制作钻石工具和物品。"/>
	<item ingrediens="stick=2,diamond=3" requiredItem="crafting table" craftedItems="diamond pick=1" image="diamondPick.png" soundPrefix="metal" type="metal" achievement="nothing" onComplete="nothing" tooltip="更快地开采。"/>
	<item ingrediens="stick=2,diamond=1" requiredItem="crafting table" craftedItems="diamond shovel=1" image="diamondShovel.png" soundPrefix="metal" type="metal" achievement="nothing" onComplete="nothing" tooltip="铲土和砾石。"/>
	<item ingrediens="stick=1,diamond=2" requiredItem="crafting table" craftedItems="diamond sword=1" image="diamondSword.png" soundPrefix="metal" type="metal" achievement="nothing" onComplete="nothing" tooltip="攻击暴徒。"/>
	<item ingrediens="stick=2,diamond=3" requiredItem="crafting table" craftedItems="diamond axe=1" image="diamondAxe.png" soundPrefix="metal" type="metal" achievement="nothing" onComplete="nothing" tooltip="砍伐木头。"/>
	<item ingrediens="stick=2,diamond=2" requiredItem="crafting table" craftedItems="diamond hoe=1" image="diamondHoe.png" soundPrefix="metal" type="metal" achievement="nothing" onComplete="nothing" tooltip="耕种土壤。"/>
	<item ingrediens="nothing=0" requiredItem="iron axe,gold axe,diamond axe" craftedItems="wood=1" image="wood.png" soundPrefix="wood" type="grind" achievement="nothing" onComplete="nothing" tooltip="曾用于制作木板。"/>
	<item ingrediens="nothing=0" requiredItem="iron shovel,gold shovel,diamond shovel" craftedItems="dirt=1" image="dirt.png" soundPrefix="dirt" type="grind" achievement="nothing" onComplete="nothing" tooltip="曾用于制造土壤。"/>
	<item ingrediens="nothing=0" requiredItem="iron pick,gold pick,diamond pick" craftedItems="cobblestone=1" image="cobblestone.png" soundPrefix="metal" type="grind" achievement="nothing" onComplete="nothing" tooltip="用于建造建筑。"/>
	<item ingrediens="wood=1" requiredItem="nothing" craftedItems="planks=4" image="planks.png" soundPrefix="wood" type="wood" achievement="nothing" onComplete="nothing" tooltip="曾用于制作木制工具和物品。"/>
	<item ingrediens="planks=4" requiredItem="nothing" craftedItems="crafting table=1" image="craftingTable.png" soundPrefix="wood" type="" achievement="工艺台已制作完成 !" onComplete="nothing" tooltip="要求制作物品。"/>
	<item ingrediens="planks=2" requiredItem="nothing" craftedItems="stick=4" image="stick.png" soundPrefix="wood" type="wood" achievement="nothing" onComplete="nothing" tooltip="曾用于制作木制工具和物品。"/>
	<item ingrediens="nothing=0" requiredItem="iron shovel,gold shovel,diamond shovel" craftedItems="flint=1" image="flint.png" soundPrefix="dirt" type="grind" achievement="nothing" onComplete="nothing" tooltip="曾用于制造箭。"/>
	<item ingrediens="nothing=0" requiredItem="iron pick,gold pick,diamond pick" craftedItems="gold ore=1" image="goldOre.png" soundPrefix="metal" type="grind" achievement="nothing" onComplete="nothing" tooltip="曾用于冶炼金锭。"/>
	<item ingrediens="coal=1,gold ore=1" requiredItem="furnace" craftedItems="gold ingot=1" image="goldIngot.png" soundPrefix="metal" type="metal" achievement="金锭已冶炼 !" onComplete="nothing" tooltip="曾用于制作黄金工具和铠甲。"/>
	<item ingrediens="nothing=0" requiredItem="miner" craftedItems="redstone=1" image="redstone.png" soundPrefix="metal" type="grind" achievement="nothing" onComplete="nothing" tooltip="曾用于制造红石装置。"/>
	<item ingrediens="nothing=0" requiredItem="nothing" craftedItems="city state=1" image="cityState.png" soundPrefix="" type="" achievement="城邦 !" onComplete="nothing" tooltip="做得不错。"/>
	<item ingrediens="nothing=0" requiredItem="nothing" craftedItems="port=1" image="port.png" soundPrefix="wood" type="wood" achievement="港口已建立 !" onComplete="nothing" tooltip="要求在格林德克拉菲亚周围航行。"/>
</crafters>
	
	
</data>