<?xml version="1.0" encoding="utf-8" ?>
<data>
	<grinders>
		<item name="nether sleigh" generates="zombie pigman,nether quartz ore,blaze,ghast" occurance="1.75,10,1.75,1.75" img="netherSleighGrinder.png" maxIncrease="5"/>
		<item name="overworld" generates="wood,sand,sugar cane,dirt,water" occurance="4,65,29,32,65" img="overworld.png" maxIncrease="5"/>
		<item name="cavern" generates="stone,gravel,coal ore,iron ore,gold ore,diamond ore,redstone ore,obsidian" occurance="5,1,6,4,2,1,4,2" img="mine.png" maxIncrease="5"/>
		<item name="mobs" generates="pig,sheep,cow,zombie,skeleton,spider,enderman" occurance="1.75,1.75,1.75,1.75,1.75,1.75,1.75" img="mobs.png" maxIncrease="5"/>
	</grinders>
	
	<grinds>
		<item name="zombie pigman" img="zombiePigman.png" drops="zombie pigman=1" dependency="portal sleigh" timeToBreak="2.49" achievement=""/>
		<item name="nether quartz ore" img="netherQuartzOre.png" drops="nether quartz=1" dependency="quartz hog" timeToBreak="1" achievement="" merge="pigman worker,quartz hog" />
		<item name="nether quartz" img="netherQuartz.png" drops="" dependency="" timeToBreak="" achievement=""/>
		<item name="blaze" img="blaze.png" drops="blaze rod=.5" dependency="portal sleigh" timeToBreak="5" achievement=""/>
		<item name="blaze rod" img="blazeRod.png" drops="" dependency="" timeToBreak="" achievement=""/>
		<item name="ghast" img="ghast.png" drops="gunpowder=1" dependency="portal sleigh" timeToBreak="4.5" achievement=""/>
		<item name="gunpowder" img="gunpowder.png" drops="" dependency="" timeToBreak="" achievement=""/>
		<item name="wood" img="wood.png" drops="wood=1" dependency="woodsman" timeToBreak="0.74" achievement=""/>
		<item name="sand" img="sand.png" drops="sand=1" dependency="woodsman" timeToBreak="0.1874" achievement=""/>
		<item name="sugar cane" img="sugarCane.png" drops="sugar cane=1" dependency="woodsman" timeToBreak="0.5" achievement=""/>
		<item name="dirt" img="dirt.png" drops="nothing=0" dependency="woodsman" timeToBreak="0.1874" achievement=""/>
		<item name="water" img="water.png" drops="nothing=0" dependency="woodsman" timeToBreak="0.1875" achievement=""/>
		<item name="stone" img="stone.png" drops="cobblestone=1" dependency="woodsman" timeToBreak="0.5624" achievement=""/>
		<item name="cobblestone" img="cobblestone.png" drops="" dependency="" timeToBreak="" achievement=""/>
		<item name="gravel" img="gravel.png" drops="flint=.1" dependency="woodsman" timeToBreak="0.224" achievement=""/>
		<item name="flint" img="flint.png" drops="" dependency="" timeToBreak="" achievement=""/>
		<item name="coal ore" img="coalOre.png" drops="coal=1" dependency="miner" timeToBreak="0.75" achievement=""/>
		<item name="coal" img="coal.png" drops="" dependency="" timeToBreak="" achievement=""/>
		<item name="iron ore" img="ironOre.png" drops="iron ore=1" dependency="miner" timeToBreak="1.125" achievement=""/>
		<item name="gold ore" img="goldOre.png" drops="gold ore=1" dependency="miner" timeToBreak="1.8" achievement=""/>
		<item name="diamond ore" img="diamondOre.png" drops="diamond=1" dependency="miner" timeToBreak="1.8" achievement=""/>
		<item name="diamond" img="diamond.png" drops="" dependency="" timeToBreak="" achievement=""/>
		<item name="redstone ore" img="redstoneOre.png" drops="redstone=4" dependency="miner" timeToBreak="1.125" achievement=""/>
		<item name="redstone" img="redstone.png" drops="" dependency="" timeToBreak="" achievement=""/>
		<item name="obsidian" img="obsidian.png" drops="obsidian=1" dependency="miner" timeToBreak="5" achievement=""/>
		<item name="pig" img="pig.png" drops="nothing=0" dependency="hunter" timeToBreak="0.98" achievement=""/>
		<item name="sheep" img="sheep.png" drops="nothing=0" dependency="hunter" timeToBreak="0.78" achievement=""/>
		<item name="cow" img="cow.png" drops="leather=1" dependency="hunter" timeToBreak="1" achievement=""/>
		<item name="leather" img="leather.png" drops="" dependency="" timeToBreak="" achievement=""/>
		<item name="zombie" img="zombie.png" drops="nothing=0" dependency="hunter" timeToBreak="2.48" achievement=""/>
		<item name="skeleton" img="skeleton.png" drops="arrow=.5" dependency="hunter" timeToBreak="2.18" achievement=""/>
		<item name="arrow" img="arrow.png" drops="" dependency="" timeToBreak="" achievement=""/>
		<item name="spider" img="spider.png" drops="string=.5" dependency="hunter" timeToBreak="1.78" achievement=""/>
		<item name="string" img="string.png" drops="" dependency="" timeToBreak="" achievement=""/>
		<item name="enderman" img="enderman.png" drops="ender pearl=.5" dependency="hunter" timeToBreak="4" achievement=""/>
		<item name="ender pearl" img="enderPearl.png" drops="" dependency="" timeToBreak="" achievement=""/>
	</grinds>
	
<crafters>
	<item ingrediens="nothing=0" requiredItem="nether sleigh" craftedItems="zombie pigman=1" image="zombiePigman.png" soundPrefix="hand" type="grind" achievement="좀비 피그맨이 덫에 걸렸습니다 !" onComplete="nothing" tooltip="좀비 피그맨들을 물리치는데 필요합니다."/>
	<item ingrediens="nothing=0" requiredItem="nothing" craftedItems="priest=1" image="priest.png" soundPrefix="hand" type="" achievement="nothing" onComplete="autocraft pigman=1" tooltip="좀비 피그맨들을 물리치는데 필요합니다."/>
	<item ingrediens="zombie pigman=1" requiredItem="priest" craftedItems="pigman=1" image="pig.png" soundPrefix="" type="grind" achievement="치니 친 친 !" onComplete="nothing" tooltip="건물을 지을 수 있습니다."/>
	<item ingrediens="pigman=1" requiredItem="nothing" craftedItems="pigman worker=1" image="pigmanWorker.png" soundPrefix="hand" type="" achievement="피그맨을 훈련했습니다 !" onComplete="automate nether sleigh" tooltip="석영 멧돼지를 제작하는데 필요합니다."/>
	<item ingrediens="nothing=0" requiredItem="nothing" craftedItems="wizard=1" image="wizard.png" soundPrefix="hand" type="villager" achievement="nothing" onComplete="nothing" tooltip="피그맨 일꾼이 석영 멧돼지로 바뀝니다."/>
	<item ingrediens="pigman worker=1" requiredItem="wizard" craftedItems="quartz hog=1" image="quartzHog.png" soundPrefix="hand" type="" achievement="석영 멧돼지를 조련시켰습니다 !" onComplete="autocraft block of quartz=.5" tooltip="네더 쿼츠 광색을 캐는데 필요합니다."/>
	<item ingrediens="nothing=0" requiredItem="quartz hog" craftedItems="nether quartz=1" image="netherQuartz.png" soundPrefix="metal" type="grind" achievement="네더 석영를 캤습니다 !" onComplete="nothing" tooltip="석영 블록을 제작합니다."/>
	<item ingrediens="nether quartz=4" requiredItem="quartz hog" craftedItems="block of quartz=1" image="blockOfQuartz.png" soundPrefix="metal" type="" achievement="석영 블록을 제작했습니다 !" onComplete="nothing" tooltip="석영 구조물을 짓는데 필요합니다. "/>
	<item ingrediens="block of quartz=9" requiredItem="contractor" craftedItems="quartz wall=1" image="quartzWall.png" soundPrefix="metal" type="" achievement="석영 담장을 지었습니다 !" onComplete="nothing" tooltip="석영으로 방을 짓는데 필요합니다."/>
	<item ingrediens="quartz wall=5" requiredItem="contractor" craftedItems="quartz hut=1" image="quartzHut.png" soundPrefix="metal" type="" achievement="석영 오두막을 지었습니다 !" onComplete="nothing" tooltip="더 큰 구조물을 짓는데 필요합니다."/>
	<item ingrediens="nothing=0" requiredItem="woodsman" craftedItems="sugar cane=1" image="sugarCane.png" soundPrefix="whoosh" type="grind" achievement="nothing" onComplete="nothing" tooltip="종이를 제작하는데 사용합니다."/>
	<item ingrediens="sugar cane=3" requiredItem="nothing" craftedItems="paper=3" image="paper.png" soundPrefix="whoosh" type="" achievement="종이를 분쇄했습니다 !" onComplete="nothing" tooltip="책을 제작하는 데 사용합니다."/>
	<item ingrediens="nothing=0" requiredItem="hunter" craftedItems="leather=1" image="leather.png" soundPrefix="whoosh" type="grind" achievement="nothing" onComplete="nothing" tooltip="책을 제작하는 데 사용합니다."/>
	<item ingrediens="paper=3,leather=1" requiredItem="nothing" craftedItems="book=1" image="book.png" soundPrefix="whoosh" type="" achievement="책을 제본했습니다 !" onComplete="nothing" tooltip="책장을 제작하는 데 사용합니다."/>
	<item ingrediens="nothing=0" requiredItem="woodsman" craftedItems="wood=1" image="wood.png" soundPrefix="wood" type="grind" achievement="nothing" onComplete="nothing" tooltip="나무판자와 원목을 제작하는데 필요합니다."/>
	<item ingrediens="wood=1" requiredItem="carpenter" craftedItems="planks=4" image="planks.png" soundPrefix="wood" type="" achievement="nothing" onComplete="nothing" tooltip="나무로 물건을 제작하는데 사용합니다."/>
	<item ingrediens="planks=6,book=3" requiredItem="carpenter" craftedItems="bookshelf=1" image="bookshelf.png" soundPrefix="wood" type="" achievement="책꽂이를 제작했습니다 !" onComplete="nothing" tooltip="책더미를 제작하는데 사용합니다."/>
	<item ingrediens="bookshelf=12" requiredItem="carpenter" craftedItems="book stacks=1" image="bookStacks.png" soundPrefix="wood" type="" achievement="책더미 !" onComplete="nothing" tooltip="독서실을 짓는데 사용합니다."/>
	<item ingrediens="quartz hut=1,book stacks=1" requiredItem="contractor" craftedItems="library room=1" image="libraryRoom.png" soundPrefix="metal" type="" achievement="독서실을 지었습니다 !" onComplete="nothing" tooltip="석영 교실을 짓는데 사용합니다."/>
	<item ingrediens="block of quartz=6" requiredItem="quartz hog" craftedItems="quartz stairs=4" image="quartzStairs.png" soundPrefix="metal" type="" achievement="석영 계단을 제작했습니다 !" onComplete="nothing" tooltip="석영으로 물건을 제작하는데 사용합니다."/>
	<item ingrediens="planks=2" requiredItem="carpenter" craftedItems="stick=4" image="stick.png" soundPrefix="wood" type="" achievement="nothing" onComplete="nothing" tooltip="관문을 제작하는데 사용합니다."/>
	<item ingrediens="planks=4,stick=1" requiredItem="carpenter" craftedItems="sign=3" image="sign.png" soundPrefix="wood" type="" achievement="표지판을 제작했습니다 !" onComplete="nothing" tooltip="칠판을 제작하는데 사용합니다."/>
	<item ingrediens="sign=6" requiredItem="carpenter" craftedItems="chalkboard=1" image="chalkboard.png" soundPrefix="wood" type="" achievement="칠판을 제작했습니다 !" onComplete="nothing" tooltip="교실에 사용합니다."/>
	<item ingrediens="quartz hut=1,quartz stairs=2,chalkboard=1" requiredItem="contractor" craftedItems="classroom=1" image="classroom.png" soundPrefix="metal" type="" achievement="교실을 지었습니다 !" onComplete="nothing" tooltip="석영 교실을 짓는데 사용합니다."/>
	<item ingrediens="nothing=0" requiredItem="nether sleigh" craftedItems="blaze rod=1" image="blazeRod.png" soundPrefix="metal" type="grind" achievement="블레이즈 막대 !" onComplete="nothing" tooltip="약물을 제작하는데 사용합니다."/>
	<item ingrediens="cobblestone=3,blaze rod=1" requiredItem="nothing" craftedItems="brewing stand=1" image="brewingStand.png" soundPrefix="whoosh" type="" achievement="양조기를 제작했습니다 !" onComplete="nothing" tooltip="약사학교를 짓는데 필요합니다."/>
	<item ingrediens="quartz stairs=2" requiredItem="quartz hog" craftedItems="quartz table=1" image="quartzTable.png" soundPrefix="metal" type="" achievement="석영 탁자를 제작했습니다 !" onComplete="nothing" tooltip="실험실에 사용합니다."/>
	<item ingrediens="quartz hut=1,quartz table=1,chalkboard=1" requiredItem="contractor" craftedItems="lab=1" image="lab.png" soundPrefix="metal" type="" achievement="실험실을 지었습니다 !" onComplete="nothing" tooltip="석영 교실을 짓는데 사용합니다."/>
	<item ingrediens="block of quartz=3" requiredItem="quartz hog" craftedItems="quartz slab=6" image="quartzSlab.png" soundPrefix="metal" type="" achievement="석영 반블록을 제작했습니다 !" onComplete="nothing" tooltip="나선형 난간을 제작하는데 사용합니다."/>
	<item ingrediens="quartz slab=2,block of quartz=1" requiredItem="quartz hog" craftedItems="spiral riser=1" image="quartzSpiralRiser.png" soundPrefix="metal" type="" achievement="나선형 난간을 제작했습니다 !" onComplete="nothing" tooltip="나선형 계단을 제작하는데 사용합니다."/>
	<item ingrediens="spiral riser=4" requiredItem="quartz hog" craftedItems="spiral staircase=1" image="quartzSpiralStaircase.png" soundPrefix="metal" type="" achievement="나선형 계단을 지었습니다 !" onComplete="nothing" tooltip="나선형 계단통을 짓는데 사용합니다."/>
	<item ingrediens="quartz hut=1,spiral staircase=1" requiredItem="contractor" craftedItems="quartz stairwell=1" image="quartzStairwell.png" soundPrefix="metal" type="" achievement="석영 나선형 계단통을 지었습니다 !" onComplete="nothing" tooltip="석영 교실을 짓는데 사용합니다."/>
	<item ingrediens="library room=1,classroom=1,lab=1,quartz stairwell=1" requiredItem="contractor" craftedItems="quartz classrooms=1" image="quartzClassrooms.png" soundPrefix="metal" type="" achievement="석영 교실 !" onComplete="nothing" tooltip="학교를 짓는데 사용합니다."/>
	<item ingrediens="block of quartz=2" requiredItem="quartz hog" craftedItems="pillar quartz block=2" image="pillarQuartzBlock.png" soundPrefix="metal" type="" achievement="기둥 석영 블록 !" onComplete="nothing" tooltip="석영 기둥을 제작하는데 사용합니다."/>
	<item ingrediens="pillar quartz block=4" requiredItem="quartz hog" craftedItems="quartz pillar=1" image="quartzPillar.png" soundPrefix="metal" type="" achievement="석영 기둥을 제작했습니다 !" onComplete="nothing" tooltip="기둥과 가지보를 짓는데 사용합니다."/>
	<item ingrediens="quartz stairs=8" requiredItem="quartz hog" craftedItems="column base=1" image="columnBase.png" soundPrefix="metal" type="" achievement="기둥 기초를 제작했습니다 !" onComplete="nothing" tooltip="기둥을 제작하는데 사용합니다."/>
	<item ingrediens="quartz stairs=8" requiredItem="quartz hog" craftedItems="column capital=1" image="columnCapital.png" soundPrefix="metal" type="" achievement="기둥 머리를 제작했습니다 !" onComplete="nothing" tooltip="기둥을 제작하는데 사용합니다."/>
	<item ingrediens="quartz pillar=1,column base=1,column capital=1" requiredItem="quartz hog" craftedItems="column=1" image="column.png" soundPrefix="metal" type="" achievement="기둥을 지었습니다 !" onComplete="nothing" tooltip="파비용과 콜로네이드를 짓는데 사용합니다."/>
	<item ingrediens="column=6" requiredItem="contractor" craftedItems="colonnade=1" image="colonnade.png" soundPrefix="metal" type="" achievement="콜로네이드를 지었습니다 !" onComplete="nothing" tooltip="학교를 짓는데 사용합니다."/>
	<item ingrediens="block of quartz=25" requiredItem="quartz hog" craftedItems="quartz pavement=1" image="quartzPavement.png" soundPrefix="metal" type="" achievement="석영으로 바닥을 포장했습니다 !" onComplete="nothing" tooltip="아래 구조물을 포장하는데 사용합니다."/>
	<item ingrediens="colonnade=1,quartz pavement=1" requiredItem="contractor" craftedItems="paved colonnade=1" image="pavedColonnade.png" soundPrefix="metal" type="" achievement="콜로네이드에 포장을 깔았습니다 !" onComplete="nothing" tooltip="학교를 짓는데 사용합니다."/>
	<item ingrediens="block of quartz=245" requiredItem="contractor" craftedItems="large dome=1" image="largeDome.png" soundPrefix="metal" type="" achievement="대형 돔을 지었습니다 !" onComplete="nothing" tooltip="파비용을 짓는데 사용합니다."/>
	<item ingrediens="column=8" requiredItem="quartz hog" craftedItems="quartz henge=1" image="quartzHenge.png" soundPrefix="metal" type="" achievement="석영 헨지를 지었습니다 !" onComplete="nothing" tooltip="파비용을 짓는데 사용합니다."/>
	<item ingrediens="quartz henge=1,large dome=1" requiredItem="contractor" craftedItems="pavilion=1" image="pavilion.png" soundPrefix="metal" type="" achievement="파비용을 지었습니다 !" onComplete="nothing" tooltip="학교를 짓는데 사용합니다."/>
	<item ingrediens="quartz classrooms=2,paved colonnade=1,pavilion=1,brewing stand=1" requiredItem="contractor" craftedItems="apothecary school=1" image="apothecarySchool.png" soundPrefix="metal" type="" achievement="약사 학교 !" onComplete="beatLocation" tooltip="호그쿼츠의 부품입니다."/>
	<item ingrediens="nothing=0" requiredItem="apothecary school" craftedItems="apothecary school exporter=1" image="apothecarySchool.png" soundPrefix="" type="" achievement="nothing" onComplete="navigateToUrl 1ItsIC" tooltip="다운로드."/>
	<item ingrediens="wizard=1" requiredItem="apothecary school" craftedItems="apothecary=1" image="apothecary.png" soundPrefix="hand" type="" achievement="약사를 훈련시켰습니다" onComplete="nothing" tooltip="약물과 폭발물을 제작하는데 사용합니다."/>
	<item ingrediens="nothing=0" requiredItem="hunter" craftedItems="ender pearl=1" image="enderPearl.png" soundPrefix="whoosh" type="grind" achievement="엔더 진주 !" onComplete="nothing" tooltip="엔더의 눈을 제작하는데 사용합니다."/>
	<item ingrediens="blaze rod=1" requiredItem="apothecary" craftedItems="blaze powder=2" image="blazePowder.png" soundPrefix="whoosh" type="" achievement="블레이즈 분말을 제작했습니다 !" onComplete="nothing" tooltip="엔더의 눈을 제작하는데 사용합니다."/>
	<item ingrediens="blaze powder=1,ender pearl=1" requiredItem="apothecary" craftedItems="eye of ender=1" image="eyeOfEnder.png" soundPrefix="whoosh" type="" achievement="엔더의 눈 !" onComplete="nothing" tooltip="근거지를 찾는데 사용합니다."/>
	<item ingrediens="eye of ender=20" requiredItem="nothing" craftedItems="eyes of ender=1" image="eyesOfEnder.png" soundPrefix="whoosh" type="" achievement="엔더의 두 눈 !" onComplete="markMap Lie Bury-175-1002" tooltip="근거지를 찾아서 수리하는데 사용합니다."/>
	<item ingrediens="nothing=0" requiredItem="nothing" craftedItems="miner=1" image="miner.png" soundPrefix="hand" type="" achievement="nothing" onComplete="automate cavern" tooltip="동굴을 캡니다."/>
	<item ingrediens="nothing=0" requiredItem="nothing" craftedItems="hunter=1" image="hunter.png" soundPrefix="hand" type="" achievement="nothing" onComplete="automate mobs" tooltip="몹과 싸웁니다."/>
	<item ingrediens="nothing=0" requiredItem="nothing" craftedItems="woodsman=1" image="woodsman.png" soundPrefix="hand" type="villager" achievement="nothing" onComplete="automate overworld" tooltip="오버월드 그라인더를 자동화합니다."/>
	<item ingrediens="nothing=0" requiredItem="nothing" craftedItems="carpenter=1" image="carpenter.png" soundPrefix="hand" type="villager" achievement="nothing" onComplete="nothing" tooltip="나무로 물건을 제작합니다."/>
	<item ingrediens="nothing=0" requiredItem="nothing" craftedItems="contractor=1" image="contractor.png" soundPrefix="hand" type="villager" achievement="nothing" onComplete="nothing" tooltip="석영 건물을 짓습니다."/>
	<item ingrediens="nothing=0" requiredItem="nothing" craftedItems="speed potion=1" image="potion.png" soundPrefix="hand" type="" achievement="포션을 발견했습니다 !" onComplete="nothing" tooltip="마실 수 있습니다."/>
	<item ingrediens="speed potion=1" requiredItem="nothing" craftedItems="use speed potion=1" image="usePotion.png" soundPrefix="hand" type="" achievement="포션을 마셨습니다 !" onComplete="speed 200" tooltip="빠른 속성을 가지고 있습니다."/>
	<item ingrediens="nothing=0" requiredItem="woodsman" craftedItems="sand=1" image="sand.png" soundPrefix="dirt" type="grind" achievement="모래를 팠습니다 !" onComplete="nothing" tooltip="모래 기둥을 제작합니다."/>
	<item ingrediens="nothing=0" requiredItem="miner" craftedItems="cobblestone=1" image="cobblestone.png" soundPrefix="metal" type="grind" achievement="nothing" onComplete="nothing" tooltip="건물을 짓는데 사용합니다."/>
	<item ingrediens="nothing=0" requiredItem="miner" craftedItems="flint=1" image="flint.png" soundPrefix="dirt" type="grind" achievement="nothing" onComplete="nothing" tooltip="화살을 제작하는데 사용합니다."/>
	<item ingrediens="nothing=0" requiredItem="miner" craftedItems="rail=1" image="rail.png" soundPrefix="metal" type="grind" achievement="nothing" onComplete="nothing" tooltip="철도를 짓는데 필요합니다."/>
	<item ingrediens="nothing=0" requiredItem="miner" craftedItems="coal=1" image="coal.png" soundPrefix="metal" type="grind" achievement="nothing" onComplete="nothing" tooltip="주괴를 제련하는데 사용합니다."/>
	<item ingrediens="nothing=0" requiredItem="miner" craftedItems="iron ore=1" image="ironOre.png" soundPrefix="metal" type="grind" achievement="nothing" onComplete="nothing" tooltip="철 주괴를 제련하는데 필요합니다."/>
	<item ingrediens="nothing=0" requiredItem="miner" craftedItems="gold ore=1" image="goldOre.png" soundPrefix="metal" type="grind" achievement="nothing" onComplete="nothing" tooltip="황금 주괴를 제련하는데 필요합니다."/>
	<item ingrediens="nothing=0" requiredItem="miner" craftedItems="diamond=1" image="diamond.png" soundPrefix="metal" type="grind" achievement="nothing" onComplete="nothing" tooltip="다이아몬드 공구와 아이템을 제작하는데 사용합니다."/>
	<item ingrediens="nothing=0" requiredItem="miner" craftedItems="redstone=4" image="redstone.png" soundPrefix="metal" type="grind" achievement="nothing" onComplete="nothing" tooltip="레드스톤 장치를 제작하는데 사용합니다."/>
	<item ingrediens="nothing=0" requiredItem="miner" craftedItems="obsidian=1" image="obsidian.png" soundPrefix="metal" type="grind" achievement="nothing" onComplete="nothing" tooltip="흑요석으로 사물을 제작하는데 사용합니다."/>
	<item ingrediens="nothing=0" requiredItem="miner" craftedItems="bucket=1" image="bucket.png" soundPrefix="metal" type="grind" achievement="양동이를 제작했습니다 !" onComplete="nothing" tooltip="물과 용암을 얻는데 필요합니다."/>
	<item ingrediens="nothing=0" requiredItem="miner" craftedItems="gunpowder=1" image="gunpowder.png" soundPrefix="whoosh" type="grind" achievement="화약 !" onComplete="nothing" tooltip="폭발물을 제작하는데 사용합니다."/>
	<item ingrediens="nothing=0" requiredItem="hunter" craftedItems="gold armor=1" image="goldArmor.png" soundPrefix="metal" type="grind" achievement="황금 갑옷 !" onComplete="nothing" tooltip="황금 병사 제작하는 용"/>
	<item ingrediens="nothing=0" requiredItem="hunter" craftedItems="gold sword=1" image="goldSword.png" soundPrefix="metal" type="grind" achievement="nothing" onComplete="nothing" tooltip="몹을 공격합니다."/>
	<item ingrediens="nothing=0" requiredItem="hunter" craftedItems="iron armor=1" image="ironArmor.png" soundPrefix="metal" type="grind" achievement="철재 갑옷 !" onComplete="nothing" tooltip="철 병사를 제작하는 용."/>
	<item ingrediens="nothing=0" requiredItem="hunter" craftedItems="iron axe=1" image="ironAxe.png" soundPrefix="metal" type="grind" achievement="nothing" onComplete="nothing" tooltip="나무를 팹니다."/>
	<item ingrediens="nothing=0" requiredItem="nothing" craftedItems="string=1" image="string.png" soundPrefix="whoosh" type="grind" achievement="nothing" onComplete="nothing" tooltip="끈을 제작하는데 사용합니다."/>
	<item ingrediens="nothing=0" requiredItem="nothing" craftedItems="arrow=1" image="arrow.png" soundPrefix="whoosh" type="grind" achievement="nothing" onComplete="nothing" tooltip="활과 결합합니다."/>
	<item ingrediens="nothing=0" requiredItem="nothing" craftedItems="iron pick=1" image="ironPick.png" soundPrefix="metal" type="metal" achievement="nothing" onComplete="nothing" tooltip="황금을 캡니다."/>
	<item ingrediens="nothing=0" requiredItem="nothing" craftedItems="iron shovel=1" image="ironShovel.png" soundPrefix="metal" type="metal" achievement="nothing" onComplete="nothing" tooltip="흙과 자갈을 삽으로 펍니다."/>
	<item ingrediens="nothing=0" requiredItem="nothing" craftedItems="iron hoe=1" image="ironHoe.png" soundPrefix="metal" type="metal" achievement="nothing" onComplete="nothing" tooltip="흙을 경작합니다."/>
	<item ingrediens="nothing=0" requiredItem="nothing" craftedItems="iron sword=1" image="ironSword.png" soundPrefix="metal" type="metal" achievement="nothing" onComplete="nothing" tooltip="몹을 공격합니다."/>
	<item ingrediens="nothing=0" requiredItem="nothing" craftedItems="gold pick=1" image="goldPick.png" soundPrefix="metal" type="metal" achievement="nothing" onComplete="nothing" tooltip="다이아몬드를 캡니다."/>
	<item ingrediens="nothing=0" requiredItem="nothing" craftedItems="gold shovel=1" image="goldShovel.png" soundPrefix="metal" type="metal" achievement="nothing" onComplete="nothing" tooltip="흙과 자갈을 삽으로 펍니다."/>
	<item ingrediens="nothing=0" requiredItem="nothing" craftedItems="gold axe=1" image="goldAxe.png" soundPrefix="metal" type="metal" achievement="nothing" onComplete="nothing" tooltip="나무를 팹니다."/>
	<item ingrediens="nothing=0" requiredItem="nothing" craftedItems="gold hoe=1" image="goldHoe.png" soundPrefix="metal" type="metal" achievement="nothing" onComplete="nothing" tooltip="흙을 경작합니다."/>
	<item ingrediens="nothing=0" requiredItem="nothing" craftedItems="diamond pick=1" image="diamondPick.png" soundPrefix="metal" type="metal" achievement="nothing" onComplete="nothing" tooltip="빨리 캡니다."/>
	<item ingrediens="nothing=0" requiredItem="nothing" craftedItems="diamond shovel=1" image="diamondShovel.png" soundPrefix="metal" type="metal" achievement="nothing" onComplete="nothing" tooltip="흙과 자갈을 삽으로 펍니다."/>
	<item ingrediens="nothing=0" requiredItem="nothing" craftedItems="diamond sword=1" image="diamondSword.png" soundPrefix="metal" type="metal" achievement="nothing" onComplete="nothing" tooltip="몹을 공격합니다."/>
	<item ingrediens="nothing=0" requiredItem="nothing" craftedItems="diamond axe=1" image="diamondAxe.png" soundPrefix="metal" type="metal" achievement="nothing" onComplete="nothing" tooltip="나무를 팹니다."/>
	<item ingrediens="nothing=0" requiredItem="nothing" craftedItems="diamond hoe=1" image="diamondHoe.png" soundPrefix="metal" type="metal" achievement="nothing" onComplete="nothing" tooltip="흙을 경작합니다."/>
	<item ingrediens="coal=1,iron ore=1" requiredItem="furnace" craftedItems="iron ingot=1" image="ironIngot.png" soundPrefix="metal" type="metal" achievement="철 주괴를 제련했습니다 !" onComplete="nothing" tooltip="철재 공구와 갑옷을 제작하는 데 사용합니다."/>
	<item ingrediens="coal=1,gold ore=1" requiredItem="furnace" craftedItems="gold ingot=1" image="goldIngot.png" soundPrefix="metal" type="metal" achievement="황금 주괴를 제련했습니다 !" onComplete="nothing" tooltip="황금 공구와 갑옷을 제작하는데 사용합니다."/>
	<item ingrediens="nothing=0" requiredItem="nothing" craftedItems="city state=1" image="cityState.png" soundPrefix="" type="" achievement="도시 국가 !" onComplete="nothing" tooltip="굿 잡."/>
	<item ingrediens="nothing=0" requiredItem="nothing" craftedItems="port=1" image="port.png" soundPrefix="wood" type="wood" achievement="항구를 설립했습니다 !" onComplete="nothing" tooltip="그라인드크래프티아를 항해하는데 필요합니다."/>
	<item ingrediens="nothing=0" requiredItem="nothing" craftedItems="portal sleigh=1" image="portalSleigh.png" soundPrefix="metal" type="" achievement="차원문 썰매 !" onComplete="nothing" tooltip="네더를 탐험하는데 사용합니다."/>
</crafters>
	
</data>