<?xml version="1.0" encoding="utf-8" ?>
<data>
	<grinders>
		<item name="overworld" generates="wood,dirt" occurance="29,65" img="overworld.png" maxIncrease="5" />
		<item name="mine" generates="stone,gravel,coal ore,iron ore,gold ore,diamond ore,obsidian,lava,spider,slime" occurance="50,5,14,4,3,1,2,5,1.75,0.5" img="mine.png" maxIncrease="5"/>
		<item name="nether mobs" generates="nothing,zombie pigman,blaze,ghast" occurance="remainder,3,1,1.75" img="netherMobs.png" maxIncrease="0"/>
		<item name="nether" generates="nothing,netherrack" occurance="remainder,50" img="nether.png" maxIncrease="0"/>
	</grinders>
	
	<grinds>
		<item name="hand" img="hand.png" drops="hand=1" dependency="none" timeToBreak="" achievement=""></item>
		<item name="wood" img="wood.png" drops="wood=1" dependency="hand,woodsman,iron axe,gold axe,diamond axe" timeToBreak="3,0.74,0.5,0.375,0.1875" achievement="나무를 주먹으로 때렸습니다 !"></item>
		<item name="grass" img="grass.png" drops="seeds=1" dependency="woodsman,iron sword,gold sword,diamond sword" timeToBreak=".3,.2,.1,.05" achievement="풀을 옮겼습니다 !"></item>
		<item name="dirt" img="dirt.png" drops="dirt=1" dependency="woodsman,iron shovel,gold shovel,diamond shovel" timeToBreak="0.1875,0.1874,0.125,0.0938,0.06" achievement=""></item>
		<item name="water" img="water.png" drops="water=1" dependency="bucket,woodsman" timeToBreak="0.125,0.1875" achievement=""></item>
		<item name="lava" img="lava.png" drops="lava=1" dependency="minecraft" timeToBreak="0.05" achievement=""></item>
		<item name="gravel" img="gravel.png" drops="flint=.1" dependency="miner,iron shovel,gold shovel,diamond shovel" timeToBreak="0.224,0.15,0.1125,0.08" achievement=""></item>
		<item name="stone" img="stone.png" drops="cobblestone=1" dependency="miner,iron pick,gold pick,diamond pick" timeToBreak="0.5625,0.5624,0.375,0.2813,0.19" achievement="돌을 낳았습니다 !"></item>
		<item name="coal ore" img="coalOre.png" drops="coal=1" dependency="scaffolding" timeToBreak="0.75" achievement=""></item>
		<item name="iron ore" img="ironOre.png" drops="iron ore=1" dependency="scaffolding" timeToBreak="1.125" achievement=""></item>
		<item name="gold ore" img="goldOre.png" drops="gold ore=1" dependency="iron pick,miner,gold pick,diamond pick" timeToBreak="1.25,1.8,0.75,0.5" achievement="황금 !"></item>
		<item name="diamond ore" img="diamondOre.png" drops="diamond=1" dependency="minecart" timeToBreak="1.8" achievement=""></item>
		<item name="obsidian" img="obsidian.png" drops="obsidian=1" dependency="minecart" timeToBreak="5" achievement=""></item>
		<item name="zombie" img="zombie.png" drops="nothing=0" dependency="hunter,iron sword,gold sword,diamond sword" timeToBreak="2.48,2.08,1.79,1" achievement=""></item>
		<item name="skeleton" img="skeleton.png" drops="arrow=0.5" dependency="hunter,iron sword,gold sword,diamond sword" timeToBreak="2.18,1.83,1.57,1" achievement=""></item>
		<item name="witch" img="witch.png" drops="witch=1" dependency="trap" timeToBreak="3" achievement=""></item>
		<item name="zombie villager" img="zombieVillager.png" drops="zombie villager=1" dependency="trap" timeToBreak="1.67" achievement=""></item>
		<item name="spider" img="spider.png" drops="string=0.5" dependency="hunter,iron sword,gold sword,diamond sword" timeToBreak="1.78,1.5,1.29,1" achievement=""></item>
		<item name="string" img="string.png" drops="" dependency="" timeToBreak="" achievement=""></item>
		<item name="slime" img="slime.png" drops="slime ball=0.5" dependency="hunter,iron sword,gold sword,diamond sword" timeToBreak="0.98,0.83,0.714,0.638" achievement=""></item>
		<item name="slime ball" img="slime ball.png" drops="" dependency="" timeToBreak="" achievement=""></item>
		<item name="chicken" img="chicken.png" drops="feather=0.5" dependency="hunter,iron sword,gold sword,diamond sword" timeToBreak=".38,.33,.286,.26" achievement=""></item>
		<item name="feather" img="feather.png" drops="" dependency="" timeToBreak="" achievement=""></item>
		<item name="cow" img="cow.png" drops="leather=2" dependency="hunter,iron sword,gold sword,diamond sword" timeToBreak=".98,.83,.714,.638" achievement=""></item>
		<item name="leather" img="leather.png" drops="" dependency="" timeToBreak="" achievement=""></item>
		<item name="pig" img="pig.png" drops="nothing=0" dependency="hunter,iron sword,gold sword,diamond sword" timeToBreak=".98,.83,.714,.638" achievement=""></item>
		<item name="sheep" img="sheep.png" drops="wool=0.5" dependency="hunter,iron sword,gold sword,diamond sword" timeToBreak=".78,.667,.57,.5" achievement=""></item>
		<item name="wool" img="wool.png" drops="" dependency="" timeToBreak="" achievement=""></item>
		<item name="horse" img="horse.png" drops="horse=1" dependency="lead" timeToBreak="1" achievement=""></item>
		<item name="sugar cane" img="sugarCane.png" drops="sugar cane=1" dependency="gardener,iron sword,gold sword,diamond sword" timeToBreak="0.34,0.3,0.25,0.19" achievement=""></item>
		<item name="wheat" img="wheat.png" drops="wheat=.66,seeds=.33" dependency="gardener,iron sword,gold sword,diamond sword" timeToBreak="0.34,0.3,0.25,0.19" achievement=""></item>
		<item name="netherrack" img="netherrack.png" drops="netherrack=10" dependency="pigman worker" timeToBreak="0.56" achievement="네더가 박살났습니다 !"></item>
		<item name="zombie pigman" img="zombiePigman.png" drops="zombie pigman=1" dependency="iron trap" timeToBreak="2.49" achievement=""></item>
		<item name="blaze" img="blaze.png" drops="blaze rod=.5" dependency="nether fortress" timeToBreak="5" achievement=""></item>
		<item name="blaze rod" img="blazeRod.png" drops="" dependency="" timeToBreak="" achievement=""></item>
		<item name="ghast" img="ghast.png" drops="ghast=1" dependency="ghast trap" timeToBreak="4.5" achievement=""></item>
		<item name="spider" img="spider.png" drops="string=0.5" dependency="hunter,iron sword,gold sword,diamond sword" timeToBreak="1.78,1.5,1.29,1" achievement=""></item>
		<item name="slime" img="slime.png" drops="slime ball=0.5" dependency="hunter,iron sword,gold sword,diamond sword" timeToBreak=".98,.83,.714,.638" achievement=""></item>
		<item name="slime ball" img="slimeBall.png" drops="" dependency="" timeToBreak="" achievement=""></item>
		<item name="witherSkeleton" img="witherSkeleton.png" drops="coal=.5,bone=.67" dependency="hunter,iron sword,gold sword,diamond sword" timeToBreak="5,4.25,3.67,3" achievement=""></item>
	</grinds>
	
<crafters>
	<item ingrediens="wood=1" requiredItem="carpenter" craftedItems="wood slab=6" image="woodSlab.png" soundPrefix="wood" type="wood" achievement="nothing" onComplete="nothing" tooltip="데크를 짓는데 필요합니다."/>
	<item ingrediens="wood slab=9" requiredItem="carpenter" craftedItems="deck=1" image="deck.png" soundPrefix="wood" type="wood" achievement="nothing" onComplete="nothing" tooltip="발판을 짓는데 필요합니다."/>
	<item ingrediens="wood=6" requiredItem="carpenter" craftedItems="fence=9" image="fence.png" soundPrefix="wood" type="wood" achievement="nothing" onComplete="nothing" tooltip="우리를 짓는 데 사용합니다."/>
	<item ingrediens="fence=3" requiredItem="carpenter" craftedItems="post=1" image="post.png" soundPrefix="wood" type="wood" achievement="nothing" onComplete="nothing" tooltip="플랫폼을 짓는데 필요합니다."/>
	<item ingrediens="deck=1,post=4" requiredItem="carpenter" craftedItems="platform=1" image="platform.png" soundPrefix="wood" type="wood" achievement="nothing" onComplete="nothing" tooltip="발판을 짓는데 필요합니다."/>
	<item ingrediens="wood=1" requiredItem="carpenter" craftedItems="ladder=3" image="ladder.png" soundPrefix="wood" type="wood" achievement="nothing" onComplete="nothing" tooltip="발판을 짓는데 필요합니다."/>
	<item ingrediens="platform=1,deck=1,wood=1,ladder=5" requiredItem="carpenter" craftedItems="scaffold=1" image="scaffold.png" soundPrefix="wood" type="wood" achievement="발판을 지었습니다 !" onComplete="nothing" tooltip="비계를 짓는데 필요합니다."/>
	<item ingrediens="deck=1,fence=6" requiredItem="carpenter" craftedItems="bridge=1" image="bridge.png" soundPrefix="wood" type="wood" achievement="교각을 지었습니다 !" onComplete="nothing" tooltip="비계를 짓는데 필요합니다."/>
	<item ingrediens="scaffold=6,bridge=1" requiredItem="nothing" craftedItems="scaffolding=1" image="scaffolding.png" soundPrefix="wood" type="wood" achievement="비계를 지었습니다 !" onComplete="nothing" tooltip="협곡 바닥에 도달하는데 필요합니다."/>
	<item ingrediens="cobblestone=8" requiredItem="crafting table" craftedItems="furnace=1" image="furnace.png" soundPrefix="" type="" achievement="화로를 제작했습니다 !" onComplete="nothing" tooltip="철과 금을 제련하는데 필요합니다."/>
	<item ingrediens="nothing=0" requiredItem="iron pick,gold pick,diamond pick" craftedItems="coal=1" image="coal.png" soundPrefix="metal" type="grind" achievement="nothing" onComplete="nothing" tooltip="주괴를 제련하는데 사용합니다."/>
	<item ingrediens="nothing=0" requiredItem="iron pick,gold pick,diamond pick" craftedItems="iron ore=1" image="ironOre.png" soundPrefix="metal" type="grind" achievement="nothing" onComplete="nothing" tooltip="철괴를 제련하는데 사용합니다."/>
	<item ingrediens="coal=1,iron ore=1" requiredItem="furnace" craftedItems="iron ingot=1" image="ironIngot.png" soundPrefix="metal" type="metal" achievement="철 주괴를 제련했습니다 !" onComplete="nothing" tooltip="철재 공구와 갑옷을 제작하는 데 사용합니다."/>
	<item ingrediens="wood=1,iron ingot=6" requiredItem="crafting table" craftedItems="rail=16" image="rail.png" soundPrefix="metal" type="" achievement="레일을 제작했습니다" onComplete="nothing" tooltip="철도 교각을 짓는데 필요합니다."/>
	<item ingrediens="stick=3,iron ingot=2" requiredItem="crafting table" craftedItems="spike maul=1" image="spikeMaul.png" soundPrefix="metal" type="" achievement="가시 철퇴를 제작했습니다 !" onComplete="nothing" tooltip="철도 일꾼을 훈련시키는데 필요합니다."/>
	<item ingrediens="iron ingot=3" requiredItem="crafting table" craftedItems="line bar=1" image="lineBar.png" soundPrefix="metal" type="" achievement="라인바를 제작했습니다 !" onComplete="nothing" tooltip="철도 일꾼을 훈련시키는데 필요합니다."/>
	<item ingrediens="nothing=0" requiredItem="nothing" craftedItems="contractor=1" image="contractor.png" soundPrefix="hand" type="villager" achievement="청부업자를 고용했습니다 !" onComplete="nothing" tooltip="집을 짓습니다."/>
	<item ingrediens="contractor=1,spike maul=1,line bar=1" requiredItem="nothing" craftedItems="rail worker=1" image="railWorker.png" soundPrefix="hand" type="" achievement="철도 일꾼을 훈련시켰습니다 !" onComplete="nothing" tooltip="철도 교각을 짓는데 필요합니다."/>
	<item ingrediens="platform=1,rail=3" requiredItem="rail worker" craftedItems="rail bridge=1" image="railBridge.png" soundPrefix="metal" type="" achievement="철도 교각을 지었습니다 !" onComplete="nothing" tooltip="철도를 짓는데 필요합니다."/>
	<item ingrediens="rail bridge=24" requiredItem="rail worker" craftedItems="railway=1" image="railway.png" soundPrefix="metal" type="" achievement="철도를 지었습니다 !" onComplete="nothing" tooltip="동굴 지하에 도달하는데 필요합니다."/>
	<item ingrediens="nothing=0" requiredItem="railway" craftedItems="railway exporter=1" image="railway.png" soundPrefix="" type="" achievement="nothing" onComplete="navigateToUrl 1ENHZc" tooltip="다운로드."/>
	<item ingrediens="iron ingot=5" requiredItem="railway" craftedItems="minecart=1" image="minecart.png" soundPrefix="metal" type="" achievement="광산 수레를 제작했습니다 !" onComplete="nothing" tooltip="동굴 지하에 도달하는데 필요합니다."/>
	<item ingrediens="nothing=0" requiredItem="minecart" craftedItems="obsidian=1" image="obsidian.png" soundPrefix="metal" type="grind" achievement="흑요석을 획득했습니다 !" onComplete="nothing" tooltip="차원문을 짓는데 사용합니다."/>
	<item ingrediens="iron ingot=1,flint=1" requiredItem="crafting table" craftedItems="flint and steel=1" image="flintAndSteel.png" soundPrefix="metal" type="" achievement="부싯돌과 부시 !" onComplete="nothing" tooltip="차원문을 짓는데 사용합니다."/>
	<item ingrediens="obsidian=25" requiredItem="flint and steel" craftedItems="portal=1" image="portal.png" soundPrefix="metal" type="" achievement="차원문을 지었습니다 !" onComplete="showGrinder nether" tooltip="네더로 가는데 사용합니다."/>
	<item ingrediens="wood=1" requiredItem="carpenter" craftedItems="pressure plate=1" image="pressurePlate.png" soundPrefix="wood" type="" achievement="nothing" onComplete="nothing" tooltip="덫을 제작하는데 필요합니다."/>
	<item ingrediens="iron ingot=6" requiredItem="crafting table" craftedItems="iron door=1" image="ironDoor.png" soundPrefix="metal" type="" achievement="철문을 제작했습니다 !" onComplete="nothing" tooltip="덫을 제작하는데 필요합니다."/>
	<item ingrediens="iron door=4,pressure plate=1" requiredItem="portal" craftedItems="iron trap=1" image="ironTrap.png" soundPrefix="metal" type="" achievement="철재 덫을 제작했습니다 !" onComplete="automate nether mobs" tooltip="좀비 피그맨을 포획하는데 필요합니다."/>
	<item ingrediens="nothing=0" requiredItem="portal" craftedItems="zombie pigman=1" image="zombiePigman.png" soundPrefix="hand" type="grind" achievement="좀비 피그맨이 덫에 걸렸습니다 !" onComplete="nothing" tooltip="좀비 피그맨들을 물리치는데 필요합니다."/>
	<item ingrediens="nothing=0" requiredItem="nothing" craftedItems="priest=1" image="priest.png" soundPrefix="hand" type="villager" achievement="nothing" onComplete="autocraft pigman=1" tooltip="좀비 피그맨들을 물리치는데 필요합니다."/>
	<item ingrediens="zombie pigman=1" requiredItem="priest" craftedItems="pigman=1" image="pig.png" soundPrefix="" type="" achievement="치니 친 친 !" onComplete="nothing" tooltip="건물을 지을 수 있습니다."/>
	<item ingrediens="pigman=1" requiredItem="nothing" craftedItems="pigman worker=1" image="pigmanWorker.png" soundPrefix="hand" type="" achievement="피그맨을 훈련했습니다 !" onComplete="automate nether" tooltip="네더랙을 얻는데 필요합니다."/>
	<item ingrediens="pigman worker=1" requiredItem="spike maul" craftedItems="worker pork=1" image="workerPork.png" soundPrefix="hand" type="" achievement="돼지화합니다 !" onComplete="deautomate nether" tooltip="피그맨 일꾼을 돼지화합니다."/>
	<item ingrediens="nothing=0" requiredItem="pigman worker" craftedItems="netherrack=10" image="netherrack.png" soundPrefix="" type="grind" achievement="네더가 박살났습니다 !" onComplete="nothing" tooltip="네더 벽돌을 제작하는데 필요합니다."/>
	<item ingrediens="netherrack=10" requiredItem="furnace" craftedItems="nether brick=40" image="netherBrick.png" soundPrefix="" type="" achievement="네더 벽돌을 제련했습니다 !" onComplete="nothing" tooltip="네더블록을 제작하는데 필요합니다."/>
	<item ingrediens="nether brick=40" requiredItem="crafting table" craftedItems="netherblock=10" image="netherblock.png" soundPrefix="" type="" achievement="네더 블록을 제작했습니다 !" onComplete="nothing" tooltip="네더 벽돌 건축물을 짓는데 필요합니다."/>
	<item ingrediens="netherblock=36" requiredItem="nothing" craftedItems="nether section=1" image="netherSection.png" soundPrefix="" type="" achievement="네더 섹션을 지었습니다 !" onComplete="nothing" tooltip="네더 기둥과 복도를 짓는데 필요합니다."/>
	<item ingrediens="pigman=1" requiredItem="nothing" craftedItems="pigman smelter=1" image="pigmanSmelter.png" soundPrefix="hand" type="" achievement="비그맨 제련공 !" onComplete="autocraft nether brick=.5" tooltip="네더 벽돌을 자동으로 제작합니다."/>
	<item ingrediens="pigman=1" requiredItem="nothing" craftedItems="pigman mason=1" image="pigmanMason.png" soundPrefix="hand" type="" achievement="피그맨 석공 !" onComplete="autocraft netherblock=.5" tooltip="네더 벽돌로 네더블록을 자동으로 제작합니다."/>
	<item ingrediens="pigman=1" requiredItem="nothing" craftedItems="pigman builder=1" image="pigmanBuilder.png" soundPrefix="hand" type="" achievement="피그맨 건축가 !" onComplete="autocraft nether section=.5" tooltip="네더 섹션을 자동으로 짓습니다."/>
	<item ingrediens="nether section=7" requiredItem="nothing" craftedItems="nether pillar=1" image="netherPillar.png" soundPrefix="metal" type="" achievement="네더 기둥 !" onComplete="nothing" tooltip="네더 교각을 짓는데 필요합니다."/>
	<item ingrediens="nether pillar=5" requiredItem="nothing" craftedItems="nether bridge=1" image="netherBridge.png" soundPrefix="metal" type="" achievement="네더 교각을 지었습니다 !" onComplete="nothing" tooltip="네더 다릿길을 짓는데 필요합니다."/>
	<item ingrediens="nether bridge=10" requiredItem="nothing" craftedItems="nether bridgeways=1" image="netherBridgeways.png" soundPrefix="metal" type="" achievement="네더 다릿길 !" onComplete="nothing" tooltip="네더 요새 외관을 짓는데 필요합니다."/>
	<item ingrediens="pigman smelter=1" requiredItem="spike maul" craftedItems="smelter pork=1" image="smelterPork.png" soundPrefix="hand" type="" achievement="돼지화합니다 !" onComplete="deautocraft nether brick" tooltip="피그맨 제련공을 돼지화합니다."/>
	<item ingrediens="pigman mason=1" requiredItem="spike maul" craftedItems="mason pork=1" image="masonPork.png" soundPrefix="hand" type="" achievement="돼지화합니다 !" onComplete="deautocraft netherblock" tooltip="피그맨 석공을 돼지화합니다."/>
	<item ingrediens="pigman builder=1" requiredItem="spike maul" craftedItems="builder pork=1" image="builderPork.png" soundPrefix="hand" type="" achievement="돼지화합니다 !" onComplete="deautocraft nether section" tooltip="피그맨 건축가를 돼지화합니다."/>
	<item ingrediens="netherblock=6" requiredItem="crafting table" craftedItems="nether fence=6" image="netherFence.png" soundPrefix="metal" type="" achievement="네더 울타리를 제작했습니다 !" onComplete="nothing" tooltip="네더 방들을 짓는데 필요합니다."/>
	<item ingrediens="netherblock=6" requiredItem="crafting table" craftedItems="nether stairs=6" image="netherStairs.png" soundPrefix="metal" type="" achievement="네더 계단을 제작했습니다 !" onComplete="nothing" tooltip="네더 방들을 짓는데 필요합니다."/>
	<item ingrediens="nether stairs=9,netherblock=16,nether fence=2" requiredItem="nothing" craftedItems="nether staircase=1" image="netherStaircase.png" soundPrefix="metal" type="" achievement="네더 계단 !" onComplete="nothing" tooltip="네더 방들을 짓는데 필요합니다."/>
	<item ingrediens="nether section=1,nether staircase=1,nether fence=27" requiredItem="nothing" craftedItems="nether spawn=1" image="netherSpawn.png" soundPrefix="metal" type="" achievement="nothing" onComplete="nothing" tooltip="네더 요새 외관을 짓는데 필요합니다."/>
	<item ingrediens="netherblock=81" requiredItem="nothing" craftedItems="nether wall=1" image="netherWall.png" soundPrefix="metal" type="" achievement="nothing" onComplete="nothing" tooltip="네더 방을 짓는데 필요합니다."/>
	<item ingrediens="nether wall=6,nether fence=22" requiredItem="nothing" craftedItems="nether room=1" image="netherRoom.png" soundPrefix="metal" type="" achievement="네더 방을 지었습니다 !" onComplete="nothing" tooltip="커스터마이즈 할 수 있습니다."/>
	<item ingrediens="netherblock=8,lava=1" requiredItem="nothing" craftedItems="nether well=1" image="netherWell.png" soundPrefix="metal" type="" achievement="네더 우물을 지었습니다 !" onComplete="nothing" tooltip="네더 우물 방을 짓는데 필요합니다."/>
	<item ingrediens="nether room=1,nether well=1" requiredItem="nothing" craftedItems="nether well room=1" image="netherWellRoom.png" soundPrefix="metal" type="" achievement="네더 우물 방 !" onComplete="nothing" tooltip="네더 요새 외관을 짓는데 필요합니다."/>
	<item ingrediens="nether bridgeways=1,nether spawn=1,nether well room=1" requiredItem="nothing" craftedItems="nether fortress exterior=1" image="netherFortressExterior.png" soundPrefix="metal" type="" achievement="요쇄 외관 !" onComplete="nothing" tooltip="네더 요새를 짓는데 필요합니다."/>
	<item ingrediens="nether room=1,netherblock=15" requiredItem="nothing" craftedItems="nether stair room=1" image="netherStairRoom.png" soundPrefix="metal" type="" achievement="네더 계단 방 !" onComplete="nothing" tooltip="네더 요새 내부를 짓는데 필요합니다."/>
	<item ingrediens="nether room=1,nether staircase=2" requiredItem="nothing" craftedItems="nether wart room=1" image="netherWartRoom.png" soundPrefix="metal" type="" achievement="네더 사마귀 방 !" onComplete="nothing" tooltip="네더 요새 내부를 짓는데 필요합니다."/>
	<item ingrediens="nether section=1,nether fence=4" requiredItem="nothing" craftedItems="nether hall section=1" image="netherHallSection.png" soundPrefix="metal" type="" achievement="nothing" onComplete="nothing" tooltip="네더 복도를 짓는데 필요합니다."/>
	<item ingrediens="nether hall section=7" requiredItem="nothing" craftedItems="nether hallway=1" image="netherHallway.png" soundPrefix="metal" type="" achievement="네더 복도를 지었습니다 !" onComplete="nothing" tooltip="네더 요새 내부를 짓는데 필요합니다."/>
	<item ingrediens="nether hall section=4,nether staircase=2" requiredItem="nothing" craftedItems="nether stairwell=1" image="netherStairwell.png" soundPrefix="metal" type="" achievement="네더 계단통 !" onComplete="nothing" tooltip="네더 요새 내부를 짓는데 필요합니다."/>
	<item ingrediens="netherblock=27,nether fence=13" requiredItem="nothing" craftedItems="nether balcony=1" image="netherBalcony.png" soundPrefix="metal" type="" achievement="네더 발코니를 지었습니다 !" onComplete="nothing" tooltip="네더 요새 내부를 짓는데 필요합니다."/>
	<item ingrediens="nether hallway=4,nether stairwell=1,nether balcony=1,nether wart room=1,nether stair room=1" requiredItem="nothing" craftedItems="nether fortress interior=1" image="netherFortressInterior.png" soundPrefix="metal" type="" achievement="요쇄 내부 !" onComplete="nothing" tooltip="네더 요새를 짓는데 필요합니다."/>
	<item ingrediens="nether fortress exterior=1,nether fortress interior=1" requiredItem="nothing" craftedItems="nether fortress=1" image="netherFortress.png" soundPrefix="metal" type="" achievement="네더 요새 !" onComplete="nothing" tooltip="가스트 잡이를 제작하는데 필요합니다."/>
	<item ingrediens="nothing=0" requiredItem="nether fortress" craftedItems="nether fortress exporter=1" image="netherFortress.png" soundPrefix="" type="" achievement="nothing" onComplete="navigateToUrl 1ENHzF" tooltip="다운로드."/>
	<item ingrediens="obsidian=54" requiredItem="nether fortress" craftedItems="ghast catcher=1" image="ghastCatcher.png" soundPrefix="metal" type="" achievement="가스트 잡이 !" onComplete="nothing" tooltip="가스트 덫을 제작하는데 필요합니다."/>
	<item ingrediens="cobblestone=64" requiredItem="ghast catcher" craftedItems="ghast trap=1" image="ghastTrap.png" soundPrefix="metal" type="" achievement="가스트 덫 !" onComplete="nothing" tooltip="가스트를 덫으로 잡는데 필요합니다."/>
	<item ingrediens="nothing=0" requiredItem="nothing" craftedItems="ghast=1" image="ghast.png" soundPrefix="hand" type="" achievement="가스트가 덫에 걸렸습니다 !" onComplete="nothing" tooltip="가스트를 길들이는데 필요합니다."/>
	<item ingrediens="ghast=1" requiredItem="nothing" craftedItems="gunpowder=1" image="gunpowder.png" soundPrefix="whoosh" type="" achievement="화약 !" onComplete="nothing" tooltip="폭발물을 제작하는데 사용합니다."/>
	<item ingrediens="nothing=0" requiredItem="nothing" craftedItems="string=1" image="string.png" soundPrefix="whoosh" type="" achievement="nothing" onComplete="nothing" tooltip="끈을 제작하는데 사용합니다."/>
	<item ingrediens="nothing=0" requiredItem="iron sword,gold sword,diamond sword" craftedItems="slime ball=1" image="slimeBall.png" soundPrefix="hand" type="grind" achievement="nothing" onComplete="nothing" tooltip="끈을 제작하는데 사용합니다."/>
	<item ingrediens="string=4,slime ball=1" requiredItem="nothing" craftedItems="lead=1" image="lead.png" soundPrefix="whoosh" type="" achievement="끈을 제작했습니다 !" onComplete="nothing" tooltip="가스트를 길들이는데 사용합니다."/>
	<item ingrediens="ghast=1,lead=1" requiredItem="nothing" craftedItems="tamed ghast=1" image="tamedGhast.png" soundPrefix="hand" type="" achievement="가스트를 길들였습니다 !" onComplete="nothing" tooltip="네더 썰매를 제작하는데 사용합니다."/>
	<item ingrediens="netherblock=3" requiredItem="crafting table" craftedItems="nether slab=6" image="netherSlab.png" soundPrefix="metal" type="" achievement="네더 반블록 !" onComplete="nothing" tooltip="네더 갈비를 제작하는데 사용합니다."/>
	<item ingrediens="nether stairs=8,nether slab=4" requiredItem="nothing" craftedItems="nether rib=1" image="netherRib.png" soundPrefix="metal" type="" achievement="네더 갈비를 제작했습니다 !" onComplete="nothing" tooltip="작은 네더 썰매를 제작하는데 사용합니다."/>
	<item ingrediens="nether rib=2" requiredItem="nothing" craftedItems="nether ski=1" image="netherSki.png" soundPrefix="metal" type="" achievement="네더 스키를 제작했습니다 !" onComplete="nothing" tooltip="작은 네더 썰매를 제작하는데 사용합니다."/>
	<item ingrediens="nether rib=6,nether ski=2" requiredItem="nothing" craftedItems="nether sled=1" image="netherSled.png" soundPrefix="metal" type="" achievement="작은 네더 썰매 !" onComplete="nothing" tooltip="네더 썰매를 제작하는데 사용합니다."/>
	<item ingrediens="tamed ghast=8,nether sled=1" requiredItem="nothing" craftedItems="nether sleigh=1" image="netherSleigh.png" soundPrefix="metal" type="" achievement="네더 썰매 !" onComplete="beatLocation" tooltip="협곡 광산을 깨는데 필요합니다."/>
	<item ingrediens="nothing=0" requiredItem="nether sleigh" craftedItems="nether sleigh exporter=1" image="netherSleigh.png" soundPrefix="" type="" achievement="nothing" onComplete="navigateToUrl 1ENI60" tooltip="다운로드."/>
	<item ingrediens="nether sled=1,portal=1" requiredItem="nothing" craftedItems="portal sled=1" image="portalSled.png" soundPrefix="metal" type="" achievement="작은 차원문 썰매를 제작했습니다 !" onComplete="" tooltip="차원문 썰매를 제작하는데 사용합니다."/>
	<item ingrediens="nether sleigh=1,portal sled=1" requiredItem="nothing" craftedItems="portal sleigh=1" image="portalSleigh.png" soundPrefix="metal" type="" achievement="차원문 썰매 !" onComplete="markMap Lost Mine-748-811" tooltip="네더를 탐험하는데 사용합니다."/>
	<item ingrediens="nothing=0" requiredItem="nothing" craftedItems="miner=1" image="miner.png" soundPrefix="hand" type="villager" achievement="nothing" onComplete="automate mine" tooltip="광산 그라인더를 자동화합니다."/>
	<item ingrediens="nothing=0" requiredItem="nothing" craftedItems="hunter=1" image="hunter.png" soundPrefix="hand" type="villager" achievement="nothing" onComplete="automate mobs" tooltip="몹 그라인더를 자동화합니다."/>
	<item ingrediens="nothing=0" requiredItem="nothing" craftedItems="woodsman=1" image="woodsman.png" soundPrefix="hand" type="villager" achievement="nothing" onComplete="automate overworld" tooltip="오버월드 그라인더를 자동화합니다."/>
	<item ingrediens="nothing=0" requiredItem="nothing" craftedItems="carpenter=1" image="carpenter.png" soundPrefix="hand" type="villager" achievement="nothing" onComplete="nothing" tooltip="나무로 물건을 제작합니다."/>
	<item ingrediens="nothing=0" requiredItem="nothing" craftedItems="smelter=1" image="smelter.png" soundPrefix="metal" type="villager" achievement="제련공을 훈련시켰습니다 !" onComplete="autocraft iron ingot=.5,autocraft gold ingot" tooltip="철괴와 금괴를 자동으로 제작합니다."/>
	<item ingrediens="nothing=0" requiredItem="nothing" craftedItems="blaze rod=1" image="blazeRod.png" soundPrefix="metal" type="" achievement="블레이즈 막대 !" onComplete="nothing" tooltip="약물을 제작하는데 사용합니다."/>
	<item ingrediens="nothing=0" requiredItem="nothing" craftedItems="arrow=4" image="arrow.png" soundPrefix="whoosh" type="" achievement="화살을 제작했습니다 !" onComplete="nothing" tooltip="활과 결합합니다."/>
	<item ingrediens="stick=2,iron ingot=3" requiredItem="crafting table" craftedItems="iron pick=1" image="ironPick.png" soundPrefix="metal" type="metal" achievement="nothing" onComplete="nothing" tooltip="황금을 캡니다."/>
	<item ingrediens="stick=2,iron ingot=1" requiredItem="crafting table" craftedItems="iron shovel=1" image="ironShovel.png" soundPrefix="metal" type="metal" achievement="nothing" onComplete="nothing" tooltip="흙과 자갈을 삽으로 펍니다."/>
	<item ingrediens="stick=2,iron ingot=3" requiredItem="crafting table" craftedItems="iron axe=1" image="ironAxe.png" soundPrefix="metal" type="metal" achievement="nothing" onComplete="nothing" tooltip="나무를 팹니다."/>
	<item ingrediens="stick=2,iron ingot=2" requiredItem="crafting table" craftedItems="iron hoe=1" image="ironHoe.png" soundPrefix="metal" type="metal" achievement="nothing" onComplete="nothing" tooltip="흙을 경작합니다."/>
	<item ingrediens="stick=1,iron ingot=2" requiredItem="crafting table" craftedItems="iron sword=1" image="ironSword.png" soundPrefix="metal" type="metal" achievement="nothing" onComplete="nothing" tooltip="몹을 공격합니다."/>
	<item ingrediens="stick=2,gold ingot=3" requiredItem="crafting table" craftedItems="gold pick=1" image="goldPick.png" soundPrefix="metal" type="metal" achievement="nothing" onComplete="nothing" tooltip="다이아몬드를 캡니다."/>
	<item ingrediens="stick=2,gold ingot=1" requiredItem="crafting table" craftedItems="gold shovel=1" image="goldShovel.png" soundPrefix="metal" type="metal" achievement="nothing" onComplete="nothing" tooltip="흙과 자갈을 삽으로 펍니다."/>
	<item ingrediens="stick=1,gold ingot=2" requiredItem="crafting table" craftedItems="gold sword=1" image="goldSword.png" soundPrefix="metal" type="metal" achievement="nothing" onComplete="nothing" tooltip="몹을 공격합니다."/>
	<item ingrediens="stick=2,gold ingot=3" requiredItem="crafting table" craftedItems="gold axe=1" image="goldAxe.png" soundPrefix="metal" type="metal" achievement="nothing" onComplete="nothing" tooltip="나무를 팹니다."/>
	<item ingrediens="stick=2,gold ingot=2" requiredItem="crafting table" craftedItems="gold hoe=1" image="goldHoe.png" soundPrefix="metal" type="metal" achievement="nothing" onComplete="nothing" tooltip="흙을 경작합니다."/>
	<item ingrediens="nothing=0" requiredItem="minecart" craftedItems="diamond=1" image="diamond.png" soundPrefix="metal" type="grind" achievement="nothing" onComplete="nothing" tooltip="다이아몬드 공구와 아이템을 제작하는데 사용합니다."/>
	<item ingrediens="stick=2,diamond=3" requiredItem="crafting table" craftedItems="diamond pick=1" image="diamondPick.png" soundPrefix="metal" type="metal" achievement="nothing" onComplete="nothing" tooltip="빨리 캡니다."/>
	<item ingrediens="stick=2,diamond=1" requiredItem="crafting table" craftedItems="diamond shovel=1" image="diamondShovel.png" soundPrefix="metal" type="metal" achievement="nothing" onComplete="nothing" tooltip="흙과 자갈을 삽으로 펍니다."/>
	<item ingrediens="stick=1,diamond=2" requiredItem="crafting table" craftedItems="diamond sword=1" image="diamondSword.png" soundPrefix="metal" type="metal" achievement="nothing" onComplete="nothing" tooltip="몹을 공격합니다."/>
	<item ingrediens="stick=2,diamond=3" requiredItem="crafting table" craftedItems="diamond axe=1" image="diamondAxe.png" soundPrefix="metal" type="metal" achievement="nothing" onComplete="nothing" tooltip="나무를 팹니다."/>
	<item ingrediens="stick=2,diamond=2" requiredItem="crafting table" craftedItems="diamond hoe=1" image="diamondHoe.png" soundPrefix="metal" type="metal" achievement="nothing" onComplete="nothing" tooltip="흙을 경작합니다."/>
	<item ingrediens="nothing=0" requiredItem="iron axe,gold axe,diamond axe" craftedItems="wood=1" image="wood.png" soundPrefix="wood" type="grind" achievement="nothing" onComplete="nothing" tooltip="나무 판자를 제작하는 데 사용합니다."/>
	<item ingrediens="nothing=0" requiredItem="iron shovel,gold shovel,diamond shovel" craftedItems="dirt=1" image="dirt.png" soundPrefix="dirt" type="grind" achievement="nothing" onComplete="nothing" tooltip="흙을 만드는데 사용됩니다."/>
	<item ingrediens="nothing=0" requiredItem="iron pick,gold pick,diamond pick" craftedItems="cobblestone=1" image="cobblestone.png" soundPrefix="metal" type="grind" achievement="nothing" onComplete="nothing" tooltip="건물을 짓는데 사용합니다."/>
	<item ingrediens="wood=1" requiredItem="nothing" craftedItems="planks=4" image="planks.png" soundPrefix="wood" type="wood" achievement="nothing" onComplete="nothing" tooltip="목재 공구와 아이템을 제작하는데 사용합니다."/>
	<item ingrediens="planks=4" requiredItem="nothing" craftedItems="crafting table=1" image="craftingTable.png" soundPrefix="wood" type="" achievement="작업대를 제작했습니다 !" onComplete="nothing" tooltip="아이템 제작에 필요합니다."/>
	<item ingrediens="planks=2" requiredItem="nothing" craftedItems="stick=4" image="stick.png" soundPrefix="wood" type="wood" achievement="nothing" onComplete="nothing" tooltip="목재 공구와 아이템을 제작하는데 사용합니다."/>
	<item ingrediens="nothing=0" requiredItem="iron shovel,gold shovel,diamond shovel" craftedItems="flint=1" image="flint.png" soundPrefix="dirt" type="grind" achievement="nothing" onComplete="nothing" tooltip="화살을 제작하는데 사용합니다."/>
	<item ingrediens="nothing=0" requiredItem="iron pick,gold pick,diamond pick" craftedItems="gold ore=1" image="goldOre.png" soundPrefix="metal" type="grind" achievement="nothing" onComplete="nothing" tooltip="금괴를 제련하는데 사용합니다."/>
	<item ingrediens="coal=1,gold ore=1" requiredItem="furnace" craftedItems="gold ingot=1" image="goldIngot.png" soundPrefix="metal" type="metal" achievement="황금 주괴를 제련했습니다 !" onComplete="nothing" tooltip="황금 공구와 갑옷을 제작하는데 사용합니다."/>
	<item ingrediens="nothing=0" requiredItem="miner" craftedItems="redstone=1" image="redstone.png" soundPrefix="metal" type="grind" achievement="nothing" onComplete="nothing" tooltip="레드스톤 장치를 제작하는데 사용합니다."/>
	<item ingrediens="nothing=0" requiredItem="nothing" craftedItems="city state=1" image="cityState.png" soundPrefix="" type="" achievement="도시 국가 !" onComplete="nothing" tooltip="굿 잡."/>
	<item ingrediens="nothing=0" requiredItem="nothing" craftedItems="port=1" image="port.png" soundPrefix="wood" type="wood" achievement="항구를 설립했습니다 !" onComplete="nothing" tooltip="그라인드크래프티아를 항해하는데 필요합니다."/>
</crafters>
	
	
</data>