<?xml version="1.0" encoding="utf-8" ?>
<data>
	
	<crafters>
		<item ingrediens="nothing=0" requiredItem="wood axe,stone axe,iron axe,gold axe,diamond axe" craftedItems="wood=1" image="wood.png" soundPrefix="wood" type="grind" achievement="nothing" onComplete="nothing" tooltip="Používá se k výrobě prken."/>
		<item ingrediens="stick=2,planks=3" requiredItem="crafting table" craftedItems="wood pick=1" image="woodPick.png" soundPrefix="wood" type="" achievement="Dřevěný nástroj vyrobený !" onComplete="nothing" tooltip="Těží kámen a uhlí."/>
		<item ingrediens="stick=2,planks=1" requiredItem="crafting table" craftedItems="wood shovel=1" image="woodShovel.png" soundPrefix="wood" type="" achievement="Dřevěný nástroj vyrobený !" onComplete="nothing" tooltip="Lopatou hlínu a štěrk."/>
		<item ingrediens="stick=1,planks=2" requiredItem="crafting table" craftedItems="wood sword=1" image="woodSword.png" soundPrefix="wood" type="" achievement="Dřevěný nástroj vyrobený !" onComplete="nothing" tooltip="Útočí na davy."/>
		<item ingrediens="stick=2,planks=3" requiredItem="crafting table" craftedItems="wood axe=1" image="woodAxe.png" soundPrefix="wood" type="" achievement="Dřevěný nástroj vyrobený !" onComplete="nothing" tooltip="Štípe dřevo."/>
		<item ingrediens="stick=2,planks=2" requiredItem="crafting table" craftedItems="wood hoe=1" image="woodHoe.png" soundPrefix="wood" type="" achievement="Dřevěný nástroj vyrobený !" onComplete="nothing" tooltip="Obdělává půdu."/>
		<item ingrediens="nothing=0" requiredItem="wood pick,stone pick,iron pick,gold pick,diamond pick" craftedItems="cobblestone=1" image="cobblestone.png" soundPrefix="metal" type="grind" achievement="nothing" onComplete="nothing" tooltip="Používá se ke stavbě budov."/>
		<item ingrediens="stick=2,cobblestone=1" requiredItem="crafting table" craftedItems="stone shovel=1" image="stoneShovel.png" soundPrefix="metal" type="stone" achievement="Kamenný nástroj vyrobený !" onComplete="nothing" tooltip="Lopatou hlínu a štěrk."/>
		<item ingrediens="stick=1,cobblestone=2" requiredItem="crafting table" craftedItems="stone sword=1" image="stoneSword.png" soundPrefix="metal" type="stone" achievement="Kamenný nástroj vyrobený !" onComplete="nothing" tooltip="Útočí na davy."/>
		<item ingrediens="stick=2,cobblestone=3" requiredItem="crafting table" craftedItems="stone axe=1" image="stoneAxe.png" soundPrefix="metal" type="stone" achievement="Kamenný nástroj vyrobený !" onComplete="nothing" tooltip="Štípe dřevo."/>
		<item ingrediens="stick=2,cobblestone=2" requiredItem="crafting table" craftedItems="stone hoe=1" image="stoneHoe.png" soundPrefix="metal" type="stone" achievement="Kamenný nástroj vyrobený !" onComplete="nothing" tooltip="Vybavuje zahradníky."/>
		<item ingrediens="stick=2,cobblestone=3" requiredItem="crafting table" craftedItems="stone pick=1" image="stonePick.png" soundPrefix="metal" type="stone" achievement="Kamenný nástroj vyrobený !" onComplete="nothing" tooltip="Těží železnou rudu."/>
		<item ingrediens="cobblestone=8" requiredItem="crafting table" craftedItems="furnace=1" image="furnace.png" soundPrefix="" type="" achievement="Pec vyrobená řemeslně !" onComplete="nothing" tooltip="Potřebný k tavení železa a zlata."/>
		<item ingrediens="iron ingot=3" requiredItem="crafting table" craftedItems="bucket=1" image="bucket.png" soundPrefix="metal" type="" achievement="Kbelík vyroben !" onComplete="nothing" tooltip="Vyžaduje se k získávání vody a lávy."/>
		<item ingrediens="nothing=0" requiredItem="wood pick,stone pick,iron pick,gold pick,diamond pick" craftedItems="coal=1" image="coal.png" soundPrefix="metal" type="grind" achievement="nothing" onComplete="nothing" tooltip="Používá se k tavení ingotů."/>
		<item ingrediens="nothing=0" requiredItem="stone pick,iron pick,gold pick,diamond pick" craftedItems="iron ore=1" image="ironOre.png" soundPrefix="metal" type="grind" achievement="nothing" onComplete="nothing" tooltip="Používá se k tavení železných ingotů."/>
		<item ingrediens="coal=1,iron ore=1" requiredItem="furnace" craftedItems="iron ingot=1" image="ironIngot.png" soundPrefix="metal" type="metal" achievement="Tavený železný ingot !" onComplete="nothing" tooltip="Slouží k výrobě železných nástrojů a brnění."/>
		<item ingrediens="nothing=0" requiredItem="wood shovel,stone shovel,iron shovel,gold shovel,diamond shovel" craftedItems="dirt=1" image="dirt.png" soundPrefix="dirt" type="grind" achievement="nothing" onComplete="nothing" tooltip="Používá se k výrobě půdy."/>
		<item ingrediens="dirt=1" requiredItem="wood hoe,stone hoe,iron hoe,gold hoe,diamond hoe" craftedItems="soil=1" image="soil.png" soundPrefix="dirt" type="farm" achievement="nothing" onComplete="nothing" tooltip="Používá se k výrobě políček pro výsadbu."/>
		<item ingrediens="nothing=0" requiredItem="bucket" craftedItems="water=1" image="water.png" soundPrefix="wood" type="grind" achievement="nothing" onComplete="nothing" tooltip="Používá se k výrobě zahrad."/>
		<item ingrediens="soil=8,water=1" requiredItem="nothing" craftedItems="plot=1" image="plot.png" soundPrefix="dirt" type="farm" achievement="nothing" onComplete="nothing" tooltip="Potřebné k pěstování potravin."/>
		<item ingrediens="nothing=0" requiredItem="wood sword,stone sword,iron sword,gold sword,diamond sword" craftedItems="seeds=1" image="seeds.png" soundPrefix="whoosh" type="grind" achievement="nothing" onComplete="nothing" tooltip="Používá se k výrobě zahrad."/>
		<item ingrediens="plot=1,seeds=1" requiredItem="nothing" craftedItems="wheat field=1" image="wheatField.png" soundPrefix="dirt" type="farm" achievement="Zasazená zahrada !" onComplete="increase wheat" tooltip="Potřebné k výrobě vesničanů."/>
		<item ingrediens="wood=1" requiredItem="nothing" craftedItems="planks=4" image="planks.png" soundPrefix="wood" type="wood" achievement="nothing" onComplete="nothing" tooltip="Slouží k výrobě nástrojů a dřevěných předmětů."/>
		<item ingrediens="planks=4" requiredItem="nothing" craftedItems="crafting table=1" image="craftingTable.png" soundPrefix="wood" type="" achievement="Crafting Table crafted !" onComplete="nothing" tooltip="Potřebné k výrobě předmětů."/>
		<item ingrediens="planks=2" requiredItem="nothing" craftedItems="stick=4" image="stick.png" soundPrefix="wood" type="wood" achievement="nothing" onComplete="nothing" tooltip="Slouží k výrobě nástrojů a dřevěných předmětů."/>
		<item ingrediens="planks=4" requiredItem="crafting table" craftedItems="door=1" image="door.png" soundPrefix="wood" type="wood" achievement="nothing" onComplete="nothing" tooltip="Používá se se zdmi ke stavbě obydlí."/>
		<item ingrediens="cobblestone=9" requiredItem="nothing" craftedItems="wall=1" image="wall.png" soundPrefix="" type="stone" achievement="Postavená zeď !" onComplete="nothing" tooltip="Používá se s dveřmi ke stavbě obydlí."/>
		<item ingrediens="wall=5,door=1" requiredItem="nothing" craftedItems="hut=1" image="hut.png" soundPrefix="" type="stone" achievement="Chata! Chata! Chata!" onComplete="nothing" tooltip="Používá se k výrobě vesnic a staveb."/>
		<item ingrediens="hut=1,wheat field=1" requiredItem="nothing" craftedItems="villager=1" image="villager.png" soundPrefix="hand" type="villager" achievement="Vesničan !" onComplete="nothing" tooltip="Může se specializovat."/>
		<item ingrediens="villager=1,stone axe=1" requiredItem="nothing" craftedItems="woodsman=1" image="woodsman.png" soundPrefix="hand" type="villager" achievement="Lesník!" onComplete="automate overworld,increase wood,increase grass,increase water" tooltip="Automatizuje mlýnek v nadsvětě.  Zvyšuje množství dřeva, trávy a vody."/>
		<item ingrediens="villager=1,stone pick=1" requiredItem="nothing" craftedItems="miner=1" image="miner.png" soundPrefix="hand" type="villager" achievement="Baník" onComplete="automate mine,increase coal ore,increase iron ore,increase gold ore,increase diamond ore" tooltip="Automatizuje důlní mlýnek.  Zvyšuje množství rudy."/>
		<item ingrediens="villager=1,stone hoe=1" requiredItem="nothing" craftedItems="gardener=1" image="gardener.png" soundPrefix="hand" type="villager" achievement="Zahradník" onComplete="automate food" tooltip="Automatizuje mlýnek na jídlo."/>
		<item ingrediens="villager=1,stone sword=1" requiredItem="nothing" craftedItems="hunter=1" image="hunter.png" soundPrefix="hand" type="villager" achievement="Lovec" onComplete="automate mobs,increase chicken,increase cow,increase sheep,increase horse,increase skeleton,increase witch,increase zombie villager,increase spider,increase slime" tooltip="Automatizuje mlýnek na moby.  Zvyšuje počet mobů."/>
		<item ingrediens="planks=4,stick=2" requiredItem="crafting table" craftedItems="fence=3" image="fence.png" soundPrefix="wood" type="wood" achievement="Šermířské řemeslo !" onComplete="nothing" tooltip="Používá se ke stavbě ohrad."/>
		<item ingrediens="fence=9" requiredItem="crafting table" craftedItems="pen=1" image="pen.png" soundPrefix="wood" type="wood" achievement="Postavené pero !" onComplete="nothing" tooltip="Nutné k přeměně vesničanů na řezníky."/>
		<item ingrediens="hunter=1,pen=1" requiredItem="nothing" craftedItems="butcher=1" image="butcher.png" soundPrefix="hand" type="villager" achievement="Řezník" onComplete="increase chicken,increase cow,increase sheep,increase horse" tooltip="Zvyšuje počet zvířat."/>
		<item ingrediens="planks=6" requiredItem="crafting table" craftedItems="stairs=4" image="stairs.png" soundPrefix="wood" type="wood" achievement="Schody vyrobené" onComplete="nothing" tooltip="Slouží ke stavbě střech."/>
		<item ingrediens="stairs=3" requiredItem="nothing" craftedItems="rafter=1" image="rafter.png" soundPrefix="wood" type="wood" achievement="Trámová konstrukce !" onComplete="nothing" tooltip="Slouží ke stavbě střech."/>
		<item ingrediens="rafter=2" requiredItem="nothing" craftedItems="truss=1" image="truss.png" soundPrefix="wood" type="wood" achievement="nothing" onComplete="nothing" tooltip="Slouží ke stavbě střech."/>
		<item ingrediens="truss=4" requiredItem="nothing" craftedItems="roof=1" image="roof.png" soundPrefix="wood" type="wood" achievement="Střecha postavena !" onComplete="nothing" tooltip="Používá se k výrobě vesnických budov."/>
		<item ingrediens="roof=1,hut=1" requiredItem="nothing" craftedItems="village building=1" image="villageBuilding.png" soundPrefix="" type="" achievement="Budova ve vesnici !" onComplete="nothing" tooltip="Používá se k výrobě vesnických budov."/>
		<item ingrediens="plot=1,sugar cane=1" requiredItem="nothing" craftedItems="sugar cane field=1" image="sugarCaneField.png" soundPrefix="dirt" type="farm" achievement="Cukrová poleva!" onComplete="increase sugar cane" tooltip="Zvyšuje cukrovou třtinu."/>
		<item ingrediens="nothing=0" requiredItem="wood sword,stone sword,iron sword,gold sword,diamond sword" craftedItems="sugar cane=1" image="sugarCane.png" soundPrefix="whoosh" type="grind" achievement="nothing" onComplete="nothing" tooltip="Používá se k výrobě cukru a papíru."/>
		<item ingrediens="sugar cane=3" requiredItem="crafting table" craftedItems="paper=3" image="paper.png" soundPrefix="whoosh" type="" achievement="Rozvlákněný papír!" onComplete="nothing" tooltip="Používá se k výrobě knih."/>
		<item ingrediens="paper=3,leather=1" requiredItem="crafting table" craftedItems="book=1" image="book.png" soundPrefix="whoosh" type="" achievement="Vázaná kniha !" onComplete="nothing" tooltip="Používá se k výrobě knihoven."/>
		<item ingrediens="planks=6,book=3" requiredItem="crafting table" craftedItems="bookshelf=1" image="bookshelf.png" soundPrefix="wood" type="" achievement="Vyrobeno police s knihami !" onComplete="nothing" tooltip="Používá se k výrobě knihoven."/>
		<item ingrediens="bookshelf=4" requiredItem="nothing" craftedItems="bookcase=1" image="bookcase.png" soundPrefix="wood" type="" achievement="nothing" onComplete="nothing" tooltip="Používá se ke stavbě knihoven."/>
		<item ingrediens="village building=2,bookcase=2" requiredItem="nothing" craftedItems="library=1" image="library.png" soundPrefix="metal" type="" achievement="nothing" onComplete="nothing" tooltip="Slouží k výcviku vesničanů v řemeslech."/>
		<item ingrediens="villager=1,crafting table=1" requiredItem="library" craftedItems="crafter=1" image="crafter.png" soundPrefix="hand" type="villager" achievement="Řemeslník absolvoval !" onComplete="nothing" tooltip="Může se specializovat."/>
		<item ingrediens="crafter=1,stone pick=1" requiredItem="nothing" craftedItems="mason=1" image="mason.png" soundPrefix="hand" type="villager" achievement="Mason vycvičen!" onComplete="nothing" tooltip="Lze stavět pokročilé stavby"/>
		<item ingrediens="nothing=0" requiredItem="bucket" craftedItems="lava=1" image="lava.png" soundPrefix="wood" type="grind" achievement="nothing" onComplete="nothing" tooltip="Slouží k výrobě lávového jezírka."/>
		<item ingrediens="cobblestone=12,lava=4" requiredItem="mason" craftedItems="lava pool=1" image="lavaPool.png" soundPrefix="" type="" achievement="Lávový bazén!" onComplete="nothing" tooltip="Slouží ke stavbě kovárny."/>
		<item ingrediens="village building=2,lava pool=1,furnace=1" requiredItem="nothing" craftedItems="forge=1" image="forge.png" soundPrefix="metal" type="" achievement="Kovárna postavena !" onComplete="nothing" tooltip="Slouží k výcviku tavičů."/>
		<item ingrediens="crafter=1" requiredItem="forge" craftedItems="smelter=1" image="smelter.png" soundPrefix="metal" type="villager" achievement="Hutník vyškolen!" onComplete="autocraft iron ingot=.5,autocraft gold ingot" tooltip="Automaticky vyrábí železné a zlaté ingoty."/>
		<item ingrediens="stick=2,iron ingot=3" requiredItem="crafting table" craftedItems="pitch fork=1" image="pitchFork.png" soundPrefix="metal" type="metal" achievement="Řemeslník s železným nářadím !" onComplete="nothing" tooltip="Používá se zemědělci."/>
		<item ingrediens="crafter=1,pitch fork=1" requiredItem="nothing" craftedItems="farmer=1" image="farmer.png" soundPrefix="hand" type="villager" achievement="Farmář" onComplete="nothing" tooltip="Vyrábí zahrady."/>
		<item ingrediens="stick=1,iron ingot=3" requiredItem="crafting table" craftedItems="saw=1" image="saw.png" soundPrefix="metal" type="metal" achievement="Pila je vyrobena !" onComplete="nothing" tooltip="Používáno tesaři."/>
		<item ingrediens="crafter=1,saw=1" requiredItem="nothing" craftedItems="carpenter=1" image="carpenter.png" soundPrefix="hand" type="villager" achievement="Vyučený tesař !" onComplete="nothing" tooltip="Vyrábí věci ze dřeva."/>
		<item ingrediens="stairs=2" requiredItem="nothing" craftedItems="desk=1" image="desk.png" soundPrefix="wood" type="wood" achievement="nothing" onComplete="nothing" tooltip="Nutné pro volbu starosty."/>
		<item ingrediens="village building=2,desk=1,crafter=1" requiredItem="nothing" craftedItems="mayor=1" image="mayor.png" soundPrefix="hand" type="villager" achievement="Zvolení starosty !" onComplete="nothing" tooltip="Vyrábí odrůdy řemeslníků."/>
		<item ingrediens="woodsman=1" requiredItem="mayor" craftedItems="villager=1" image="woodsmanDemote.png" soundPrefix="hand" type="" achievement="nothing" onComplete="deautomate overworld" tooltip="Vyhodí dřevorubce."/>
		<item ingrediens="miner=1" requiredItem="mayor" craftedItems="villager=1" image="minerDemote.png" soundPrefix="hand" type="" achievement="nothing" onComplete="deautomate mine" tooltip="Vyhodit horníka."/>
		<item ingrediens="gardener=1" requiredItem="mayor" craftedItems="villager=1" image="gardenerDemote.png" soundPrefix="hand" type="" achievement="nothing" onComplete="deautomate food" tooltip="Vyhodit zahradníka."/>
		<item ingrediens="hunter=1" requiredItem="mayor" craftedItems="villager=1" image="hunterDemote.png" soundPrefix="hand" type="" achievement="nothing" onComplete="deautomate mobs" tooltip="Vyhodit lovce."/>
		<item ingrediens="butcher=1" requiredItem="mayor" craftedItems="villager=1" image="butcherDemote.png" soundPrefix="hand" type="" achievement="nothing" onComplete="deautomate mobs" tooltip="Vyhodit řezníka."/>
		<item ingrediens="dirt=8,water=1,seeds=1" requiredItem="farmer" craftedItems="wheat field=1" image="wheatField.png" soundPrefix="whoosh" type="" achievement="Zasazená zahrada !" onComplete="nothing" tooltip="Potřebné k výrobě vesničanů."/>
		<item ingrediens="cobblestone=45,wood=1" requiredItem="mason" craftedItems="hut=1" image="hut.png" soundPrefix="metal" type="" achievement="Chata! Chata! Chata!" onComplete="nothing" tooltip="Potřebné k výrobě vesničanů."/>
		<item ingrediens="stick=2,iron ingot=3" requiredItem="crafting table" craftedItems="iron pick=1" image="ironPick.png" soundPrefix="metal" type="metal" achievement="Vyrobený železný nástroj !" onComplete="nothing" tooltip="Těžba zlata."/>
		<item ingrediens="stick=2,iron ingot=1" requiredItem="crafting table" craftedItems="iron shovel=1" image="ironShovel.png" soundPrefix="metal" type="metal" achievement="Vyrobený železný nástroj !" onComplete="nothing" tooltip="Lopatou hlínu a štěrk."/>
		<item ingrediens="stick=2,iron ingot=3" requiredItem="crafting table" craftedItems="iron axe=1" image="ironAxe.png" soundPrefix="metal" type="metal" achievement="Vyrobený železný nástroj !" onComplete="nothing" tooltip="Štípe dřevo."/>
		<item ingrediens="stick=2,iron ingot=2" requiredItem="crafting table" craftedItems="iron hoe=1" image="ironHoe.png" soundPrefix="metal" type="metal" achievement="Vyrobený železný nástroj !" onComplete="nothing" tooltip="Obdělává půdu."/>
		<item ingrediens="stick=1,iron ingot=2" requiredItem="crafting table" craftedItems="iron sword=1" image="ironSword.png" soundPrefix="metal" type="metal" achievement="Vyrobený železný nástroj !" onComplete="nothing" tooltip="Útočí na davy."/>
		<item ingrediens="wood=1" requiredItem="carpenter" craftedItems="stick=8" image="stick.png" soundPrefix="wood" type="wood" achievement="nothing" onComplete="nothing" tooltip="Slouží k výrobě nástrojů a dřevěných předmětů."/>
		<item ingrediens="hut=1,wheat field=1,leather=1" requiredItem="mayor" craftedItems="leather worker=1" image="leatherWorker.png" soundPrefix="hand" type="villager" achievement="Pracovník v kožedělném průmyslu!" onComplete="nothing" tooltip="Vyrábí kožené brnění."/>
		<item ingrediens="nothing=0" requiredItem="wood sword,stone sword,iron sword,gold sword,diamond sword" craftedItems="leather=1" image="leather.png" soundPrefix="metal" type="grind" achievement="nothing" onComplete="nothing" tooltip="Slouží k výrobě kožené zbroje a sedel."/>
		<item ingrediens="leather=5" requiredItem="leather worker" craftedItems="leather helmet=1" image="leatherHelmet.png" soundPrefix="whoosh" type="metal" achievement="Kožená přilba !" onComplete="nothing" tooltip="K výrobě kožených vojáků."/>
		<item ingrediens="leather=8" requiredItem="leather worker" craftedItems="leather breastplate=1" image="leatherBreastplate.png" soundPrefix="whoosh" type="metal" achievement="Kožený náprsní štít!" onComplete="nothing" tooltip="K výrobě kožených vojáků."/>
		<item ingrediens="leather=7" requiredItem="leather worker" craftedItems="leather leggings=1" image="leatherLeggings.png" soundPrefix="whoosh" type="metal" achievement="Kožené legíny !" onComplete="nothing" tooltip="K výrobě kožených vojáků."/>
		<item ingrediens="leather=4" requiredItem="leather worker" craftedItems="leather boots=1" image="leatherBoots.png" soundPrefix="whoosh" type="metal" achievement="Kožené boty !" onComplete="nothing" tooltip="K výrobě kožených vojáků."/>
		<item ingrediens="leather helmet=1,leather breastplate=1,leather leggings=1,leather boots=1" requiredItem="nothing" craftedItems="leather armor=1" image="leatherArmor.png" soundPrefix="whoosh" type="" achievement="Kožené brnění!" onComplete="nothing" tooltip="K výrobě kožených vojáků."/>
		<item ingrediens="hut=1,wheat field=1,iron sword=1" requiredItem="mayor" craftedItems="sergeant=1" image="sergeant.png" soundPrefix="hand" type="villager" achievement="Seržant najat!" onComplete="nothing" tooltip="Vycvičuje lovce."/>
		<item ingrediens="hut=1,wheat field=1" requiredItem="sergeant" craftedItems="soldier=1" image="soldier.png" soundPrefix="hand" type="villager" achievement="Vzhůru do zbraně!" onComplete="nothing" tooltip="Slouží k výrobě železných vojáků."/>
		<item ingrediens="leather armor=1,soldier=1" requiredItem="nothing" craftedItems="leather soldier=1" image="leatherSoldier.png" soundPrefix="hand" type="villager" achievement="Kožený voják!" onComplete="nothing" tooltip="Používá se k výcviku lučištníků."/>
		<item ingrediens="hut=2,leather soldier=8" requiredItem="mason" craftedItems="barracks=1" image="barracks.png" soundPrefix="metal" type="" achievement="Kasárna postavena !" onComplete="nothing" tooltip="Slouží k výrobě základny."/>
		<item ingrediens="iron ingot=9" requiredItem="crafting table" craftedItems="iron block=1" image="ironBlock.png" soundPrefix="metal" type="metal" achievement="Železný blok vyroben !" onComplete="nothing" tooltip="Slouží k výrobě kovadlin."/>
		<item ingrediens="iron block=3,iron ingot=3" requiredItem="crafting table" craftedItems="anvil=1" image="anvil.png" soundPrefix="metal" type="metal" achievement="Kované na kovadlině !" onComplete="nothing" tooltip="Slouží k výcviku kovářů."/>
		<item ingrediens="hut=1,wheat field=1,anvil=1" requiredItem="mayor" craftedItems="blacksmith=1" image="blacksmith.png" soundPrefix="hand" type="villager" achievement="Vyučený kovář !" onComplete="nothing" tooltip="Vyrábí brnění."/>
		<item ingrediens="iron ingot=5" requiredItem="blacksmith" craftedItems="iron helmet=1" image="ironHelmet.png" soundPrefix="metal" type="metal" achievement="Železná helma!" onComplete="nothing" tooltip="Pro výrobu železných vojáků."/>
		<item ingrediens="iron ingot=8" requiredItem="blacksmith" craftedItems="iron breastplate=1" image="ironBreastplate.png" soundPrefix="metal" type="metal" achievement="Železný náprsní pancíř!" onComplete="nothing" tooltip="Pro výrobu železných vojáků."/>
		<item ingrediens="iron ingot=7" requiredItem="blacksmith" craftedItems="iron leggings=1" image="ironLeggings.png" soundPrefix="metal" type="metal" achievement="Železné legíny !" onComplete="nothing" tooltip="Pro výrobu železných vojáků."/>
		<item ingrediens="iron ingot=4" requiredItem="blacksmith" craftedItems="iron boots=1" image="ironBoots.png" soundPrefix="metal" type="metal" achievement="Železné boty!" onComplete="nothing" tooltip="Pro výrobu železných vojáků."/>
		<item ingrediens="iron helmet=1,iron breastplate=1,iron leggings=1,iron boots=1" requiredItem="nothing" craftedItems="iron armor=1" image="ironArmor.png" soundPrefix="metal" type="metal" achievement="Železné brnění!" onComplete="nothing" tooltip="Pro výrobu železných vojáků."/>
		<item ingrediens="iron armor=1,soldier=1" requiredItem="nothing" craftedItems="iron soldier=1" image="ironSoldier.png" soundPrefix="metal" type="villager" achievement="Železný muž!" onComplete="nothing" tooltip="Součást požárního týmu."/>
		<item ingrediens="hut=1,wheat field=1,arrow=1" requiredItem="mayor" craftedItems="fletcher=1" image="fletcher.png" soundPrefix="hand" type="villager" achievement="Fletcher vycvičen!" onComplete="nothing" tooltip="Vyrábí luky a šípy."/>
		<item ingrediens="nothing=0" requiredItem="wood sword,stone sword,iron sword,gold sword,diamond sword" craftedItems="wool=1" image="wool.png" soundPrefix="whoosh" type="grind" achievement="nothing" onComplete="nothing" tooltip="Používá se k výrobě provázků."/>
		<item ingrediens="wool=1" requiredItem="nothing" craftedItems="string=4" image="string.png" soundPrefix="whoosh" type="" achievement="nothing" onComplete="nothing" tooltip="Používá se k výrobě luků."/>
		<item ingrediens="stick=3,string=3" requiredItem="fletcher" craftedItems="bow=1" image="bow.png" soundPrefix="wood" type="" achievement="Vyrobený luk !" onComplete="nothing" tooltip="V kombinaci se šípy."/>
		<item ingrediens="nothing=0" requiredItem="wood sword,stone sword,iron sword,gold sword,diamond sword" craftedItems="feather=1" image="feather.png" soundPrefix="whoosh" type="grind" achievement="nothing" onComplete="nothing" tooltip="Používá se k výrobě šípů."/>
		<item ingrediens="nothing=0" requiredItem="wood shovel,stone shovel,iron shovel,gold shovel,diamond shovel" craftedItems="flint=1" image="flint.png" soundPrefix="dirt" type="grind" achievement="nothing" onComplete="nothing" tooltip="Používá se k výrobě šípů."/>
		<item ingrediens="flint=1,stick=1,feather=1" requiredItem="fletcher" craftedItems="arrow=4" image="arrow.png" soundPrefix="whoosh" type="" achievement="Šípy vyrobeny !" onComplete="nothing" tooltip="V kombinaci s lukem"/>
		<item ingrediens="leather soldier=1,bow=1,arrow=8" requiredItem="nothing" craftedItems="archer=1" image="archer.png" soundPrefix="hand" type="villager" achievement="Lučištník vycvičen!" onComplete="nothing" tooltip="Součást požárního týmu."/>
		<item ingrediens="iron soldier=2,archer=2" requiredItem="nothing" craftedItems="fire team=1" image="fireTeam.png" soundPrefix="metal" type="villager" achievement="Požární tým vycvičen !" onComplete="nothing" tooltip="Obsazuje průzkumnou věž."/>
		<item ingrediens="stick=7" requiredItem="crafting table" craftedItems="ladder=3" image="ladder.png" soundPrefix="wood" type="wood" achievement="Vyrobeno několik žebříků !" onComplete="nothing" tooltip="Používá se s chatrčemi ke stavbě věží."/>
		<item ingrediens="hut=2,ladder=6" requiredItem="mason" craftedItems="tower=1" image="tower.png" soundPrefix="metal" type="" achievement="Věž postavena!" onComplete="nothing" tooltip="Používá se ke stavbě větších staveb."/>
		<item ingrediens="tower=1,fire team=1" requiredItem="mason" craftedItems="scout tower=1" image="scoutTower.png" soundPrefix="metal" type="" achievement="Skautská věž postavena !" onComplete="nothing" tooltip="Slouží k výrobě základny."/>
		<item ingrediens="barracks=1,scout tower=2" requiredItem="mason" craftedItems="outpost=1" image="outpost.png" soundPrefix="metal" type="" achievement="Postavena základna !" onComplete="nothing" tooltip="Používá se k vytvoření stanice."/>
		<item ingrediens="nothing=0" requiredItem="outpost" craftedItems="outpost exporter=1" image="outpost.png" soundPrefix="" type="" achievement="nothing" onComplete="navigateToUrl 135Fmh" tooltip="Ke stažení."/>
		<item ingrediens="outpost=2" requiredItem="mason" craftedItems="station=1" image="station.png" soundPrefix="metal" type="" achievement="Stanice postavena !" onComplete="nothing" tooltip="Používá se ke stavbě pevnosti."/>
		<item ingrediens="hut=1,wheat field=1" requiredItem="station" craftedItems="governor=1" image="governor.png" soundPrefix="hand" type="villager" achievement="Zvolení guvernéra !" onComplete="nothing" tooltip="Slouží k výcviku pokročilých řemeslníků."/>
		<item ingrediens="nothing=0" requiredItem="iron pick,gold pick,diamond pick" craftedItems="gold ore=1" image="goldOre.png" soundPrefix="metal" type="grind" achievement="nothing" onComplete="nothing" tooltip="Slouží k tavení zlatých ingotů."/>
		<item ingrediens="coal=1,gold ore=1" requiredItem="furnace" craftedItems="gold ingot=1" image="goldIngot.png" soundPrefix="metal" type="metal" achievement="Zlatý slitek roztaven !" onComplete="nothing" tooltip="Slouží k výrobě zlatých nástrojů a brnění."/>
		<item ingrediens="stick=2,gold ingot=3" requiredItem="crafting table" craftedItems="gold pick=1" image="goldPick.png" soundPrefix="metal" type="metal" achievement="Zlatý nástroj vyroben !" onComplete="nothing" tooltip="Těží diamant."/>
		<item ingrediens="stick=2,gold ingot=1" requiredItem="crafting table" craftedItems="gold shovel=1" image="goldShovel.png" soundPrefix="metal" type="metal" achievement="Zlatý nástroj vyroben !" onComplete="nothing" tooltip="Lopatou hlínu a štěrk."/>
		<item ingrediens="stick=1,gold ingot=2" requiredItem="crafting table" craftedItems="gold sword=1" image="goldSword.png" soundPrefix="metal" type="metal" achievement="Zlatý nástroj vyroben !" onComplete="nothing" tooltip="Útočí na davy."/>
		<item ingrediens="stick=2,gold ingot=3" requiredItem="crafting table" craftedItems="gold axe=1" image="goldAxe.png" soundPrefix="metal" type="metal" achievement="Zlatý nástroj vyroben !" onComplete="nothing" tooltip="Štípe dřevo."/>
		<item ingrediens="stick=2,gold ingot=2" requiredItem="crafting table" craftedItems="gold hoe=1" image="goldHoe.png" soundPrefix="metal" type="metal" achievement="Zlatý nástroj vyroben !" onComplete="nothing" tooltip="Obdělává půdu."/>
		<item ingrediens="cobblestone=45,wood=1,dirt=8,water=1,seeds=1" requiredItem="governor" craftedItems="gold smith=1" image="goldSmith.png" soundPrefix="hand" type="villager" achievement="Zlatý kovář vycvičen!" onComplete="autocraft gold ingot=.33" tooltip="Slouží k výrobě zlatých předmětů."/>
		<item ingrediens="cobblestone=45,wood=1,dirt=8,water=1,seeds=1" requiredItem="governor" craftedItems="contractor=1" image="contractor.png" soundPrefix="hand" type="villager" achievement="Najatý dodavatel !" onComplete="nothing" tooltip="Vyrábí obydlí."/>
		<item ingrediens="cobblestone=45,wood=1,dirt=8,water=1,seeds=1" requiredItem="governor" craftedItems="commander=1" image="commander.png" soundPrefix="hand" type="villager" achievement="Velitel vycvičen!" onComplete="nothing" tooltip="Vyrábí vojáky."/>
		<item ingrediens="cobblestone=180,wood=4,dirt=32,water=4,seeds=4" requiredItem="contractor" craftedItems="villager=4" image="villager.png" soundPrefix="hand" type="villager" achievement="Vesničan !" onComplete="nothing" tooltip="Může se specializovat."/>
		<item ingrediens="villager=4,wood=1,gold ingot=8" requiredItem="commander" craftedItems="soldier=4" image="soldier.png" soundPrefix="hand" type="villager" achievement="Vzhůru do zbraně!" onComplete="nothing" tooltip="Používá se k výrobě zlatých vojáků."/>
		<item ingrediens="gold ingot=5" requiredItem="gold smith" craftedItems="gold helmet=1" image="goldHelmet.png" soundPrefix="metal" type="" achievement="Zlatá přilba!" onComplete="nothing" tooltip="Pro výrobu zlatých vojáků."/>
		<item ingrediens="gold ingot=8" requiredItem="gold smith" craftedItems="gold breastplate=1" image="goldBreastplate.png" soundPrefix="metal" type="" achievement="Zlatý náprsní štít!" onComplete="nothing" tooltip="Pro výrobu zlatých vojáků."/>
		<item ingrediens="gold ingot=7" requiredItem="gold smith" craftedItems="gold leggings=1" image="goldLeggings.png" soundPrefix="metal" type="" achievement="Zlaté legíny !" onComplete="nothing" tooltip="Pro výrobu zlatých vojáků."/>
		<item ingrediens="gold ingot=4" requiredItem="gold smith" craftedItems="gold boots=1" image="goldBoots.png" soundPrefix="metal" type="" achievement="Zlaté boty!" onComplete="nothing" tooltip="Pro výrobu zlatých vojáků."/>
		<item ingrediens="gold helmet=1,gold breastplate=1,gold leggings=1,gold boots=1" requiredItem="nothing" craftedItems="gold armor=1" image="goldArmor.png" soundPrefix="metal" type="" achievement="Zlaté brnění!" onComplete="nothing" tooltip="Pro výrobu zlatých vojáků."/>
		<item ingrediens="gold armor=1,soldier=1" requiredItem="nothing" craftedItems="gold soldier=1" image="goldSoldier.png" soundPrefix="hand" type="villager" achievement="Zlatý voják!" onComplete="nothing" tooltip="Potřebné k výcviku rytířů."/>
		<item ingrediens="cobblestone=25,gold soldier=1" requiredItem="contractor" craftedItems="outer wall=1" image="outerWall.png" soundPrefix="" type="" achievement="nothing" onComplete="nothing" tooltip="Slouží ke stavbě hradeb."/>
		<item ingrediens="outer wall=3" requiredItem="contractor" craftedItems="rampart=1" image="rampart.png" soundPrefix="" type="" achievement="Rampart postaven !" onComplete="nothing" tooltip="Potřebné ke stavbě pevnosti."/>
		<item ingrediens="station=1,rampart=4" requiredItem="contractor" craftedItems="fort=1" image="fort.png" soundPrefix="" type="" achievement="Pevnost postavena !" onComplete="nothing" tooltip="Potřebné ke stavbě stájí."/>
		<item ingrediens="nothing=0" requiredItem="fort" craftedItems="fort exporter=1" image="fort.png" soundPrefix="" type="" achievement="nothing" onComplete="navigateToUrl 135FhH" tooltip="Ke stažení."/>
		<item ingrediens="nothing=0" requiredItem="wood sword,stone sword,iron sword,gold sword,diamond sword" craftedItems="wheat=1" image="wheat.png" soundPrefix="whoosh" type="grind" achievement="nothing" onComplete="nothing" tooltip="Slouží k výrobě balíků sena."/>
		<item ingrediens="wheat=9" requiredItem="nothing" craftedItems="hay bale=1" image="hayBale.png" soundPrefix="whoosh" type="" achievement="Hay HAY hay !" onComplete="nothing" tooltip="Používá se ve stájích a voliérách."/>
		<item ingrediens="wood=2" requiredItem="carpenter" craftedItems="fence=3" image="fence.png" soundPrefix="wood" type="wood" achievement="Šermířské řemeslo !" onComplete="nothing" tooltip="Používá se ke stavbě ohrad."/>
		<item ingrediens="fence=9" requiredItem="carpenter" craftedItems="pen=1" image="pen.png" soundPrefix="wood" type="wood" achievement="Postavené pero !" onComplete="nothing" tooltip="Používá se k výrobě stájí."/>
		<item ingrediens="wood=3" requiredItem="carpenter" craftedItems="truss=1" image="truss.png" soundPrefix="wood" type="wood" achievement="nothing" onComplete="nothing" tooltip="Používá se k výrobě stájí."/>
		<item ingrediens="truss=4" requiredItem="carpenter" craftedItems="roof=1" image="roof.png" soundPrefix="wood" type="" achievement="Střecha postavena !" onComplete="nothing" tooltip="Používá se k výrobě stájí."/>
		<item ingrediens="pen=1,roof=1,hay bale=1" requiredItem="carpenter" craftedItems="stall=1" image="stall.png" soundPrefix="wood" type="" achievement="nothing" onComplete="nothing" tooltip="Používá se k výrobě stájí."/>
		<item ingrediens="stall=4" requiredItem="carpenter" craftedItems="stable=1" image="stable.png" soundPrefix="wood" type="" achievement="Postavena stáj pro koně !" onComplete="nothing" tooltip="Používá se k ustájení koní."/>
		<item ingrediens="cobblestone=45,wood=1,dirt=8,water=1,seeds=1" requiredItem="governor" craftedItems="horse trainer=1" image="horseTrainer.png" soundPrefix="hand" type="villager" achievement="Trenér koní !" onComplete="nothing" tooltip="Používá se k výcviku koní."/>
		<item ingrediens="nothing=0" requiredItem="wood sword,stone sword,iron sword,gold sword,diamond sword" craftedItems="slime ball=1" image="slimeBall.png" soundPrefix="hand" type="grind" achievement="nothing" onComplete="nothing" tooltip="Používá se k výrobě vodítek."/>
		<item ingrediens="string=4,slime ball=1" requiredItem="horse trainer" craftedItems="lead=2" image="lead.png" soundPrefix="whoosh" type="" achievement="Olovo vytvořeno !" onComplete="nothing" tooltip="Používá se k chytání koní."/>
		<item ingrediens="iron ingot=1,string=1" requiredItem="blacksmith" craftedItems="stirrup=1" image="stirrup.png" soundPrefix="metal" type="" achievement="Stirrup crafted !" onComplete="nothing" tooltip="Používá se k výrobě sedel."/>
		<item ingrediens="stirrup=2,leather=3" requiredItem="leather worker" craftedItems="saddle=1" image="saddle.png" soundPrefix="whoosh" type="" achievement="Řemeslně zpracované sedlo !" onComplete="nothing" tooltip="Používá se ke krocení koní."/>
		<item ingrediens="nothing=0" requiredItem="lead" craftedItems="horse=1" image="horse.png" soundPrefix="hand" type="grind" achievement="nothing" onComplete="nothing" tooltip="Potřebné ke krocení koní."/>
		<item ingrediens="horse=1,saddle=1" requiredItem="horse trainer" craftedItems="tamed horse=1" image="tamedHorse.png" soundPrefix="" type="" achievement="Zkrocený kůň!" onComplete="nothing" tooltip="Potřebné pro krocení válečných koní."/>
		<item ingrediens="gold ingot=9" requiredItem="crafting table,gold smith" craftedItems="gold block=1" image="goldBlock.png" soundPrefix="metal" type="" achievement="Zlatý blok vyroben !" onComplete="nothing" tooltip="Potřebné pro brnění válečných koní."/>
		<item ingrediens="tamed horse=1,gold block=4" requiredItem="gold smith" craftedItems="war horse=1" image="warHorse.png" soundPrefix="" type="" achievement="Válečný kůň vycvičen!" onComplete="nothing" tooltip="Potřebné k výcviku rytířů."/>
		<item ingrediens="gold soldier=1,war horse=1" requiredItem="stable" craftedItems="gold knight=1" image="goldKnight.png" soundPrefix="hand" type="villager" achievement="Zlatý rytíř!" onComplete="nothing" tooltip="Potřebné ke stavbě hradu."/>
		<item ingrediens="cobblestone=45,wood=1,roof=1" requiredItem="contractor" craftedItems="village building=1" image="villageBuilding.png" soundPrefix="wood" type="" achievement="Budova ve vesnici !" onComplete="nothing" tooltip="Potřebné ke stavbě pevnosti."/>
		<item ingrediens="village building=4" requiredItem="contractor" craftedItems="keep=1" image="keep.png" soundPrefix="" type="" achievement="Pokračujte ve stavbě !" onComplete="nothing" tooltip="Potřebné ke stavbě hradu."/>
		<item ingrediens="fort=1,keep=1,gold knight=4" requiredItem="contractor" craftedItems="castle=1" image="castle.png" soundPrefix="" type="" achievement="Hrad postaven !" onComplete="nothing" tooltip="Nutné pro stavbu voliéry."/>
		<item ingrediens="nothing=0" requiredItem="castle" craftedItems="castle exporter=1" image="castle.png" soundPrefix="" type="" achievement="nothing" onComplete="navigateToUrl 135FIn" tooltip="Ke stažení."/>
		<item ingrediens="wood=1" requiredItem="carpenter" craftedItems="pressure plate=1" image="pressurePlate.png" soundPrefix="wood" type="" achievement="Tlaková deska vyrobena !" onComplete="nothing" tooltip="Nutné pro stavbu pasti."/>
		<item ingrediens="sugar cane=1" requiredItem="crafting table" craftedItems="sugar=1" image="sugar.png" soundPrefix="whoosh" type="" achievement="Rafinovaný cukr !" onComplete="nothing" tooltip="Nutné pro stavbu pasti."/>
		<item ingrediens="wood=4,pressure plate=1,sugar=1" requiredItem="carpenter" craftedItems="trap=1" image="trap.png" soundPrefix="wood" type="" achievement="Past postavena !" onComplete="nothing" tooltip="Nutné k chycení čarodějnice."/>
		<item ingrediens="cobblestone=90,wood=4" requiredItem="contractor" craftedItems="tower=1 " image="tower.png" soundPrefix="metal" type="" achievement="Věž postavena!" onComplete="nothing" tooltip="Nutné ke stavbě kostela."/>
		<item ingrediens="village building=2,tower=1,roof=1" requiredItem="contractor" craftedItems="church=1" image="church.png" soundPrefix="metal" type="" achievement="Kostel postaven !" onComplete="nothing" tooltip="Nutné k vyškolení kněze."/>
		<item ingrediens="villager=1,book=1" requiredItem="church" craftedItems="priest=1" image="priest.png" soundPrefix="hand" type="villager" achievement="Vyškolený kněz!" onComplete="nothing" tooltip="Nutné k přeměně čarodějnice."/>
		<item ingrediens="nothing=0" requiredItem="trap" craftedItems="zombie villager=1" image="zombieVillager.png" soundPrefix="wood" type="grind" achievement="nothing" onComplete="nothing" tooltip="Promění se ve vesničana."/>
		<item ingrediens="zombie villager=1" requiredItem="priest" craftedItems="villager=1" image="villager.png" soundPrefix="hand" type="villager" achievement="Zombie vesničan se změnil !" onComplete="nothing" tooltip="Může se specializovat."/>
		<item ingrediens="nothing=0" requiredItem="gold pick,diamond pick" craftedItems="diamond=1" image="diamond.png" soundPrefix="metal" type="grind" achievement="nothing" onComplete="nothing" tooltip="Slouží k výrobě diamantových nástrojů a předmětů."/>
		<item ingrediens="wood=2" requiredItem="carpenter" craftedItems="stick=16" image="stick.png" soundPrefix="wood" type="wood" achievement="nothing" onComplete="nothing" tooltip="Slouží k výrobě nástrojů a dřevěných předmětů."/>
		<item ingrediens="stick=2,diamond=1" requiredItem="crafting table" craftedItems="diamond scepter=1" image="diamondScepter.png" soundPrefix="metal" type="metal" achievement="Řemeslník s žezlem !" onComplete="nothing" tooltip="Drženo králi."/>
		<item ingrediens="villager=1,diamond scepter=1" requiredItem="castle" craftedItems="king=1" image="king.png" soundPrefix="hand" type="villager" achievement="Korunovace krále!" onComplete="nothing" tooltip="Nutné k vybudování městského státu."/>
		<item ingrediens="villager=1,diamond=1" requiredItem="king" craftedItems="diamond smith=1" image="diamondSmith.png" soundPrefix="hand" type="villager" achievement="nothing" onComplete="nothing" tooltip="Nutné k výrobě diamantové zbroje"/>
		<item ingrediens="stick=2,diamond=3" requiredItem="crafting table" craftedItems="diamond pick=1" image="diamondPick.png" soundPrefix="metal" type="metal" achievement="Diamantový nástroj vyrobený !" onComplete="nothing" tooltip="Těží se rychleji."/>
		<item ingrediens="stick=2,diamond=1" requiredItem="crafting table" craftedItems="diamond shovel=1" image="diamondShovel.png" soundPrefix="metal" type="metal" achievement="Diamantový nástroj vyrobený !" onComplete="nothing" tooltip="Lopatou hlínu a štěrk."/>
		<item ingrediens="stick=1,diamond=2" requiredItem="crafting table" craftedItems="diamond sword=1" image="diamondSword.png" soundPrefix="metal" type="metal" achievement="Diamantový nástroj vyrobený !" onComplete="nothing" tooltip="Útočí na davy."/>
		<item ingrediens="stick=2,diamond=3" requiredItem="crafting table" craftedItems="diamond axe=1" image="diamondAxe.png" soundPrefix="metal" type="metal" achievement="Diamantový nástroj vyrobený !" onComplete="nothing" tooltip="Štípe dřevo."/>
		<item ingrediens="stick=2,diamond=2" requiredItem="crafting table" craftedItems="diamond hoe=1" image="diamondHoe.png" soundPrefix="metal" type="metal" achievement="Diamantový nástroj vyrobený !" onComplete="nothing" tooltip="Obdělává půdu."/>
		<item ingrediens="diamond=24" requiredItem="diamond smith" craftedItems="diamond armor=1" image="diamondArmor.png" soundPrefix="metal" type="" achievement="Diamantové brnění!" onComplete="nothing" tooltip="Pro výrobu diamantových vojáků."/>
		<item ingrediens="diamond armor=1,villager=1" requiredItem="king" craftedItems="diamond soldier=1" image="diamondSoldier.png" soundPrefix="metal" type="villager" achievement="Diamantový voják!" onComplete="nothing" tooltip="Nutné k výcviku létajících rytířů."/>
		<item ingrediens="hay bale=8" requiredItem="nothing" craftedItems="nest=1" image="nest.png" soundPrefix="" type="" achievement="nothing" onComplete="nothing" tooltip="Nutné pro stavbu voliéry."/>
		<item ingrediens="tower=1,nest=1" requiredItem="castle" craftedItems="roost=1" image="roost.png" soundPrefix="" type="" achievement="Roost postaven !" onComplete="nothing" tooltip="Nutné pro stavbu voliéry."/>
		<item ingrediens="roost=4" requiredItem="castle" craftedItems="aviary=1" image="aviary.png" soundPrefix="" type="" achievement="Voliéra postavena !" onComplete="nothing" tooltip="Nutné k výcviku létajících rytířů."/>
		<item ingrediens="nothing=0" requiredItem="trap" craftedItems="witch=1" image="witch.png" soundPrefix="wood" type="grind" achievement="nothing" onComplete="nothing" tooltip="Proměňuje se v čaroděje."/>
		<item ingrediens="witch=1" requiredItem="nothing" craftedItems="redstone=1" image="redstone.png" soundPrefix="hand" type="" achievement="Ding Dong !" onComplete="nothing" tooltip="Potřebný k výrobě kompasu"/>
		<item ingrediens="witch=1" requiredItem="priest" craftedItems="wizard=1" image="wizard.png" soundPrefix="hand" type="villager" achievement="Čaroděj se změnil!" onComplete="nothing" tooltip="Potřebný k vytvoření létajících koní."/>
		<item ingrediens="horse=1,feather=6" requiredItem="wizard" craftedItems="flying horse=1" image="flyingHorse.png" soundPrefix="" type="" achievement="Koňské peří!" onComplete="nothing" tooltip="Povinné pro létající rytíře."/>
		<item ingrediens="flying horse=1,saddle=1" requiredItem="aviary" craftedItems="tamed flying horse=1" image="tamedFlyingHorse.png" soundPrefix="" type="" achievement="nothing" onComplete="nothing" tooltip="Nutné k výcviku létajících rytířů."/>
		<item ingrediens="diamond=9" requiredItem="crafting table" craftedItems="diamond block=1" image="diamondBlock.png" soundPrefix="metal" type="" achievement="Diamantový blok !" onComplete="nothing" tooltip="Vyžadováno pro brnění létajících koní."/>
		<item ingrediens="tamed flying horse=1,diamond block=4" requiredItem="diamond smith" craftedItems="flying war horse=1" image="flyingWarHorse.png" soundPrefix="" type="" achievement="Létající válečný kůň !" onComplete="nothing" tooltip="Nutné k výcviku létajících rytířů."/>
		<item ingrediens="diamond soldier=1,flying war horse=1" requiredItem="nothing" craftedItems="flying knight=1" image="flyingKnight.png" soundPrefix="hand" type="villager" achievement="Létající rytíř!" onComplete="nothing" tooltip="Nutné k vybudování městského státu."/>
		<item ingrediens="flying knight=4" requiredItem="castle" craftedItems="city state=1" image="cityState.png" soundPrefix="" type="" achievement="Město Stav !" onComplete="nothing" tooltip="Nutné pro stavbu loděnice."/>
		<item ingrediens="nothing=0" requiredItem="city state" craftedItems="city state exporter=1" image="cityState.png" soundPrefix="" type="" achievement="nothing" onComplete="navigateToUrl 135FZo" tooltip="Ke stažení."/>
		<item ingrediens="redstone=1,iron ingot=4" requiredItem="crafting table" craftedItems="compass=1" image="compass.png" soundPrefix="metal" type="" achievement="Kompas vyroben !" onComplete="nothing" tooltip="Nutné k výrobě mapy."/>
		<item ingrediens="sugar cane=4" requiredItem="crafting table" craftedItems="paper=4" image="paper.png" soundPrefix="whoosh" type="" achievement="Rozvlákněný papír!" onComplete="nothing" tooltip="Používá se k výrobě mapy."/>
		<item ingrediens="compass=1,paper=32" requiredItem="crafting table" craftedItems="map=1" image="map.png" soundPrefix="whoosh" type="" achievement="Vytvořená mapa !" onComplete="mapActive" tooltip="Potřebné k navigaci po světě."/>
		<item ingrediens="dirt=216" requiredItem="nothing" craftedItems="fill dirt=1" image="fillDirt.png" soundPrefix="whoosh" type="" achievement="Vyplněná hlína na skládce !" onComplete="nothing" tooltip="Potřebné ke stavbě mořské zdi."/>
		<item ingrediens="fill dirt=4" requiredItem="nothing" craftedItems="sea wall=1" image="seaWall.png" soundPrefix="whoosh" type="" achievement="Postavena mořská zeď !" onComplete="nothing" tooltip="Potřebné k vybudování války."/>
		<item ingrediens="wood=1" requiredItem="carpenter" craftedItems="wood slab=6" image="woodSlab.png" soundPrefix="wood" type="wood" achievement="nothing" onComplete="nothing" tooltip="Potřebné ke stavbě paluby."/>
		<item ingrediens="wood slab=9" requiredItem="nothing" craftedItems="deck=1" image="deck.png" soundPrefix="wood" type="wood" achievement="Paluba postavena !" onComplete="nothing" tooltip="Nutné ke stavbě mol a lodí."/>
		<item ingrediens="wood=4" requiredItem="carpenter" craftedItems="fence=6" image="fence.png" soundPrefix="wood" type="wood" achievement="Šermířské řemeslo !" onComplete="nothing" tooltip="Používá se ke stavbě ohrad."/>
		<item ingrediens="deck=1,fence=4" requiredItem="nothing" craftedItems="raised deck=1" image="raisedDeck.png" soundPrefix="wood" type="wood" achievement="nothing" onComplete="nothing" tooltip="Potřebné k vybudování války."/>
		<item ingrediens="sea wall=1,raised deck=3" requiredItem="nothing" craftedItems="warf=1" image="warf.png" soundPrefix="wood" type="wood" achievement="Warf postaven !" onComplete="nothing" tooltip="Nutné pro stavbu přístavu."/>
		<item ingrediens="fence=3" requiredItem="nothing" craftedItems="post=1" image="post.png" soundPrefix="wood" type="wood" achievement="nothing" onComplete="nothing" tooltip="Nutné pro stavbu plošiny."/>
		<item ingrediens="deck=1,post=4" requiredItem="nothing" craftedItems="platform=1" image="platform.png" soundPrefix="wood" type="wood" achievement="nothing" onComplete="nothing" tooltip="Nutné pro stavbu mola."/>
		<item ingrediens="platform=3" requiredItem="nothing" craftedItems="pier=1" image="pier.png" soundPrefix="wood" type="wood" achievement="Postavené molo !" onComplete="nothing" tooltip="Nutné pro stavbu přístavu."/>
		<item ingrediens="warf=1,pier=1" requiredItem="nothing" craftedItems="dock=1" image="dock.png" soundPrefix="wood" type="wood" achievement="Postavený dok !" onComplete="nothing" tooltip="Nutné pro stavbu loděnice."/>
		<item ingrediens="dock=3,village building=2" requiredItem="city state" craftedItems="shipyard=1" image="shipyard.png" soundPrefix="wood" type="wood" achievement="Stavba loděnice !" onComplete="nothing" tooltip="Nutné ke stavbě lodí."/>
		<item ingrediens="wood=6" requiredItem="shipyard" craftedItems="stairs=16" image="stairs.png" soundPrefix="wood" type="wood" achievement="Schody vyrobené" onComplete="nothing" tooltip="Slouží ke stavbě střech."/>
		<item ingrediens="stairs=6" requiredItem="shipyard" craftedItems="rib=1" image="rib.png" soundPrefix="wood" type="wood" achievement="nothing" onComplete="nothing" tooltip="Nutné ke stavbě lodního pláště."/>
		<item ingrediens="wood=4" requiredItem="shipyard" craftedItems="log=1" image="log.png" soundPrefix="wood" type="wood" achievement="nothing" onComplete="nothing" tooltip="Nutné ke stavbě lodního pláště a stěžně."/>
		<item ingrediens="rib=6,log=1" requiredItem="shipyard" craftedItems="shell=1" image="shell.png" soundPrefix="wood" type="wood" achievement="Lodní skořápka postavena !" onComplete="nothing" tooltip="Potřebné ke stavbě trupu lodi."/>
		<item ingrediens="shell=1,stairs=5" requiredItem="shipyard" craftedItems="ship bow=1" image="shipBow.png" soundPrefix="wood" type="wood" achievement="nothing" onComplete="nothing" tooltip="Potřebné ke stavbě trupu lodi."/>
		<item ingrediens="shell=1,stairs=4,planks=1" requiredItem="shipyard" craftedItems="stern=1" image="stern.png" soundPrefix="wood" type="wood" achievement="nothing" onComplete="nothing" tooltip="Potřebné ke stavbě trupu lodi."/>
		<item ingrediens="ship bow=1,stern=1" requiredItem="shipyard" craftedItems="hull=1" image="hull.png" soundPrefix="wood" type="wood" achievement="Trup lodi postaven !" onComplete="nothing" tooltip="Potřebné ke stavbě bárky."/>
		<item ingrediens="wood=1" requiredItem="shipyard" craftedItems="planks=4" image="planks.png" soundPrefix="wood" type="wood" achievement="nothing" onComplete="nothing" tooltip="Slouží k výrobě nástrojů a dřevěných předmětů."/>
		<item ingrediens="planks=24,deck=1" requiredItem="shipyard" craftedItems="forecastle=1" image="forecastle.png" soundPrefix="wood" type="wood" achievement="nothing" onComplete="nothing" tooltip="Potřebné ke stavbě palubního domku."/>
		<item ingrediens="wood=3" requiredItem="shipyard" craftedItems="cabin truss=1" image="truss.png" soundPrefix="wood" type="wood" achievement="nothing" onComplete="nothing" tooltip="Používá se ke stavbě kajut."/>
		<item ingrediens="cabin truss=6" requiredItem="shipyard" craftedItems="cabin roof=1" image="roof.png" soundPrefix="wood" type="" achievement="Střecha postavena !" onComplete="nothing" tooltip="Používá se ke stavbě kajut."/>
		<item ingrediens="wood=1" requiredItem="shipyard" craftedItems="cabin door=1" image="door.png" soundPrefix="wood" type="wood" achievement="nothing" onComplete="nothing" tooltip="Používá se ke stavbě kajut."/>
		<item ingrediens="planks=45,cabin roof=1,cabin door=1" requiredItem="shipyard" craftedItems="cabin=1" image="cabin.png" soundPrefix="wood" type="wood" achievement="nothing" onComplete="nothing" tooltip="Potřebné ke stavbě palubního domku."/>
		<item ingrediens="forecastle=1,cabin=1,deck=1" requiredItem="shipyard" craftedItems="deckhouse=1" image="deckhouse.png" soundPrefix="wood" type="wood" achievement="nothing" onComplete="nothing" tooltip="Potřebné ke stavbě bárky."/>
		<item ingrediens="hull=1,deckhouse=1" requiredItem="shipyard" craftedItems="barge=1" image="barge.png" soundPrefix="wood" type="wood" achievement="Postavena bárka !" onComplete="nothing" tooltip="Potřebné ke stavbě lodi."/>
		<item ingrediens="wool=6,log=1" requiredItem="shipyard" craftedItems="upper sail=1" image="upperSail.png" soundPrefix="wood" type="wood" achievement="Plachta postavena !" onComplete="nothing" tooltip="Potřebné ke stavbě stěžně."/>
		<item ingrediens="wool=28,log=2" requiredItem="shipyard" craftedItems="main sail=1" image="mainSail.png" soundPrefix="wood" type="wood" achievement="Plachta postavena !" onComplete="nothing" tooltip="Potřebné ke stavbě stěžně."/>
		<item ingrediens="log=4,upper sail=1,main sail=1" requiredItem="shipyard" craftedItems="mast=1" image="mast.png" soundPrefix="wood" type="wood" achievement="Postavený stožár !" onComplete="nothing" tooltip="Potřebné ke stavbě lodi."/>
		<item ingrediens="planks=12,deck=1" requiredItem="shipyard" craftedItems="lookout=1" image="lookout.png" soundPrefix="wood" type="wood" achievement="nothing" onComplete="nothing" tooltip="Potřebné ke stavbě lodi."/>
		<item ingrediens="barge=1,mast=1,lookout=1" requiredItem="shipyard" craftedItems="ship=1" image="ship.png" soundPrefix="wood" type="wood" achievement="Loď postavena !" onComplete="nothing" tooltip="Potřebné k vytvoření flotily."/>
		<item ingrediens="ship=3" requiredItem="map" craftedItems="port=1" image="port.png" soundPrefix="wood" type="wood" achievement="Přístav zaveden !" onComplete="markMap Trading Post-966-426,beatLocation" tooltip="Potřebné k plavbě kolem Grindcraftie"/>
		<item ingrediens="nothing=0" requiredItem="port" craftedItems="port exporter=1" image="port.png" soundPrefix="" type="" achievement="nothing" onComplete="navigateToUrl 1ABDd8" tooltip="Ke stažení."/>
		</crafters>
	
	<grinds>
		<item name="hand" img="hand.png" drops="hand=1" dependency="none" timeToBreak="" achievement=""></item>
		<item name="wood" img="wood.png" drops="wood=1" dependency="hand,wood axe,stone axe,woodsman,iron axe,gold axe,diamond axe" timeToBreak="3,1.5,0.75,0.74,0.5,0.375,0.1875" achievement="Strom udeřil!"></item>
		<item name="grass" img="grass.png" drops="seeds=1" dependency="wood sword,stone sword,woodsman,iron sword,gold sword,diamond sword" timeToBreak=".5,.4,.3,.2,.1,.05" achievement="Tráva se pohnula!"></item>
		<item name="dirt" img="dirt.png" drops="dirt=1" dependency="wood shovel,stone shovel,woodsman,iron shovel,gold shovel,diamond shovel" timeToBreak="0.375,0.1875,0.1874,0.125,0.0938,0.06" achievement=""></item>
		<item name="water" img="water.png" drops="water=1" dependency="bucket,woodsman" timeToBreak="0.125,0.1875" achievement=""></item>
		<item name="lava" img="lava.png" drops="lava=1" dependency="bucket,miner" timeToBreak="0.05,0.05" achievement=""></item>
		<item name="gravel" img="gravel.png" drops="flint=.1" dependency="wood shovel,stone shovel,miner,iron shovel,gold shovel,diamond shovel" timeToBreak="0.45,0.225,0.224,0.15,0.1125,0.08" achievement=""></item>
		<item name="stone" img="stone.png" drops="cobblestone=1" dependency="wood pick,stone pick,miner,iron pick,gold pick,diamond pick" timeToBreak="1.125,0.5625,0.5624,0.375,0.2813,0.19" achievement="Kámen zrodil!"></item>
		<item name="coal ore" img="coalOre.png" drops="coal=1" dependency="wood pick,stone pick,miner,iron pick,gold pick,diamond pick" timeToBreak="2.25,1.125,1.124,0.75,0.5625,0.25" achievement="Pracoval v uhelném dole!!"></item>
		<item name="iron ore" img="ironOre.png" drops="iron ore=1" dependency="stone pick,miner,iron pick,gold pick,diamond pick" timeToBreak="1.25,1.24,1.125,0.75,0.4" achievement=""></item>
		<item name="gold ore" img="goldOre.png" drops="gold ore=1" dependency="iron pick,miner,gold pick,diamond pick" timeToBreak="1.25,1.8,0.75,0.5" achievement="Zlato!"></item>
		<item name="diamond ore" img="diamondOre.png" drops="diamond=1" dependency="gold pick,miner,diamond pick" timeToBreak="0.75,1.8,0.5" achievement=""></item>
		<item name="sugar cane" img="sugarCane.png" drops="sugar cane=1" dependency="wood sword,stone sword,gardener,iron sword,gold sword,diamond sword" timeToBreak="0.38,0.36,0.34,0.3,0.25,0.19" achievement=""></item>
		<item name="wheat" img="wheat.png" drops="wheat=.66,seeds=.33" dependency="wood sword,stone sword,gardener,iron sword,gold sword,diamond sword" timeToBreak="0.38,0.36,0.34,0.3,0.25,0.19" achievement=""></item>
		<item name="zombie" img="zombie.png" drops="nothing=0" dependency="wood sword,stone sword,hunter,iron sword,gold sword,diamond sword" timeToBreak="2.5,2.49,2.48,2.08,1.79,1" achievement=""></item>
		<item name="skeleton" img="skeleton.png" drops="arrow=0.5" dependency="wood sword,stone sword,hunter,iron sword,gold sword,diamond sword" timeToBreak="2.2,2.19,2.18,1.83,1.57,1" achievement=""></item>
		<item name="witch" img="witch.png" drops="witch=4" dependency="trap" timeToBreak="3" achievement=""></item>
		<item name="zombie villager" img="zombieVillager.png" drops="zombie villager=4" dependency="trap" timeToBreak="1.67" achievement=""></item>
		<item name="spider" img="spider.png" drops="string=0.5" dependency="wood sword,stone sword,hunter,iron sword,gold sword,diamond sword" timeToBreak="1.8,1.79,1.78,1.5,1.29,1" achievement=""></item>
		<item name="slime" img="slime.png" drops="slime ball=0.5" dependency="wood sword,stone sword,hunter,butcher,iron sword,gold sword,diamond sword" timeToBreak="1,0.99,0.98,0.97,0.83,0.714,0.638" achievement=""></item>
		<item name="chicken" img="chicken.png" drops="feather=0.5" dependency="wood sword,stone sword,hunter,butcher,iron sword,gold sword,diamond sword" timeToBreak="0.4,.39,.38,.37,.33,.286,.26" achievement=""></item>
		<item name="cow" img="cow.png" drops="leather=2" dependency="wood sword,stone sword,hunter,butcher,iron sword,gold sword,diamond sword" timeToBreak="1,.99,.98,.97,.83,.714,.638" achievement=""></item>
		<item name="pig" img="pig.png" drops="nothing=0" dependency="wood sword,stone sword,hunter,butcher,iron sword,gold sword,diamond sword" timeToBreak="1,.99,.98,.97,.83,.714,.638" achievement=""></item>
		<item name="sheep" img="sheep.png" drops="wool=0.5" dependency="wood sword,stone sword,hunter,butcher,iron sword,gold sword,diamond sword" timeToBreak=".8,.79,.78,.77,.667,.57,.5" achievement=""></item>
		<item name="horse" img="horse.png" drops="horse=1" dependency="lead" timeToBreak="1" achievement=""></item>
	</grinds>
	
	<grinders>
		<item name="overworld" generates="wood,grass,dirt,water" occurance="29,4,65,4" img="overworld.png" maxIncrease="0"></item>
		<item name="mine" generates="stone,gravel,coal ore,iron ore,gold ore,diamond ore,lava" occurance="100,10,14,4,3,1,5" img="mine.png" maxIncrease="0"></item>
		<item name="food" generates="nothing,sugar cane,wheat" occurance="remainder,2,2" img="food.png" maxIncrease="0"></item>
		<item name="mobs" generates="nothing,chicken,cow,pig,sheep,horse,zombie,skeleton,witch,zombie villager,spider,slime" occurance="remainder,1.75,3,1.75,1.75,1.75,1.75,1.75,1.75,1.75,1.75,0.5" img="mobs.png" maxIncrease="0"></item>
	</grinders>
		
	
	
</data>