<?xml version="1.0" encoding="utf-8" ?>
<data>
	<grinders>
		<item name="gunship" generates="launcher,tnt" occurance="100,100" img="gunshipGrinder.png" maxIncrease="0"/>
		<item name="end" generates="sword swing,arrow launch" occurance="50,50" img="endGrinder.png" maxIncrease="0"/>
		<item name="nether sleigh" generates="netherrack,nether wart" occurance="16,1" img="netherSleighGrinder.png" maxIncrease="1"/>
		<item name="mobs" generates="zombie,skeleton,witch" occurance="8,7.75,1.75" img="mobs.png" maxIncrease="1"/>
	</grinders>
	
	<grinds>
		<item name="launcher" img="launcher.png" drops="fodder=1" dependency="armada" timeToBreak="1" achievement=""/>
		<item name="fodder" img="fodder.png" drops="" dependency="" timeToBreak="" achievement=""/>
		<item name="tnt" img="tnt.png" drops="tnt=1" dependency="obsidian army" timeToBreak="1" achievement=""/>
		<item name="sword swing" img="swordSwing.png" drops="sword swing=1" dependency="obsidian soldier" timeToBreak="0.5" achievement=""/>
		<item name="arrow launch" img="arrowLaunch.png" drops="arrow launch=1" dependency="obsidian soldier" timeToBreak="0.5" achievement=""/>
		<item name="netherrack" img="netherrack.png" drops="netherrack=1" dependency="portal sleigh" timeToBreak="0.5" achievement=""/>
		<item name="nether wart" img="netherWart.png" drops="nether wart=1" dependency="portal sleigh" timeToBreak="0.5" achievement=""/>
		<item name="witch" img="witch.png" drops="sugar=1" dependency="strongs isle" timeToBreak="2" achievement=""/>
		<item name="sugar" img="sugar.png" drops="" dependency="nothing=0" timeToBreak="" achievement=""/>
		<item name="zombie" img="zombie.png" drops="nothing=0" dependency="strongs isle" timeToBreak="2.48" achievement=""/>
		<item name="skeleton" img="skeleton.png" drops="nothing=0" dependency="strongs isle" timeToBreak="2.18" achievement=""/>
	</grinds>
	
<crafters>
   <item ingrediens="fodder=1" requiredItem="armada" craftedItems="fodder=0" image="fodder.png" soundPrefix="explosion" type="" achievement="TNT vybuchla!" onComplete="explode crater,drop crater=1" tooltip="Slouží k vyhození Strongsova ostrova do povětří." />
   <item ingrediens="nothing=0" requiredItem="nothing" craftedItems="crater=0" image="crater.png" soundPrefix="dirt" type="" achievement="Kráter explodoval!" onComplete="nothing" tooltip="Slouží k vyhození Strongsova ostrova do povětří." />
   <item ingrediens="crater=96" requiredItem="nothing" craftedItems="destroyed isle=1" image="destroyedIsle.png" soundPrefix="explosion" type="" achievement="Pevnost odhalena !" onComplete="explode destroyed isle" tooltip="Slouží k přístupu do pevnosti." />
   <item ingrediens="armada=1" requiredItem="destroyed isle" craftedItems="armada=0" image="armada.png" soundPrefix="whoosh" type="" achievement="nothing" onComplete="drop obsidian army=1-gunship=3,automate gunship" tooltip="Vyloží obsidiánovou armádu." />
   <item ingrediens="nothing=0" requiredItem="obsidian army" craftedItems="tnt=1" image="tnt.png" soundPrefix="dirt" type="grind" achievement="nothing" onComplete="nothing" tooltip="Potřebné ke stavbě tnt clusterů." />
   <item ingrediens="tnt=27" requiredItem="nothing" craftedItems="tnt cluster=0" image="tntCluster.png" soundPrefix="explosion" type="" achievement="nothing" onComplete="explode big crater,drop big crater=1" tooltip="Slouží k vyhození Strongsova ostrova do povětří." />
   <item ingrediens="nothing=0" requiredItem="nothing" craftedItems="big crater=0" image="bigCrater.png" soundPrefix="dirt" type="" achievement="Vybuchl velký kráter!" onComplete="nothing" tooltip="Slouží k vyhození Strongsova ostrova do povětří." />
   <item ingrediens="big crater=5" requiredItem="nothing" craftedItems="stronghold breach=1" image="strongholdBreach.png" soundPrefix="explosion" type="" achievement="Pevnost prolomena!" onComplete="explode stronghold breach" tooltip="Slouží k prolomení pevnosti." />
   <item ingrediens="nothing=0" requiredItem="stronghold breach" craftedItems="stronghold breach exporter=1" image="strongholdBreach.png" soundPrefix="" type="" achievement="nothing" onComplete="navigateToUrl 1JiDIQ" tooltip="Ke stažení." />
   <item ingrediens="tnt=8" requiredItem="stronghold breach" craftedItems="small tnt cluster=0" image="smallTntCluster.png" soundPrefix="explosion" type="" achievement="Malý shluk TNT !" onComplete="explode demolition,drop demolition=1" tooltip="Používá se k vyhození pevnosti do povětří." />
   <item ingrediens="nothing=0" requiredItem="nothing" craftedItems="demolition=1" image="demolition.png" soundPrefix="" type="" achievement="nothing" onComplete="nothing" tooltip="Došlo k výbuchu !" />
   <item ingrediens="demolition=1" requiredItem="nothing" craftedItems="empty room=1" image="emptyRoom.png" soundPrefix="explosion" type="" achievement="nothing" onComplete="explode empty room" tooltip="Nutné k dosažení místnosti s koncovým portálem." />
   <item ingrediens="demolition=2" requiredItem="nothing" craftedItems="stone staircase=1" image="stoneStaircase.png" soundPrefix="explosion" type="" achievement="nothing" onComplete="explode stone staircase" tooltip="Nutné k dosažení místnosti s koncovým portálem." />
   <item ingrediens="demolition=2" requiredItem="nothing" craftedItems="chest corridor=1" image="chestCorridor.png" soundPrefix="explosion" type="" achievement="nothing" onComplete="explode chest corridor" tooltip="Nutné k dosažení místnosti s koncovým portálem." />
   <item ingrediens="demolition=2" requiredItem="nothing" craftedItems="stone spiral staircase=1" image="stoneSpiralStaircase.png" soundPrefix="explosion" type="" achievement="nothing" onComplete="explode stone spiral staircase" tooltip="Nutné k dosažení místnosti s koncovým portálem." />
   <item ingrediens="demolition=2" requiredItem="nothing" craftedItems="stronghold fountain=1" image="strongholdFountain.png" soundPrefix="explosion" type="" achievement="nothing" onComplete="explode stronghold fountain" tooltip="Nutné k dosažení místnosti s koncovým portálem." />
   <item ingrediens="demolition=3" requiredItem="nothing" craftedItems="prison cell=1" image="prisonCell.png" soundPrefix="explosion" type="" achievement="nothing" onComplete="explode prison cell" tooltip="Nutné k dosažení místnosti s koncovým portálem." />
   <item ingrediens="demolition=4" requiredItem="nothing" craftedItems="five way crossing=1" image="fiveWayCrossing.png" soundPrefix="explosion" type="" achievement="nothing" onComplete="explode five way crossing" tooltip="Nutné k dosažení místnosti s koncovým portálem." />
   <item ingrediens="demolition=4" requiredItem="nothing" craftedItems="store room=1" image="storeRoom.png" soundPrefix="explosion" type="" achievement="nothing" onComplete="explode store room" tooltip="Nutné k dosažení místnosti s koncovým portálem." />
   <item ingrediens="demolition=4" requiredItem="nothing" craftedItems="stronghold library=1" image="strongholdLibrary.png" soundPrefix="explosion" type="" achievement="nothing" onComplete="explode stronghold library" tooltip="Nutné k dosažení místnosti s koncovým portálem." />
   <item ingrediens="stone staircase=1,chest corridor=1,five way crossing=1,prison cell=1,stone spiral staircase=1,store room=1,empty room=1,stronghold fountain=1,stronghold library=1" requiredItem="nothing" craftedItems="end portal room=1" image="endPortalRoom.png" soundPrefix="" type="" achievement="Portálová místnost nalezena !" onComplete="automate end,stopGrinder gunship" tooltip="Nutné k aktivaci koncového portálu." />
   <item ingrediens="nothing=0" requiredItem="nothing" craftedItems="eyes of ender=1" image="eyesOfEnder.png" soundPrefix="" type="" achievement="nothing" onComplete="nothing" tooltip="Nutné k aktivaci koncového portálu." />
   <item ingrediens="end portal room=1,eyes of ender=1" requiredItem="nothing" craftedItems="end portal=1" image="endPortal.png" soundPrefix="" type="" achievement="Koncový portál aktivován !" onComplete="showGrinder end" tooltip="Nutné pro přechod do Konce." />
   <item ingrediens="nothing=0" requiredItem="end portal" craftedItems="end portal exporter=1" image="endPortal.png" soundPrefix="" type="" achievement="nothing" onComplete="navigateToUrl 1JoGKQ" tooltip="Ke stažení." />
   <item ingrediens="obsidian army=1" requiredItem="end portal" craftedItems="obsidian army=0" image="obsidianArmy.png" soundPrefix="metal" type="" achievement="Obsidiánová armáda!" onComplete="drop obsidian soldier=12-obsidian knight=4-obsidian flying knight=4" tooltip="Nutné k boji s koncovým drakem." />
   <item ingrediens="nothing=0" requiredItem="nothing" craftedItems="obsidian soldier=1" image="obsidianSoldier.png" soundPrefix="hand" type="" achievement="Obsidiánový voják!" onComplete="nothing" tooltip="Nutné k boji s koncovým drakem." />
   <item ingrediens="nothing=0" requiredItem="nothing" craftedItems="obsidian knight=1" image="obsidianKnight.png" soundPrefix="hand" type="" achievement="Obsidiánový rytíř!" onComplete="nothing" tooltip="Nutné k boji s koncovým drakem." />
   <item ingrediens="nothing=0" requiredItem="nothing" craftedItems="obsidian flying knight=1" image="obsidianFlyingKnight.png" soundPrefix="hand" type="" achievement="Obsidiánový létající rytíř !" onComplete="nothing" tooltip="Nutné k boji s koncovým drakem." />
   <item ingrediens="nothing=0" requiredItem="obsidian soldier" craftedItems="sword swing=1" image="swordSwing.png" soundPrefix="metal" type="grind" achievement="Meč se rozmáchl!" onComplete="nothing" tooltip="Nutné k boji s koncovým drakem." />
   <item ingrediens="nothing=0" requiredItem="obsidian soldier" craftedItems="arrow launch=1" image="arrowLaunch.png" soundPrefix="metal" type="grind" achievement="Šíp vystřelen!" onComplete="nothing" tooltip="Nutné k boji s koncovým drakem." />
   <item ingrediens="arrow launch=8" requiredItem="nothing" craftedItems="ender crystal=1" image="enderCrystal.png" soundPrefix="metal" type="" achievement="Enderův křišťál!" onComplete="nothing" tooltip="Nutné k poražení koncového draka." />
   <item ingrediens="ender crystal=12" requiredItem="nothing" craftedItems="ender dragon=1" image="enderDragon.png" soundPrefix="" type="" achievement="Enderův drak!" onComplete="drop dragon tail 1=8" tooltip="Nutné k boji s koncovým drakem." />
   <item ingrediens="dragon tail 1=1,arrow launch=1" requiredItem="obsidian soldier" craftedItems="dragon tail 1=0" image="dragonTail1.png" soundPrefix="explosion" type="melter" achievement="Ocas poškozen !" onComplete="explode dragon tail 1,drop dragon tail 2=1" tooltip="Útok na ocas." />
   <item ingrediens="dragon tail 2=1,arrow launch=1" requiredItem="obsidian soldier" craftedItems="dragon tail 2=0" image="dragonTail2.png" soundPrefix="explosion" type="melter" achievement="Ocas poškozen !" onComplete="explode dragon tail 2,drop dragon tail 3=1" tooltip="Útok na ocas." />
   <item ingrediens="dragon tail 3=1,arrow launch=1" requiredItem="obsidian soldier" craftedItems="dragon tail 3=0" image="dragonTail3.png" soundPrefix="explosion" type="melter" achievement="Ocas poškozen !" onComplete="explode dragon tail 3,drop dragon left wing 1=1" tooltip="Útok na ocas." />
   <item ingrediens="nothing=0" requiredItem="nothing" craftedItems="nothing=0" image="" soundPrefix="" type="" achievement="" onComplete="nothing" tooltip="" />
   <item ingrediens="dragon left wing 1=1,arrow launch=1" requiredItem="obsidian soldier" craftedItems="dragon left wing 1=0" image="dragonLeftWing1.png" soundPrefix="explosion" type="melter" achievement="Poškozené křídlo!" onComplete="explode dragon left wing 1,drop dragon left wing 2=2" tooltip="Útok na křídlo." />
   <item ingrediens="dragon left wing 2=1,arrow launch=1" requiredItem="obsidian soldier" craftedItems="dragon left wing 2=0" image="dragonLeftWing2.png" soundPrefix="explosion" type="melter" achievement="Poškozené křídlo!" onComplete="explode dragon left wing 2,drop dragon left wing 3=2" tooltip="Útok na křídlo." />
   <item ingrediens="dragon left wing 3=4,arrow launch=4" requiredItem="obsidian flying knight" craftedItems="dragon left wing 3=0" image="dragonLeftWing3.png" soundPrefix="explosion" type="melter" achievement="Poškozené křídlo!" onComplete="explode dragon left wing 3,explode dragon left wing 2,explode dragon left wing 1,drop dragon left wing 4=1" tooltip="Útok na křídlo." />
   <item ingrediens="nothing=0" requiredItem="nothing" craftedItems="nothing=0" image="" soundPrefix="" type="" achievement="" onComplete="nothing" tooltip="" />
   <item ingrediens="nothing=0" requiredItem="nothing" craftedItems="nothing=0" image="" soundPrefix="" type="" achievement="" onComplete="nothing" tooltip="" />
   <item ingrediens="dragon right wing 1=1,arrow launch=1" requiredItem="obsidian soldier" craftedItems="dragon right wing 1=0" image="dragonRightWing1.png" soundPrefix="explosion" type="melter" achievement="Poškozené křídlo!" onComplete="explode dragon right wing 1,drop dragon right wing 2=2" tooltip="Útok na křídlo." />
   <item ingrediens="dragon right wing 2=1,arrow launch=1" requiredItem="obsidian soldier" craftedItems="dragon right wing 2=0" image="dragonRightWing2.png" soundPrefix="explosion" type="melter" achievement="Poškozené křídlo!" onComplete="explode dragon right wing 2,drop dragon right wing 3=2" tooltip="Útok na křídlo." />
   <item ingrediens="dragon body 1=1,sword swing=1" requiredItem="obsidian knight" craftedItems="dragon body 1=0" image="dragonBody1.png" soundPrefix="explosion" type="melter" achievement="Torzo poškozeno!" onComplete="explode dragon body 1,drop dragon body 2=2" tooltip="Útok na trup." />
   <item ingrediens="dragon body 2=1,sword swing=1" requiredItem="obsidian knight" craftedItems="dragon body 2=0" image="dragonBody2.png" soundPrefix="explosion" type="melter" achievement="Torzo poškozeno!" onComplete="explode dragon body 2,drop dragon body 3=2" tooltip="Útok na trup." />
   <item ingrediens="dragon left wing 4=1,arrow launch=1" requiredItem="obsidian soldier" craftedItems="dragon left wing 4=0" image="dragonLeftWing4.png" soundPrefix="explosion" type="melter" achievement="Poškozené křídlo!" onComplete="explode dragon left wing 4,drop dragon left wing 5=2" tooltip="Útok na křídlo." />
   <item ingrediens="dragon left wing 5=1,arrow launch=1" requiredItem="obsidian soldier" craftedItems="dragon left wing 5=0" image="dragonLeftWing5.png" soundPrefix="explosion" type="melter" achievement="Poškozené křídlo!" onComplete="explode dragon left wing 5,drop dragon left wing 6=2" tooltip="Útok na křídlo." />
   <item ingrediens="dragon left wing 6=2,arrow launch=2" requiredItem="obsidian flying knight" craftedItems="dragon left wing 6=0" image="dragonLeftWing6.png" soundPrefix="explosion" type="melter" achievement="Poškozené křídlo!" onComplete="explode dragon left wing 6,explode dragon left wing 5,explode dragon left wing 4,explode dragon left wing 3,explode dragon left wing 2,explode dragon left wing1,drop dragon right wing 1=1" tooltip="Útok na křídlo." />
   <item ingrediens="nothing=0" requiredItem="nothing" craftedItems="nothing=0" image="" soundPrefix="" type="" achievement="" onComplete="nothing" tooltip="" />
   <item ingrediens="dragon right wing 3=4,arrow launch=4" requiredItem="obsidian flying knight" craftedItems="dragon right wing 3=0" image="dragonRightWing3.png" soundPrefix="explosion" type="melter" achievement="Poškozené křídlo!" onComplete="explode dragon right wing 3,explode dragon right wing 2,explode dragon right wing 1,drop dragon right wing 4=1" tooltip="Útok na křídlo." />
   <item ingrediens="dragon right wing 4=1,arrow launch=1" requiredItem="obsidian soldier" craftedItems="dragon right wing 4=0" image="dragonRightWing4.png" soundPrefix="explosion" type="melter" achievement="Poškozené křídlo!" onComplete="explode dragon right wing 4,drop dragon right wing 5=2" tooltip="Útok na křídlo." />
   <item ingrediens="dragon right wing 5=1,arrow launch=1" requiredItem="obsidian soldier" craftedItems="dragon right wing 5=0" image="dragonRightWing5.png" soundPrefix="explosion" type="melter" achievement="Poškozené křídlo!" onComplete="explode dragon right wing 5,drop dragon right wing 6=2" tooltip="Útok na křídlo." />
   <item ingrediens="dragon body 3=1,sword swing=1" requiredItem="obsidian knight" craftedItems="dragon body 3=0" image="dragonBody3.png" soundPrefix="explosion" type="melter" achievement="Torzo poškozeno!" onComplete="explode dragon body 3,drop dragon neck 1=1" tooltip="Útok na trup." />
   <item ingrediens="dragon neck 1=4,sword swing=4" requiredItem="obsidian knight" craftedItems="dragon neck 1=0" image="dragonNeck1.png" soundPrefix="explosion" type="melter" achievement="Poškozený krk!" onComplete="explode dragon neck 1,drop dragon neck 2=1" tooltip="Útok na krk." />
   <item ingrediens="dragon neck 2=1,sword swing=1" requiredItem="obsidian knight" craftedItems="dragon neck 2=0" image="dragonNeck2.png" soundPrefix="explosion" type="melter" achievement="Poškozený krk!" onComplete="explode dragon neck 2,drop dragon neck 3=4" tooltip="Útok na krk." />
   <item ingrediens="nothing=0" requiredItem="nothing" craftedItems="nothing=0" image="" soundPrefix="" type="" achievement="" onComplete="nothing" tooltip="" />
   <item ingrediens="nothing=0" requiredItem="nothing" craftedItems="nothing=0" image="" soundPrefix="" type="" achievement="" onComplete="nothing" tooltip="" />
   <item ingrediens="dragon right wing 6=1,arrow launch=1" requiredItem="obsidian soldier" craftedItems="dragon right wing 6=0" image="dragonRightWing6.png" soundPrefix="explosion" type="melter" achievement="Poškozené křídlo!" onComplete="explode dragon right wing 6,drop dragon right wing 7=2" tooltip="Útok na křídlo." />
   <item ingrediens="dragon right wing 7=4,arrow launch=4" requiredItem="obsidian flying knight" craftedItems="dragon right wing 7=0" image="dragonRightWing7.png" soundPrefix="explosion" type="melter" achievement="Poškozené křídlo!" onComplete="explode dragon right wing 7,explode dragon right wing 6,explode dragon right wing 5,explode dragon right wing 4,explode dragon right wing 3,explode dragon right wing 2,explode dragon right wing 1,drop dragon body 1=1" tooltip="Útok na křídlo." />
   <item ingrediens="nothing=0" requiredItem="nothing" craftedItems="nothing=0" image="" soundPrefix="" type="" achievement="" onComplete="nothing" tooltip="" />
   <item ingrediens="nothing=0" requiredItem="nothing" craftedItems="nothing=0" image="" soundPrefix="" type="" achievement="" onComplete="nothing" tooltip="" />
   <item ingrediens="nothing=0" requiredItem="nothing" craftedItems="nothing=0" image="" soundPrefix="" type="" achievement="" onComplete="nothing" tooltip="" />
   <item ingrediens="dragon neck 3=1,sword swing=1" requiredItem="obsidian knight" craftedItems="dragon neck 3=0" image="dragonNeck3.png" soundPrefix="explosion" type="melter" achievement="Poškozený krk!" onComplete="explode dragon neck 3,drop dragon head=4" tooltip="Útok na krk." />
   <item ingrediens="nothing=0" requiredItem="nothing" craftedItems="dragon head=0" image="dragonHead.png" soundPrefix="explosion" type="" achievement="Zničená hlava!" onComplete="nothing" tooltip="Porazit draka Endera." />
   <item ingrediens="dragon head=512" requiredItem="nothing" craftedItems="dragon egg=1" image="dragonEgg.png" soundPrefix="explosion" type="" achievement="Dračí vejce!" onComplete="markMap Trading Post-966-426,explode dragon head,beatGame,explode dragon tail 3,explode dragon tail 2,explode dragon tail 1,explode dragon left wing 6,explode dragon left wing 5,explode dragon left wing 4,explode dragon left wing 3,explode dragon left wing 2,explode dragon left wing1,explode dragon right wing 7,explode dragon right wing 6,explode dragon right wing 5,explode dragon right wing 4,explode dragon right wing 3,explode dragon right wing 2,explode dragon right wing 1,explode dragon body 3,explode dragon body 2,explode dragon body 1,explode dragon neck 3,explode dragon neck 2,explode dragon neck 1" tooltip="Nutné k poražení GrindCraftu !" />
   <item ingrediens="nothing=0" requiredItem="nothing" craftedItems="apothecary=1" image="apothecary.png" soundPrefix="hand" type="" achievement="Vyučený lékárník !" onComplete="nothing" tooltip="Používá se k výrobě lektvarů a výbušnin." />
   <item ingrediens="nothing=0" requiredItem="obsidian soldier" craftedItems="sugar=1" image="sugar.png" soundPrefix="metal" type="grind" achievement="Cukr klesl !" onComplete="nothing" tooltip="Potřebné k výrobě lektvarů." />
   <item ingrediens="nothing=0" requiredItem="portal sleigh" craftedItems="nether wart=1" image="netherWart.png" soundPrefix="whoosh" type="grind" achievement="Vybrané bradavice!" onComplete="nothing" tooltip="Používá se v lektvarech." />
   <item ingrediens="sugar=1,nether wart=1" requiredItem="apothecary" craftedItems="speed potion=1" image="potion.png" soundPrefix="whoosh" type="" achievement="Vyrobený lektvar!" onComplete="nothing" tooltip="Lze vypít." />
   <item ingrediens="speed potion=1" requiredItem="nothing" craftedItems="use speed potion=0" image="usePotion.png" soundPrefix="whoosh" type="" achievement="Lektvar vypit!" onComplete="speed 200" tooltip="Má rychlé vlastnosti." />
   <item ingrediens="nothing=0" requiredItem="nothing" craftedItems="redstone=1" image="redstone.png" soundPrefix="metal" type="" achievement="Redstone vytěžen!" onComplete="nothing" tooltip="Používá se v obvodech a lektvarech z červeného kamene." />
   <item ingrediens="speed potion=1,redstone=1" requiredItem="nothing" craftedItems="speed 2 potion=1" image="potion.png" soundPrefix="whoosh" type="" achievement="Vyrobený lektvar!" onComplete="nothing" tooltip="Lze vypít." />
   <item ingrediens="speed 2 potion=1" requiredItem="nothing" craftedItems="use speed 2 potion=0" image="usePotion.png" soundPrefix="whoosh" type="" achievement="Lektvar vypit!" onComplete="speed 400" tooltip="Dlouhodobější rychlost." />
   <item ingrediens="nothing=0" requiredItem="nothing" craftedItems="gunship=1" image="gunship.png" soundPrefix="" type="" achievement="Postavena bitevní loď !" onComplete="nothing" tooltip="Nutné k plavbě po Grindcraftii" />
   <item ingrediens="nothing=0" requiredItem="nothing" craftedItems="gold ore=1" image="goldOre.png" soundPrefix="" type="" achievement="nothing" onComplete="nothing" tooltip="Slouží k tavení zlatých ingotů." />
   <item ingrediens="nothing=0" requiredItem="nothing" craftedItems="gold ingot=1" image="goldIngot.png" soundPrefix="" type="" achievement="Zlatý slitek roztaven !" onComplete="nothing" tooltip="Slouží k výrobě zlatých nástrojů a brnění." />
   <item ingrediens="nothing=0" requiredItem="nothing" craftedItems="diamond=1" image="diamond.png" soundPrefix="" type="" achievement="" onComplete="nothing" tooltip="Slouží k výrobě diamantových nástrojů a brnění." />
   <item ingrediens="nothing=0" requiredItem="nothing" craftedItems="obsidian=1" image="obsidian.png" soundPrefix="" type="" achievement="" onComplete="nothing" tooltip="Používá se k výrobě obsidiánového brnění a portálů." />
   <item ingrediens="nothing=0" requiredItem="nothing" craftedItems="city state=1" image="cityState.png" soundPrefix="" type="" achievement="Město Stav !" onComplete="nothing" tooltip="Váš první build." />
   <item ingrediens="nothing=0" requiredItem="nothing" craftedItems="port=1" image="port.png" soundPrefix="" type="" achievement="Přístav zaveden !" onComplete="nothing" tooltip="Nutné k plavbě po Grindcraftii" />
   <item ingrediens="nothing=0" requiredItem="nothing" craftedItems="portal sleigh=1" image="portalSleigh.png" soundPrefix="metal" type="" achievement="Portálové sáně !" onComplete="nothing" tooltip="Slouží k cestování do podzemí." />
   <item ingrediens="nothing=0" requiredItem="nothing" craftedItems="strongs isle=1" image="strongsIsle.png" soundPrefix="" type="" achievement="nothing" onComplete="nothing" tooltip="" />
   <item ingrediens="nothing=0" requiredItem="strongs isle" craftedItems="strongs isle exporter=1" image="strongsIsle.png" soundPrefix="" type="" achievement="nothing" onComplete="navigateToUrl 1Jd37O" tooltip="Ke stažení." />
</crafters>
</data>