<?xml version="1.0" encoding="utf-8" ?>
<data>
	<grinders>
		<item name="overworld" generates="wood,dirt" occurance="29,65" img="overworld.png" maxIncrease="5" />
		<item name="mine" generates="stone,gravel,coal ore,iron ore,gold ore,diamond ore,obsidian,lava,spider,slime" occurance="50,5,14,4,3,1,2,5,1.75,0.5" img="mine.png" maxIncrease="5"/>
		<item name="nether mobs" generates="nothing,zombie pigman,blaze,ghast" occurance="remainder,3,1,1.75" img="netherMobs.png" maxIncrease="0"/>
		<item name="nether" generates="nothing,netherrack" occurance="remainder,50" img="nether.png" maxIncrease="0"/>
	</grinders>
	
	<grinds>
		<item name="hand" img="hand.png" drops="hand=1" dependency="none" timeToBreak="" achievement=""></item>
		<item name="wood" img="wood.png" drops="wood=1" dependency="hand,woodsman,iron axe,gold axe,diamond axe" timeToBreak="3,0.74,0.5,0.375,0.1875" achievement="Tree punched!"></item>
		<item name="grass" img="grass.png" drops="seeds=1" dependency="woodsman,iron sword,gold sword,diamond sword" timeToBreak=".3,.2,.1,.05" achievement="Grass moved!"></item>
		<item name="dirt" img="dirt.png" drops="dirt=1" dependency="woodsman,iron shovel,gold shovel,diamond shovel" timeToBreak="0.1875,0.1874,0.125,0.0938,0.06" achievement=""></item>
		<item name="water" img="water.png" drops="water=1" dependency="bucket,woodsman" timeToBreak="0.125,0.1875" achievement=""></item>
		<item name="lava" img="lava.png" drops="lava=1" dependency="minecraft" timeToBreak="0.05" achievement=""></item>
		<item name="gravel" img="gravel.png" drops="flint=.1" dependency="miner,iron shovel,gold shovel,diamond shovel" timeToBreak="0.224,0.15,0.1125,0.08" achievement=""></item>
		<item name="stone" img="stone.png" drops="cobblestone=1" dependency="miner,iron pick,gold pick,diamond pick" timeToBreak="0.5625,0.5624,0.375,0.2813,0.19" achievement="Stone begot!"></item>
		<item name="coal ore" img="coalOre.png" drops="coal=1" dependency="scaffolding" timeToBreak="0.75" achievement=""></item>
		<item name="iron ore" img="ironOre.png" drops="iron ore=1" dependency="scaffolding" timeToBreak="1.125" achievement=""></item>
		<item name="gold ore" img="goldOre.png" drops="gold ore=1" dependency="iron pick,miner,gold pick,diamond pick" timeToBreak="1.25,1.8,0.75,0.5" achievement="Gold!"></item>
		<item name="diamond ore" img="diamondOre.png" drops="diamond=1" dependency="minecart" timeToBreak="1.8" achievement=""></item>
		<item name="obsidian" img="obsidian.png" drops="obsidian=1" dependency="minecart" timeToBreak="5" achievement=""></item>
		<item name="zombie" img="zombie.png" drops="nothing=0" dependency="hunter,iron sword,gold sword,diamond sword" timeToBreak="2.48,2.08,1.79,1" achievement=""></item>
		<item name="skeleton" img="skeleton.png" drops="arrow=0.5" dependency="hunter,iron sword,gold sword,diamond sword" timeToBreak="2.18,1.83,1.57,1" achievement=""></item>
		<item name="witch" img="witch.png" drops="witch=1" dependency="trap" timeToBreak="3" achievement=""></item>
		<item name="zombie villager" img="zombieVillager.png" drops="zombie villager=1" dependency="trap" timeToBreak="1.67" achievement=""></item>
		<item name="spider" img="spider.png" drops="string=0.5" dependency="hunter,iron sword,gold sword,diamond sword" timeToBreak="1.78,1.5,1.29,1" achievement=""></item>
		<item name="string" img="string.png" drops="" dependency="" timeToBreak="" achievement=""></item>
		<item name="slime" img="slime.png" drops="slime ball=0.5" dependency="hunter,iron sword,gold sword,diamond sword" timeToBreak="0.98,0.83,0.714,0.638" achievement=""></item>
		<item name="slime ball" img="slime ball.png" drops="" dependency="" timeToBreak="" achievement=""></item>
		<item name="chicken" img="chicken.png" drops="feather=0.5" dependency="hunter,iron sword,gold sword,diamond sword" timeToBreak=".38,.33,.286,.26" achievement=""></item>
		<item name="feather" img="feather.png" drops="" dependency="" timeToBreak="" achievement=""></item>
		<item name="cow" img="cow.png" drops="leather=2" dependency="hunter,iron sword,gold sword,diamond sword" timeToBreak=".98,.83,.714,.638" achievement=""></item>
		<item name="leather" img="leather.png" drops="" dependency="" timeToBreak="" achievement=""></item>
		<item name="pig" img="pig.png" drops="nothing=0" dependency="hunter,iron sword,gold sword,diamond sword" timeToBreak=".98,.83,.714,.638" achievement=""></item>
		<item name="sheep" img="sheep.png" drops="wool=0.5" dependency="hunter,iron sword,gold sword,diamond sword" timeToBreak=".78,.667,.57,.5" achievement=""></item>
		<item name="wool" img="wool.png" drops="" dependency="" timeToBreak="" achievement=""></item>
		<item name="horse" img="horse.png" drops="horse=1" dependency="lead" timeToBreak="1" achievement=""></item>
		<item name="sugar cane" img="sugarCane.png" drops="sugar cane=1" dependency="gardener,iron sword,gold sword,diamond sword" timeToBreak="0.34,0.3,0.25,0.19" achievement=""></item>
		<item name="wheat" img="wheat.png" drops="wheat=.66,seeds=.33" dependency="gardener,iron sword,gold sword,diamond sword" timeToBreak="0.34,0.3,0.25,0.19" achievement=""></item>
		<item name="netherrack" img="netherrack.png" drops="netherrack=10" dependency="pigman worker" timeToBreak="0.56" achievement="Nether racked !"></item>
		<item name="zombie pigman" img="zombiePigman.png" drops="zombie pigman=1" dependency="iron trap" timeToBreak="2.49" achievement=""></item>
		<item name="blaze" img="blaze.png" drops="blaze rod=.5" dependency="nether fortress" timeToBreak="5" achievement=""></item>
		<item name="blaze rod" img="blazeRod.png" drops="" dependency="" timeToBreak="" achievement=""></item>
		<item name="ghast" img="ghast.png" drops="ghast=1" dependency="ghast trap" timeToBreak="4.5" achievement=""></item>
		<item name="spider" img="spider.png" drops="string=0.5" dependency="hunter,iron sword,gold sword,diamond sword" timeToBreak="1.78,1.5,1.29,1" achievement=""></item>
		<item name="slime" img="slime.png" drops="slime ball=0.5" dependency="hunter,iron sword,gold sword,diamond sword" timeToBreak=".98,.83,.714,.638" achievement=""></item>
		<item name="slime ball" img="slimeBall.png" drops="" dependency="" timeToBreak="" achievement=""></item>
		<item name="witherSkeleton" img="witherSkeleton.png" drops="coal=.5,bone=.67" dependency="hunter,iron sword,gold sword,diamond sword" timeToBreak="5,4.25,3.67,3" achievement=""></item>
	</grinds>
	
<crafters>
	<item ingrediens="wood=1" requiredItem="carpenter" craftedItems="wood slab=6" image="woodSlab.png" soundPrefix="wood" type="wood" achievement="nothing" onComplete="nothing" tooltip="Required to build a deck."/>
	<item ingrediens="wood slab=9" requiredItem="carpenter" craftedItems="deck=1" image="deck.png" soundPrefix="wood" type="wood" achievement="nothing" onComplete="nothing" tooltip="Required to build a scaffold."/>
	<item ingrediens="wood=6" requiredItem="carpenter" craftedItems="fence=9" image="fence.png" soundPrefix="wood" type="wood" achievement="nothing" onComplete="nothing" tooltip="Used to build pens."/>
	<item ingrediens="fence=3" requiredItem="carpenter" craftedItems="post=1" image="post.png" soundPrefix="wood" type="wood" achievement="nothing" onComplete="nothing" tooltip="Required to build a platform."/>
	<item ingrediens="deck=1,post=4" requiredItem="carpenter" craftedItems="platform=1" image="platform.png" soundPrefix="wood" type="wood" achievement="nothing" onComplete="nothing" tooltip="Required to build a scaffold."/>
	<item ingrediens="wood=1" requiredItem="carpenter" craftedItems="ladder=3" image="ladder.png" soundPrefix="wood" type="wood" achievement="nothing" onComplete="nothing" tooltip="Required to build a scaffold."/>
	<item ingrediens="platform=1,deck=1,wood=1,ladder=5" requiredItem="carpenter" craftedItems="scaffold=1" image="scaffold.png" soundPrefix="wood" type="wood" achievement="Scaffold built !" onComplete="nothing" tooltip="Required to build scaffolding."/>
	<item ingrediens="deck=1,fence=6" requiredItem="carpenter" craftedItems="bridge=1" image="bridge.png" soundPrefix="wood" type="wood" achievement="Bridge built !" onComplete="nothing" tooltip="Required to build scaffolding."/>
	<item ingrediens="scaffold=6,bridge=1" requiredItem="nothing" craftedItems="scaffolding=1" image="scaffolding.png" soundPrefix="wood" type="wood" achievement="Scaffolding built !" onComplete="nothing" tooltip="Required to reach the chasm floor."/>
	<item ingrediens="cobblestone=8" requiredItem="crafting table" craftedItems="furnace=1" image="furnace.png" soundPrefix="" type="" achievement="Furnace crafted !" onComplete="nothing" tooltip="Required to smelt iron and gold."/>
	<item ingrediens="nothing=0" requiredItem="iron pick,gold pick,diamond pick" craftedItems="coal=1" image="coal.png" soundPrefix="metal" type="grind" achievement="nothing" onComplete="nothing" tooltip="Used to smelt ingots."/>
	<item ingrediens="nothing=0" requiredItem="iron pick,gold pick,diamond pick" craftedItems="iron ore=1" image="ironOre.png" soundPrefix="metal" type="grind" achievement="nothing" onComplete="nothing" tooltip="Used to smelt iron ingots."/>
	<item ingrediens="coal=1,iron ore=1" requiredItem="furnace" craftedItems="iron ingot=1" image="ironIngot.png" soundPrefix="metal" type="metal" achievement="Iron ingot smelted !" onComplete="nothing" tooltip="Used to craft iron tools and armor."/>
	<item ingrediens="wood=1,iron ingot=6" requiredItem="crafting table" craftedItems="rail=16" image="rail.png" soundPrefix="metal" type="" achievement="Rail crafted !" onComplete="nothing" tooltip="Required to build a rail bridge."/>
	<item ingrediens="stick=3,iron ingot=2" requiredItem="crafting table" craftedItems="spike maul=1" image="spikeMaul.png" soundPrefix="metal" type="" achievement="Spike maul crafted !" onComplete="nothing" tooltip="Required to train a rail worker."/>
	<item ingrediens="iron ingot=3" requiredItem="crafting table" craftedItems="line bar=1" image="lineBar.png" soundPrefix="metal" type="" achievement="Line bar crafted !" onComplete="nothing" tooltip="Required to train a rail worker."/>
	<item ingrediens="nothing=0" requiredItem="nothing" craftedItems="contractor=1" image="contractor.png" soundPrefix="hand" type="villager" achievement="Contractor hired !" onComplete="nothing" tooltip="Makes housing."/>
	<item ingrediens="contractor=1,spike maul=1,line bar=1" requiredItem="nothing" craftedItems="rail worker=1" image="railWorker.png" soundPrefix="hand" type="" achievement="Rail worker trained !" onComplete="nothing" tooltip="Required to build a rail bridge."/>
	<item ingrediens="platform=1,rail=3" requiredItem="rail worker" craftedItems="rail bridge=1" image="railBridge.png" soundPrefix="metal" type="" achievement="Rail bridge built !" onComplete="nothing" tooltip="Required to build a railway."/>
	<item ingrediens="rail bridge=24" requiredItem="rail worker" craftedItems="railway=1" image="railway.png" soundPrefix="metal" type="" achievement="Railway built !" onComplete="nothing" tooltip="Required to reach the cave depths."/>
	<item ingrediens="nothing=0" requiredItem="railway" craftedItems="railway exporter=1" image="railway.png" soundPrefix="" type="" achievement="nothing" onComplete="navigateToUrl 1ENHZc" tooltip="Download."/>
	<item ingrediens="iron ingot=5" requiredItem="railway" craftedItems="minecart=1" image="minecart.png" soundPrefix="metal" type="" achievement="Minecart crafted !" onComplete="nothing" tooltip="Required to reach the cave depths."/>
	<item ingrediens="nothing=0" requiredItem="minecart" craftedItems="obsidian=1" image="obsidian.png" soundPrefix="metal" type="grind" achievement="Obsidian obtained !" onComplete="nothing" tooltip="Used to build a portal."/>
	<item ingrediens="iron ingot=1,flint=1" requiredItem="crafting table" craftedItems="flint and steel=1" image="flintAndSteel.png" soundPrefix="metal" type="" achievement="Flint and steel !" onComplete="nothing" tooltip="Used to build a portal."/>
	<item ingrediens="obsidian=25" requiredItem="flint and steel" craftedItems="portal=1" image="portal.png" soundPrefix="metal" type="" achievement="Portal built !" onComplete="showGrinder nether" tooltip="Used to go to the Nether."/>
	<item ingrediens="wood=1" requiredItem="carpenter" craftedItems="pressure plate=1" image="pressurePlate.png" soundPrefix="wood" type="" achievement="nothing" onComplete="nothing" tooltip="Required to build trap."/>
	<item ingrediens="iron ingot=6" requiredItem="crafting table" craftedItems="iron door=1" image="ironDoor.png" soundPrefix="metal" type="" achievement="Iron door crafted !" onComplete="nothing" tooltip="Required to build trap."/>
	<item ingrediens="iron door=4,pressure plate=1" requiredItem="portal" craftedItems="iron trap=1" image="ironTrap.png" soundPrefix="metal" type="" achievement="Iron trap built !" onComplete="automate nether mobs" tooltip="Required to catch zombie pigmen."/>
	<item ingrediens="nothing=0" requiredItem="portal" craftedItems="zombie pigman=1" image="zombiePigman.png" soundPrefix="hand" type="grind" achievement="Zombie pigman trapped !" onComplete="nothing" tooltip="Required to turn zombie pigmen."/>
	<item ingrediens="nothing=0" requiredItem="nothing" craftedItems="priest=1" image="priest.png" soundPrefix="hand" type="villager" achievement="nothing" onComplete="autocraft pigman=1" tooltip="Required to turn zombie pigmen."/>
	<item ingrediens="zombie pigman=1" requiredItem="priest" craftedItems="pigman=1" image="pig.png" soundPrefix="" type="" achievement="Chinny chin chin !" onComplete="nothing" tooltip="Can build stuff."/>
	<item ingrediens="pigman=1" requiredItem="nothing" craftedItems="pigman worker=1" image="pigmanWorker.png" soundPrefix="hand" type="" achievement="Pigman trained !" onComplete="automate nether" tooltip="Required to get netherrack."/>
	<item ingrediens="pigman worker=1" requiredItem="spike maul" craftedItems="worker pork=1" image="workerPork.png" soundPrefix="hand" type="" achievement="Porkified !" onComplete="deautomate nether" tooltip="Porkifies a pigman worker."/>
	<item ingrediens="nothing=0" requiredItem="pigman worker" craftedItems="netherrack=10" image="netherrack.png" soundPrefix="" type="grind" achievement="Nether racked !" onComplete="nothing" tooltip="Required to make nether bricks."/>
	<item ingrediens="netherrack=10" requiredItem="furnace" craftedItems="nether brick=40" image="netherBrick.png" soundPrefix="" type="" achievement="Nether brick smelted !" onComplete="nothing" tooltip="Required to make netherblock."/>
	<item ingrediens="nether brick=40" requiredItem="crafting table" craftedItems="netherblock=10" image="netherblock.png" soundPrefix="" type="" achievement="Netherblock crafted !" onComplete="nothing" tooltip="Required to make nether brick structures."/>
	<item ingrediens="netherblock=36" requiredItem="nothing" craftedItems="nether section=1" image="netherSection.png" soundPrefix="" type="" achievement="Nether section built !" onComplete="nothing" tooltip="Required to build nether pillars and hallways"/>
	<item ingrediens="pigman=1" requiredItem="nothing" craftedItems="pigman smelter=1" image="pigmanSmelter.png" soundPrefix="hand" type="" achievement="Pigman smelter !" onComplete="autocraft nether brick=.5" tooltip="Auto-crafts nether bricks."/>
	<item ingrediens="pigman=1" requiredItem="nothing" craftedItems="pigman mason=1" image="pigmanMason.png" soundPrefix="hand" type="" achievement="Pigman mason !" onComplete="autocraft netherblock=.5" tooltip="Auto-crafts netherblock from nether bricks."/>
	<item ingrediens="pigman=1" requiredItem="nothing" craftedItems="pigman builder=1" image="pigmanBuilder.png" soundPrefix="hand" type="" achievement="Pigman builder !" onComplete="autocraft nether section=.5" tooltip="Auto-crafts nether sections."/>
	<item ingrediens="nether section=7" requiredItem="nothing" craftedItems="nether pillar=1" image="netherPillar.png" soundPrefix="metal" type="" achievement="Nether pillar !" onComplete="nothing" tooltip="Required to build a nether bridge."/>
	<item ingrediens="nether pillar=5" requiredItem="nothing" craftedItems="nether bridge=1" image="netherBridge.png" soundPrefix="metal" type="" achievement="Nether bridge built !" onComplete="nothing" tooltip="Required to build nether bridgeways."/>
	<item ingrediens="nether bridge=10" requiredItem="nothing" craftedItems="nether bridgeways=1" image="netherBridgeways.png" soundPrefix="metal" type="" achievement="Nether bridgeways !" onComplete="nothing" tooltip="Required to build nether fortress exterior."/>
	<item ingrediens="pigman smelter=1" requiredItem="spike maul" craftedItems="smelter pork=1" image="smelterPork.png" soundPrefix="hand" type="" achievement="Porkified !" onComplete="deautocraft nether brick" tooltip="Porkifies a pigman smelter."/>
	<item ingrediens="pigman mason=1" requiredItem="spike maul" craftedItems="mason pork=1" image="masonPork.png" soundPrefix="hand" type="" achievement="Porkified !" onComplete="deautocraft netherblock" tooltip="Porkifies a pigman mason."/>
	<item ingrediens="pigman builder=1" requiredItem="spike maul" craftedItems="builder pork=1" image="builderPork.png" soundPrefix="hand" type="" achievement="Porkified !" onComplete="deautocraft nether section" tooltip="Porkifies a pigman builder."/>
	<item ingrediens="netherblock=6" requiredItem="crafting table" craftedItems="nether fence=6" image="netherFence.png" soundPrefix="metal" type="" achievement="Nether fence crafted !" onComplete="nothing" tooltip="Required to build nether rooms."/>
	<item ingrediens="netherblock=6" requiredItem="crafting table" craftedItems="nether stairs=6" image="netherStairs.png" soundPrefix="metal" type="" achievement="Nether stairs crafted !" onComplete="nothing" tooltip="Required to build nether rooms."/>
	<item ingrediens="nether stairs=9,netherblock=16,nether fence=2" requiredItem="nothing" craftedItems="nether staircase=1" image="netherStaircase.png" soundPrefix="metal" type="" achievement="Nether staircase !" onComplete="nothing" tooltip="Required to build nether rooms."/>
	<item ingrediens="nether section=1,nether staircase=1,nether fence=27" requiredItem="nothing" craftedItems="nether spawn=1" image="netherSpawn.png" soundPrefix="metal" type="" achievement="nothing" onComplete="nothing" tooltip="Required to build nether fortress exterior."/>
	<item ingrediens="netherblock=81" requiredItem="nothing" craftedItems="nether wall=1" image="netherWall.png" soundPrefix="metal" type="" achievement="nothing" onComplete="nothing" tooltip="Required to build a nether room."/>
	<item ingrediens="nether wall=6,nether fence=22" requiredItem="nothing" craftedItems="nether room=1" image="netherRoom.png" soundPrefix="metal" type="" achievement="Nether room built !" onComplete="nothing" tooltip="Can be customized."/>
	<item ingrediens="netherblock=8,lava=1" requiredItem="nothing" craftedItems="nether well=1" image="netherWell.png" soundPrefix="metal" type="" achievement="Nether well built !" onComplete="nothing" tooltip="Required to build a nether well room."/>
	<item ingrediens="nether room=1,nether well=1" requiredItem="nothing" craftedItems="nether well room=1" image="netherWellRoom.png" soundPrefix="metal" type="" achievement="Nether well room !" onComplete="nothing" tooltip="Required to build nether fortress exterior."/>
	<item ingrediens="nether bridgeways=1,nether spawn=1,nether well room=1" requiredItem="nothing" craftedItems="nether fortress exterior=1" image="netherFortressExterior.png" soundPrefix="metal" type="" achievement="Fortress exterior !" onComplete="nothing" tooltip="Required to build a nether fortress."/>
	<item ingrediens="nether room=1,netherblock=15" requiredItem="nothing" craftedItems="nether stair room=1" image="netherStairRoom.png" soundPrefix="metal" type="" achievement="Nether stair room !" onComplete="nothing" tooltip="Required to build nether fortress interior."/>
	<item ingrediens="nether room=1,nether staircase=2" requiredItem="nothing" craftedItems="nether wart room=1" image="netherWartRoom.png" soundPrefix="metal" type="" achievement="Nether wart room !" onComplete="nothing" tooltip="Required to build nether fortress interior."/>
	<item ingrediens="nether section=1,nether fence=4" requiredItem="nothing" craftedItems="nether hall section=1" image="netherHallSection.png" soundPrefix="metal" type="" achievement="nothing" onComplete="nothing" tooltip="Required to build a nether hallway."/>
	<item ingrediens="nether hall section=7" requiredItem="nothing" craftedItems="nether hallway=1" image="netherHallway.png" soundPrefix="metal" type="" achievement="Nether hallway built !" onComplete="nothing" tooltip="Required to build nether fortress interior."/>
	<item ingrediens="nether hall section=4,nether staircase=2" requiredItem="nothing" craftedItems="nether stairwell=1" image="netherStairwell.png" soundPrefix="metal" type="" achievement="Nether stairwell !" onComplete="nothing" tooltip="Required to build nether fortress interior."/>
	<item ingrediens="netherblock=27,nether fence=13" requiredItem="nothing" craftedItems="nether balcony=1" image="netherBalcony.png" soundPrefix="metal" type="" achievement="Nether balcony built !" onComplete="nothing" tooltip="Required to build nether fortress interior."/>
	<item ingrediens="nether hallway=4,nether stairwell=1,nether balcony=1,nether wart room=1,nether stair room=1" requiredItem="nothing" craftedItems="nether fortress interior=1" image="netherFortressInterior.png" soundPrefix="metal" type="" achievement="Fortress interior !" onComplete="nothing" tooltip="Required to build a nether fortress."/>
	<item ingrediens="nether fortress exterior=1,nether fortress interior=1" requiredItem="nothing" craftedItems="nether fortress=1" image="netherFortress.png" soundPrefix="metal" type="" achievement="Nether fortress !" onComplete="nothing" tooltip="Required to make a ghast catcher."/>
	<item ingrediens="nothing=0" requiredItem="nether fortress" craftedItems="nether fortress exporter=1" image="netherFortress.png" soundPrefix="" type="" achievement="nothing" onComplete="navigateToUrl 1ENHzF" tooltip="Download."/>
	<item ingrediens="obsidian=54" requiredItem="nether fortress" craftedItems="ghast catcher=1" image="ghastCatcher.png" soundPrefix="metal" type="" achievement="Ghast catcher !" onComplete="nothing" tooltip="Required to make a ghast trap."/>
	<item ingrediens="cobblestone=64" requiredItem="ghast catcher" craftedItems="ghast trap=1" image="ghastTrap.png" soundPrefix="metal" type="" achievement="Ghast trap !" onComplete="nothing" tooltip="Required to trap ghasts."/>
	<item ingrediens="nothing=0" requiredItem="nothing" craftedItems="ghast=1" image="ghast.png" soundPrefix="hand" type="" achievement="Ghast trapped !" onComplete="nothing" tooltip="Required to tame a ghast."/>
	<item ingrediens="ghast=1" requiredItem="nothing" craftedItems="gunpowder=1" image="gunpowder.png" soundPrefix="whoosh" type="" achievement="Gunpowder !" onComplete="nothing" tooltip="Used in explosives"/>
	<item ingrediens="nothing=0" requiredItem="nothing" craftedItems="string=1" image="string.png" soundPrefix="whoosh" type="" achievement="nothing" onComplete="nothing" tooltip="Used to make a lead."/>
	<item ingrediens="nothing=0" requiredItem="iron sword,gold sword,diamond sword" craftedItems="slime ball=1" image="slimeBall.png" soundPrefix="hand" type="grind" achievement="nothing" onComplete="nothing" tooltip="Used to make a lead."/>
	<item ingrediens="string=4,slime ball=1" requiredItem="nothing" craftedItems="lead=1" image="lead.png" soundPrefix="whoosh" type="" achievement="Lead crafted !" onComplete="nothing" tooltip="Used to tame ghasts."/>
	<item ingrediens="ghast=1,lead=1" requiredItem="nothing" craftedItems="tamed ghast=1" image="tamedGhast.png" soundPrefix="hand" type="" achievement="Ghast tamed !" onComplete="nothing" tooltip="Used to make a nether sleigh."/>
	<item ingrediens="netherblock=3" requiredItem="crafting table" craftedItems="nether slab=6" image="netherSlab.png" soundPrefix="metal" type="" achievement="Nether slab !" onComplete="nothing" tooltip="Used to make a nether rib."/>
	<item ingrediens="nether stairs=8,nether slab=4" requiredItem="nothing" craftedItems="nether rib=1" image="netherRib.png" soundPrefix="metal" type="" achievement="Nether rib built !" onComplete="nothing" tooltip="Used to make a nether sled."/>
	<item ingrediens="nether rib=2" requiredItem="nothing" craftedItems="nether ski=1" image="netherSki.png" soundPrefix="metal" type="" achievement="Nether ski buit !" onComplete="nothing" tooltip="Used to make a nether sled."/>
	<item ingrediens="nether rib=6,nether ski=2" requiredItem="nothing" craftedItems="nether sled=1" image="netherSled.png" soundPrefix="metal" type="" achievement="Nether sled !" onComplete="nothing" tooltip="Used to make a nether sleigh."/>
	<item ingrediens="tamed ghast=8,nether sled=1" requiredItem="nothing" craftedItems="nether sleigh=1" image="netherSleigh.png" soundPrefix="metal" type="" achievement="Nether sleigh !" onComplete="beatLocation" tooltip="Required to beat Chasm Mine."/>
	<item ingrediens="nothing=0" requiredItem="nether sleigh" craftedItems="nether sleigh exporter=1" image="netherSleigh.png" soundPrefix="" type="" achievement="nothing" onComplete="navigateToUrl 1ENI60" tooltip="Download."/>
	<item ingrediens="nether sled=1,portal=1" requiredItem="nothing" craftedItems="portal sled=1" image="portalSled.png" soundPrefix="metal" type="" achievement="Portal sled built !" onComplete="" tooltip="Used to make a portal sleigh."/>
	<item ingrediens="nether sleigh=1,portal sled=1" requiredItem="nothing" craftedItems="portal sleigh=1" image="portalSleigh.png" soundPrefix="metal" type="" achievement="Portal sleigh !" onComplete="markMap Lost Mine-748-811" tooltip="Used to travel to the nether."/>
	<item ingrediens="nothing=0" requiredItem="nothing" craftedItems="miner=1" image="miner.png" soundPrefix="hand" type="villager" achievement="nothing" onComplete="automate mine" tooltip="Automates mine grinder."/>
	<item ingrediens="nothing=0" requiredItem="nothing" craftedItems="hunter=1" image="hunter.png" soundPrefix="hand" type="villager" achievement="nothing" onComplete="automate mobs" tooltip="Automates mob grinder."/>
	<item ingrediens="nothing=0" requiredItem="nothing" craftedItems="woodsman=1" image="woodsman.png" soundPrefix="hand" type="villager" achievement="nothing" onComplete="automate overworld" tooltip="Automates overworld grinder."/>
	<item ingrediens="nothing=0" requiredItem="nothing" craftedItems="carpenter=1" image="carpenter.png" soundPrefix="hand" type="villager" achievement="nothing" onComplete="nothing" tooltip="Makes stuff out of wood."/>
	<item ingrediens="nothing=0" requiredItem="nothing" craftedItems="smelter=1" image="smelter.png" soundPrefix="metal" type="villager" achievement="Smelter trained !" onComplete="autocraft iron ingot=.5,autocraft gold ingot" tooltip="Auto-crafts iron and gold ingots."/>
	<item ingrediens="nothing=0" requiredItem="nothing" craftedItems="blaze rod=1" image="blazeRod.png" soundPrefix="metal" type="" achievement="Blaze rod !" onComplete="nothing" tooltip="Used to make potions."/>
	<item ingrediens="nothing=0" requiredItem="nothing" craftedItems="arrow=4" image="arrow.png" soundPrefix="whoosh" type="" achievement="Arrows crafted !" onComplete="nothing" tooltip="Combined with bow."/>
	<item ingrediens="stick=2,iron ingot=3" requiredItem="crafting table" craftedItems="iron pick=1" image="ironPick.png" soundPrefix="metal" type="metal" achievement="nothing" onComplete="nothing" tooltip="Mines gold."/>
	<item ingrediens="stick=2,iron ingot=1" requiredItem="crafting table" craftedItems="iron shovel=1" image="ironShovel.png" soundPrefix="metal" type="metal" achievement="nothing" onComplete="nothing" tooltip="Shovels dirt and gravel."/>
	<item ingrediens="stick=2,iron ingot=3" requiredItem="crafting table" craftedItems="iron axe=1" image="ironAxe.png" soundPrefix="metal" type="metal" achievement="nothing" onComplete="nothing" tooltip="Chops wood."/>
	<item ingrediens="stick=2,iron ingot=2" requiredItem="crafting table" craftedItems="iron hoe=1" image="ironHoe.png" soundPrefix="metal" type="metal" achievement="nothing" onComplete="nothing" tooltip="Tills soil."/>
	<item ingrediens="stick=1,iron ingot=2" requiredItem="crafting table" craftedItems="iron sword=1" image="ironSword.png" soundPrefix="metal" type="metal" achievement="nothing" onComplete="nothing" tooltip="Attacks mobs."/>
	<item ingrediens="stick=2,gold ingot=3" requiredItem="crafting table" craftedItems="gold pick=1" image="goldPick.png" soundPrefix="metal" type="metal" achievement="nothing" onComplete="nothing" tooltip="Mines diamond."/>
	<item ingrediens="stick=2,gold ingot=1" requiredItem="crafting table" craftedItems="gold shovel=1" image="goldShovel.png" soundPrefix="metal" type="metal" achievement="nothing" onComplete="nothing" tooltip="Shovels dirt and gravel."/>
	<item ingrediens="stick=1,gold ingot=2" requiredItem="crafting table" craftedItems="gold sword=1" image="goldSword.png" soundPrefix="metal" type="metal" achievement="nothing" onComplete="nothing" tooltip="Attacks mobs."/>
	<item ingrediens="stick=2,gold ingot=3" requiredItem="crafting table" craftedItems="gold axe=1" image="goldAxe.png" soundPrefix="metal" type="metal" achievement="nothing" onComplete="nothing" tooltip="Chops wood."/>
	<item ingrediens="stick=2,gold ingot=2" requiredItem="crafting table" craftedItems="gold hoe=1" image="goldHoe.png" soundPrefix="metal" type="metal" achievement="nothing" onComplete="nothing" tooltip="Tills soil."/>
	<item ingrediens="nothing=0" requiredItem="minecart" craftedItems="diamond=1" image="diamond.png" soundPrefix="metal" type="grind" achievement="nothing" onComplete="nothing" tooltip="Used to craft diamond tools and items."/>
	<item ingrediens="stick=2,diamond=3" requiredItem="crafting table" craftedItems="diamond pick=1" image="diamondPick.png" soundPrefix="metal" type="metal" achievement="nothing" onComplete="nothing" tooltip="Mines faster."/>
	<item ingrediens="stick=2,diamond=1" requiredItem="crafting table" craftedItems="diamond shovel=1" image="diamondShovel.png" soundPrefix="metal" type="metal" achievement="nothing" onComplete="nothing" tooltip="Shovels dirt and gravel."/>
	<item ingrediens="stick=1,diamond=2" requiredItem="crafting table" craftedItems="diamond sword=1" image="diamondSword.png" soundPrefix="metal" type="metal" achievement="nothing" onComplete="nothing" tooltip="Attacks mobs."/>
	<item ingrediens="stick=2,diamond=3" requiredItem="crafting table" craftedItems="diamond axe=1" image="diamondAxe.png" soundPrefix="metal" type="metal" achievement="nothing" onComplete="nothing" tooltip="Chops wood."/>
	<item ingrediens="stick=2,diamond=2" requiredItem="crafting table" craftedItems="diamond hoe=1" image="diamondHoe.png" soundPrefix="metal" type="metal" achievement="nothing" onComplete="nothing" tooltip="Tills soil."/>
	<item ingrediens="nothing=0" requiredItem="iron axe,gold axe,diamond axe" craftedItems="wood=1" image="wood.png" soundPrefix="wood" type="grind" achievement="nothing" onComplete="nothing" tooltip="Used to craft planks."/>
	<item ingrediens="nothing=0" requiredItem="iron shovel,gold shovel,diamond shovel" craftedItems="dirt=1" image="dirt.png" soundPrefix="dirt" type="grind" achievement="nothing" onComplete="nothing" tooltip="Used to make soil."/>
	<item ingrediens="nothing=0" requiredItem="iron pick,gold pick,diamond pick" craftedItems="cobblestone=1" image="cobblestone.png" soundPrefix="metal" type="grind" achievement="nothing" onComplete="nothing" tooltip="Used to make buildings."/>
	<item ingrediens="wood=1" requiredItem="nothing" craftedItems="planks=4" image="planks.png" soundPrefix="wood" type="wood" achievement="nothing" onComplete="nothing" tooltip="Used to craft wood tools and items."/>
	<item ingrediens="planks=4" requiredItem="nothing" craftedItems="crafting table=1" image="craftingTable.png" soundPrefix="wood" type="" achievement="Crafting Table crafted !" onComplete="nothing" tooltip="Required to craft items."/>
	<item ingrediens="planks=2" requiredItem="nothing" craftedItems="stick=4" image="stick.png" soundPrefix="wood" type="wood" achievement="nothing" onComplete="nothing" tooltip="Used to craft wood tools and items."/>
	<item ingrediens="nothing=0" requiredItem="iron shovel,gold shovel,diamond shovel" craftedItems="flint=1" image="flint.png" soundPrefix="dirt" type="grind" achievement="nothing" onComplete="nothing" tooltip="Used to craft arrows."/>
	<item ingrediens="nothing=0" requiredItem="iron pick,gold pick,diamond pick" craftedItems="gold ore=1" image="goldOre.png" soundPrefix="metal" type="grind" achievement="nothing" onComplete="nothing" tooltip="Used to smelt gold ingots."/>
	<item ingrediens="coal=1,gold ore=1" requiredItem="furnace" craftedItems="gold ingot=1" image="goldIngot.png" soundPrefix="metal" type="metal" achievement="Gold ingot smelted !" onComplete="nothing" tooltip="Used to craft gold tools and armor."/>
	<item ingrediens="nothing=0" requiredItem="miner" craftedItems="redstone=1" image="redstone.png" soundPrefix="metal" type="grind" achievement="nothing" onComplete="nothing" tooltip="Used to make redstone devices."/>
	<item ingrediens="nothing=0" requiredItem="nothing" craftedItems="city state=1" image="cityState.png" soundPrefix="" type="" achievement="City State !" onComplete="nothing" tooltip="Gud job."/>
	<item ingrediens="nothing=0" requiredItem="nothing" craftedItems="port=1" image="port.png" soundPrefix="wood" type="wood" achievement="Port established !" onComplete="nothing" tooltip="Required to sail around Grindcraftia."/>
</crafters>
	
	
</data>