<?xml version="1.0" encoding="utf-8" ?>
<data>
 
	<grinders>
		<item name="overworld" generates="wood,sand,water" occurance="4,29,65" img="overworld.png" maxIncrease="1"/>
		<item name="mobs" generates="zombie,skeleton,spider,witch,pufferfish" occurance="3,3,3,1,1" img="mobs.png" maxIncrease="1"/>
		<item name="nether sleigh" generates="netherrack,blaze,ghast,nether wart,zombie pigman" occurance="10,1,1.75,1,3" img="netherSleighGrinder.png" maxIncrease="1"/>
		<item name="library" generates="bookshelf,out of air" occurance="9,1" img="libraryGrinder.png" maxIncrease="0"/>
	</grinders>

<grinds>
	<item name="wood" img="wood.png" drops="wood=1" dependency="woodsman" timeToBreak="0.74" achievement=""/>
	<item name="sand" img="sand.png" drops="sand=1" dependency="woodsman" timeToBreak="0.5" achievement=""/>
	<item name="water" img="water.png" drops="water=1" dependency="woodsman" timeToBreak="0.5" achievement=""/>
	<item name="zombie" img="zombie.png" drops="nothing=0" dependency="hunter" timeToBreak="2.48" achievement=""/>
	<item name="skeleton" img="skeleton.png" drops="arrow=1" dependency="hunter" timeToBreak="2.18" achievement=""/>
	<item name="arrow" img="arrow.png" drops="" dependency="" timeToBreak="" achievement=""/>
	<item name="spider" img="spider.png" drops="string=.5" dependency="hunter" timeToBreak="1.78" achievement=""/>
	<item name="string" img="string.png" drops="" dependency="" timeToBreak="" achievement=""/>
	<item name="witch" img="witch.png" drops="sugar=1" dependency="hunter" timeToBreak="2" achievement=""/>
	<item name="sugar" img="sugar.png" drops="" dependency="" timeToBreak="" achievement=""/>
	<item name="pufferfish" img="pufferfish.png" drops="pufferfish=1" dependency="fishing rod" timeToBreak="1.5" achievement=""/>
	<item name="netherrack" img="netherrack.png" drops="netherrack=10" dependency="portal sleigh" timeToBreak="0.5624" achievement=""/>
	<item name="blaze" img="blaze.png" drops="blaze rod=.5" dependency="portal sleigh" timeToBreak="5" achievement=""/>
	<item name="blaze rod" img="blazeRod.png" drops="" dependency="" timeToBreak="" achievement=""/>
	<item name="ghast" img="ghast.png" drops="gunpowder=1" dependency="hunter" timeToBreak="4.5" achievement=""/>
	<item name="gunpowder" img="gunpowder.png" drops="" dependency="" timeToBreak="" achievement=""/>
	<item name="nether wart" img="netherWart.png" drops="nether wart=1" dependency="portal sleigh" timeToBreak="0.5" achievement=""/>
	<item name="zombie pigman" img="zombiePigman.png" drops="nothing=0" dependency="hunter" timeToBreak="2.49" achievement=""/>
	<item name="bookshelf" img="bookshelf.png" drops="bookshelf=1" dependency="use breathe water" timeToBreak="1" achievement=""/>
	<item name="out of air" img="outOfAir.png" drops="out of air=1" dependency="use breathe water" timeToBreak="1" achievement=""/>
</grinds>
	
<crafters>
	<item ingrediens="nothing=0" requiredItem="woodsman" craftedItems="wood=1" image="wood.png" soundPrefix="wood" type="grind" achievement="nothing" onComplete="nothing" tooltip="Used to craft planks and logs."/>
	<item ingrediens="nothing=0" requiredItem="woodsman" craftedItems="sand=1" image="sand.png" soundPrefix="dirt" type="grind" achievement="Sand dug !" onComplete="nothing" tooltip="Lots of this on islands."/>
	<item ingrediens="nothing=0" requiredItem="nothing" craftedItems="water=1" image="water.png" soundPrefix="wood" type="grind" achievement="nothing" onComplete="nothing" tooltip="Lots of this in the sea."/>
	<item ingrediens="nothing=0" requiredItem="nothing" craftedItems="arrow=1" image="arrow.png" soundPrefix="whoosh" type="grind" achievement="Arrows crafted !" onComplete="nothing" tooltip="Used with a bow."/>
	<item ingrediens="nothing=0" requiredItem="nothing" craftedItems="string=1" image="string.png" soundPrefix="whoosh" type="grind" achievement="nothing" onComplete="nothing" tooltip="Used to make a lead."/>
	<item ingrediens="wood=1" requiredItem="carpenter" craftedItems="planks=4" image="planks.png" soundPrefix="wood" type="" achievement="nothing" onComplete="nothing" tooltip="Used to make stuff out of wood."/>
	<item ingrediens="planks=2" requiredItem="carpenter" craftedItems="stick=4" image="stick.png" soundPrefix="wood" type="" achievement="nothing" onComplete="nothing" tooltip="Used to make a gate."/>
	<item ingrediens="stick=3,string=2" requiredItem="carpenter" craftedItems="fishing rod=1" image="fishingRod.png" soundPrefix="whoosh" type="" achievement="Fishing rod crafted !" onComplete="nothing" tooltip="Required to fish."/>
	<item ingrediens="nothing=0" requiredItem="fishing rod" craftedItems="pufferfish=1" image="pufferfish.png" soundPrefix="hand" type="grind" achievement="Pufferfish caught !" onComplete="nothing" tooltip="Used in potions."/>
	<item ingrediens="nothing=0" requiredItem="portal sleigh" craftedItems="nether wart=1" image="netherWart.png" soundPrefix="whoosh" type="grind" achievement="Nether wart picked !" onComplete="nothing" tooltip="Used in potions."/>
	<item ingrediens="nothing=0" requiredItem="nothing" craftedItems="apothecary=1" image="apothecary.png" soundPrefix="hand" type="villager" achievement="nothing" onComplete="nothing" tooltip="Makes potions."/>
	<item ingrediens="nether wart=1,pufferfish=1" requiredItem="apothecary" craftedItems="breathe water=1" image="potion.png" soundPrefix="hand" type="" achievement="Potion made !" onComplete="nothing" tooltip="Used to breathe underwater."/>
	<item ingrediens="breathe water=1" requiredItem="nothing" craftedItems="use breathe water=1" image="usePotion.png" soundPrefix="hand" type="" achievement="Potion drank !" onComplete="showGrinder library,automate library" tooltip="Used to reach the underwater library."/>
	<item ingrediens="nothing=0" requiredItem="portal sleigh" craftedItems="netherrack=1" image="netherrack.png" soundPrefix="wood" type="grind" achievement="Nether racked !" onComplete="nothing" tooltip="Lots of this in the Nether."/>
	<item ingrediens="nothing=0" requiredItem="portal sleigh" craftedItems="blaze rod=1" image="blazeRod.png" soundPrefix="metal" type="grind" achievement="Blaze rod !" onComplete="nothing" tooltip="Used to make potions."/>
	<item ingrediens="nothing=0" requiredItem="nothing" craftedItems="gunpowder=1" image="gunpowder.png" soundPrefix="whoosh" type="grind" achievement="Gunpowder !" onComplete="nothing" tooltip="Used in explosives"/>
	<item ingrediens="nothing=0" requiredItem="nothing" craftedItems="bookshelf=1" image="bookshelf.png" soundPrefix="wood" type="grind" achievement="Books got !" onComplete="nothing" tooltip="Used to make stacks of books."/>
	<item ingrediens="nothing=0" requiredItem="nothing" craftedItems="out of air=1" image="outOfAir.png" soundPrefix="whoosh" type="grind" achievement="Ran out of air !" onComplete="hideGrinder library,deautomate library" tooltip="Water breathing potion ran out."/>
	<item ingrediens="bookshelf=4" requiredItem="nothing" craftedItems="bookcase=1" image="bookcase.png" soundPrefix="wood" type="" achievement="Bookcase built !" onComplete="nothing" tooltip="Required to get a ton of books."/>
	<item ingrediens="bookcase=15" requiredItem="nothing" craftedItems="ton of books=1" image="tonOfBooks.png" soundPrefix="wood" type="" achievement="Ton of books !" onComplete="markMap Hogquartz-305-366,beatLocation" tooltip="Required to beat lie bury."/>
	<item ingrediens="nothing=0" requiredItem="hunter" craftedItems="sugar=1" image="sugar.png" soundPrefix="metal" type="grind" achievement="Sugar dropped !" onComplete="nothing" tooltip="Required to make potions."/>
	<item ingrediens="nether wart=1,sugar=1" requiredItem="apothecary" craftedItems="speed potion=1" image="potion.png" soundPrefix="hand" type="" achievement="Potion crafted !" onComplete="nothing" tooltip="Can be drank."/>
	<item ingrediens="speed potion=1" requiredItem="nothing" craftedItems="use speed potion=1" image="usePotion.png" soundPrefix="hand" type="" achievement="Potion drank !" onComplete="speed 200" tooltip="Has speedy properties."/>
	<item ingrediens="nothing=0" requiredItem="nothing" craftedItems="miner=1" image="miner.png" soundPrefix="hand" type="" achievement="nothing" onComplete="nothing" tooltip="Mines the lost mine."/>
	<item ingrediens="nothing=0" requiredItem="nothing" craftedItems="hunter=1" image="hunter.png" soundPrefix="hand" type="" achievement="nothing" onComplete="nothing" tooltip="Fights mob spawner."/>
	<item ingrediens="nothing=0" requiredItem="miner" craftedItems="cobblestone=1" image="cobblestone.png" soundPrefix="metal" type="grind" achievement="nothing" onComplete="nothing" tooltip="Used to make buildings."/>
	<item ingrediens="nothing=0" requiredItem="miner" craftedItems="flint=1" image="flint.png" soundPrefix="dirt" type="grind" achievement="nothing" onComplete="nothing" tooltip="Used to craft arrows."/>
	<item ingrediens="nothing=0" requiredItem="miner" craftedItems="rail=1" image="rail.png" soundPrefix="metal" type="grind" achievement="nothing" onComplete="nothing" tooltip="Required to build railways."/>
	<item ingrediens="nothing=0" requiredItem="miner" craftedItems="coal=1" image="coal.png" soundPrefix="metal" type="grind" achievement="nothing" onComplete="nothing" tooltip="Used to smelt ingots."/>
	<item ingrediens="nothing=0" requiredItem="miner" craftedItems="iron ore=1" image="ironOre.png" soundPrefix="metal" type="grind" achievement="nothing" onComplete="nothing" tooltip="Required to smelt iron ingots."/>
	<item ingrediens="nothing=0" requiredItem="miner" craftedItems="gold ore=1" image="goldOre.png" soundPrefix="metal" type="grind" achievement="nothing" onComplete="nothing" tooltip="Required to smelt gold ingots."/>
	<item ingrediens="nothing=0" requiredItem="miner" craftedItems="diamond=1" image="diamond.png" soundPrefix="metal" type="grind" achievement="nothing" onComplete="nothing" tooltip="Used to craft diamond tools and items."/>
	<item ingrediens="nothing=0" requiredItem="miner" craftedItems="redstone=4" image="redstone.png" soundPrefix="metal" type="grind" achievement="nothing" onComplete="nothing" tooltip="Used to make redstone devices."/>
	<item ingrediens="nothing=0" requiredItem="miner" craftedItems="obsidian=1" image="obsidian.png" soundPrefix="metal" type="grind" achievement="nothing" onComplete="nothing" tooltip="Used to build objects out of obsidian."/>
	<item ingrediens="nothing=0" requiredItem="miner" craftedItems="bucket=1" image="bucket.png" soundPrefix="metal" type="grind" achievement="Bucket crafted !" onComplete="nothing" tooltip="Required to get water and lava."/>
	<item ingrediens="nothing=0" requiredItem="hunter" craftedItems="gold armor=1" image="goldArmor.png" soundPrefix="metal" type="grind" achievement="Gold armor !" onComplete="nothing" tooltip="For making gold soldiers."/>
	<item ingrediens="nothing=0" requiredItem="hunter" craftedItems="gold sword=1" image="goldSword.png" soundPrefix="metal" type="grind" achievement="nothing" onComplete="nothing" tooltip="Attacks mobs."/>
	<item ingrediens="nothing=0" requiredItem="hunter" craftedItems="iron armor=1" image="ironArmor.png" soundPrefix="metal" type="grind" achievement="Iron armor !" onComplete="nothing" tooltip="For making iron soldiers."/>
	<item ingrediens="nothing=0" requiredItem="hunter" craftedItems="iron axe=1" image="ironAxe.png" soundPrefix="metal" type="grind" achievement="nothing" onComplete="nothing" tooltip="Chops wood."/>
	<item ingrediens="nothing=0" requiredItem="nothing" craftedItems="woodsman=1" image="woodsman.png" soundPrefix="hand" type="villager" achievement="nothing" onComplete="automate overworld" tooltip="Automates overworld grinder."/>
	<item ingrediens="nothing=0" requiredItem="nothing" craftedItems="carpenter=1" image="carpenter.png" soundPrefix="hand" type="villager" achievement="nothing" onComplete="nothing" tooltip="Makes stuff out of wood."/>
	<item ingrediens="nothing=0" requiredItem="nothing" craftedItems="arrow=4" image="arrow.png" soundPrefix="whoosh" type="" achievement="Arrows crafted !" onComplete="nothing" tooltip="Combined with bow."/>
	<item ingrediens="nothing=0" requiredItem="nothing" craftedItems="block of quartz=1" image="blockOfQuartz.png" soundPrefix="metal" type="" achievement="Block of quartz made !" onComplete="nothing" tooltip="Required to make quartz structures."/>
	<item ingrediens="nothing=0" requiredItem="nothing" craftedItems="iron pick=1" image="ironPick.png" soundPrefix="metal" type="metal" achievement="nothing" onComplete="nothing" tooltip="Mines gold."/>
	<item ingrediens="nothing=0" requiredItem="nothing" craftedItems="iron shovel=1" image="ironShovel.png" soundPrefix="metal" type="metal" achievement="nothing" onComplete="nothing" tooltip="Shovels dirt and gravel."/>
	<item ingrediens="nothing=0" requiredItem="nothing" craftedItems="iron hoe=1" image="ironHoe.png" soundPrefix="metal" type="metal" achievement="nothing" onComplete="nothing" tooltip="Tills soil."/>
	<item ingrediens="nothing=0" requiredItem="nothing" craftedItems="iron sword=1" image="ironSword.png" soundPrefix="metal" type="metal" achievement="nothing" onComplete="nothing" tooltip="Attacks mobs."/>
	<item ingrediens="nothing=0" requiredItem="nothing" craftedItems="gold pick=1" image="goldPick.png" soundPrefix="metal" type="metal" achievement="nothing" onComplete="nothing" tooltip="Mines diamond."/>
	<item ingrediens="nothing=0" requiredItem="nothing" craftedItems="gold shovel=1" image="goldShovel.png" soundPrefix="metal" type="metal" achievement="nothing" onComplete="nothing" tooltip="Shovels dirt and gravel."/>
	<item ingrediens="nothing=0" requiredItem="nothing" craftedItems="gold axe=1" image="goldAxe.png" soundPrefix="metal" type="metal" achievement="nothing" onComplete="nothing" tooltip="Chops wood."/>
	<item ingrediens="nothing=0" requiredItem="nothing" craftedItems="gold hoe=1" image="goldHoe.png" soundPrefix="metal" type="metal" achievement="nothing" onComplete="nothing" tooltip="Tills soil."/>
	<item ingrediens="nothing=0" requiredItem="nothing" craftedItems="diamond pick=1" image="diamondPick.png" soundPrefix="metal" type="metal" achievement="nothing" onComplete="nothing" tooltip="Mines faster."/>
	<item ingrediens="nothing=0" requiredItem="nothing" craftedItems="diamond shovel=1" image="diamondShovel.png" soundPrefix="metal" type="metal" achievement="nothing" onComplete="nothing" tooltip="Shovels dirt and gravel."/>
	<item ingrediens="nothing=0" requiredItem="nothing" craftedItems="diamond sword=1" image="diamondSword.png" soundPrefix="metal" type="metal" achievement="nothing" onComplete="nothing" tooltip="Attacks mobs."/>
	<item ingrediens="nothing=0" requiredItem="nothing" craftedItems="diamond axe=1" image="diamondAxe.png" soundPrefix="metal" type="metal" achievement="nothing" onComplete="nothing" tooltip="Chops wood."/>
	<item ingrediens="nothing=0" requiredItem="nothing" craftedItems="diamond hoe=1" image="diamondHoe.png" soundPrefix="metal" type="metal" achievement="nothing" onComplete="nothing" tooltip="Tills soil."/>
	<item ingrediens="coal=1,iron ore=1" requiredItem="furnace" craftedItems="iron ingot=1" image="ironIngot.png" soundPrefix="metal" type="metal" achievement="Iron ingot smelted !" onComplete="nothing" tooltip="Used to craft iron tools and armor."/>
	<item ingrediens="coal=1,gold ore=1" requiredItem="furnace" craftedItems="gold ingot=1" image="goldIngot.png" soundPrefix="metal" type="metal" achievement="Gold ingot smelted !" onComplete="nothing" tooltip="Used to craft gold tools and armor."/>
	<item ingrediens="nothing=0" requiredItem="nothing" craftedItems="city state=1" image="cityState.png" soundPrefix="" type="" achievement="City State !" onComplete="nothing" tooltip="Gud job."/>
	<item ingrediens="nothing=0" requiredItem="nothing" craftedItems="port=1" image="port.png" soundPrefix="wood" type="wood" achievement="Port established !" onComplete="nothing" tooltip="Required to sail around Grindcraftia."/>
	<item ingrediens="nothing=0" requiredItem="nothing" craftedItems="portal sleigh=1" image="portalSleigh.png" soundPrefix="metal" type="" achievement="Portal sleigh !" onComplete="nothing" tooltip="Used to travel to the nether."/>
</crafters>
</data>