<?xml version="1.0" encoding="utf-8" ?>
<data>
	<grinders>
		<item name="gunship" generates="launcher,tnt" occurance="100,100" img="gunshipGrinder.png" maxIncrease="0"/>
		<item name="end" generates="sword swing,arrow launch" occurance="50,50" img="endGrinder.png" maxIncrease="0"/>
		<item name="nether sleigh" generates="netherrack,nether wart" occurance="16,1" img="netherSleighGrinder.png" maxIncrease="1"/>
		<item name="mobs" generates="zombie,skeleton,witch" occurance="8,7.75,1.75" img="mobs.png" maxIncrease="1"/>
	</grinders>
	
	<grinds>
		<item name="launcher" img="launcher.png" drops="fodder=1" dependency="armada" timeToBreak="1" achievement=""/>
		<item name="fodder" img="fodder.png" drops="" dependency="" timeToBreak="" achievement=""/>
		<item name="tnt" img="tnt.png" drops="tnt=1" dependency="obsidian army" timeToBreak="1" achievement=""/>
		<item name="sword swing" img="swordSwing.png" drops="sword swing=1" dependency="obsidian soldier" timeToBreak="0.5" achievement=""/>
		<item name="arrow launch" img="arrowLaunch.png" drops="arrow launch=1" dependency="obsidian soldier" timeToBreak="0.5" achievement=""/>
		<item name="netherrack" img="netherrack.png" drops="netherrack=1" dependency="portal sleigh" timeToBreak="0.5" achievement=""/>
		<item name="nether wart" img="netherWart.png" drops="nether wart=1" dependency="portal sleigh" timeToBreak="0.5" achievement=""/>
		<item name="witch" img="witch.png" drops="sugar=1" dependency="strongs isle" timeToBreak="2" achievement=""/>
		<item name="sugar" img="sugar.png" drops="" dependency="nothing=0" timeToBreak="" achievement=""/>
		<item name="zombie" img="zombie.png" drops="nothing=0" dependency="strongs isle" timeToBreak="2.48" achievement=""/>
		<item name="skeleton" img="skeleton.png" drops="nothing=0" dependency="strongs isle" timeToBreak="2.18" achievement=""/>
	</grinds>
	
<crafters>
   <item ingrediens="fodder=1" requiredItem="armada" craftedItems="fodder=0" image="fodder.png" soundPrefix="explosion" type="" achievement="TNT detonated !" onComplete="explode crater,drop crater=1" tooltip="Brukes til å sprenge Strongs Isle." />
   <item ingrediens="nothing=0" requiredItem="nothing" craftedItems="crater=0" image="crater.png" soundPrefix="dirt" type="" achievement="Crater exploded !" onComplete="nothing" tooltip="Brukes til å sprenge Strongs Isle." />
   <item ingrediens="crater=96" requiredItem="nothing" craftedItems="destroyed isle=1" image="destroyedIsle.png" soundPrefix="explosion" type="" achievement="Stronghold exposed !" onComplete="explode destroyed isle" tooltip="Brukes til å få tilgang til festningen." />
   <item ingrediens="armada=1" requiredItem="destroyed isle" craftedItems="armada=0" image="armada.png" soundPrefix="whoosh" type="" achievement="nothing" onComplete="drop obsidian army=1-gunship=3,automate gunship" tooltip="Losser obsidian hær." />
   <item ingrediens="nothing=0" requiredItem="obsidian army" craftedItems="tnt=1" image="tnt.png" soundPrefix="dirt" type="grind" achievement="nothing" onComplete="nothing" tooltip="Kreves for å bygge tnt-klynger." />
   <item ingrediens="tnt=27" requiredItem="nothing" craftedItems="tnt cluster=0" image="tntCluster.png" soundPrefix="explosion" type="" achievement="nothing" onComplete="explode big crater,drop big crater=1" tooltip="Brukes til å sprenge Strongs Isle." />
   <item ingrediens="nothing=0" requiredItem="nothing" craftedItems="big crater=0" image="bigCrater.png" soundPrefix="dirt" type="" achievement="Big crater exploded !" onComplete="nothing" tooltip="Brukes til å sprenge Strongs Isle." />
   <item ingrediens="big crater=5" requiredItem="nothing" craftedItems="stronghold breach=1" image="strongholdBreach.png" soundPrefix="explosion" type="" achievement="Stronghold breached !" onComplete="explode stronghold breach" tooltip="Brukes til å bryte festningen." />
   <item ingrediens="nothing=0" requiredItem="stronghold breach" craftedItems="stronghold breach exporter=1" image="strongholdBreach.png" soundPrefix="" type="" achievement="nothing" onComplete="navigateToUrl 1JiDIQ" tooltip="Laste ned." />
   <item ingrediens="tnt=8" requiredItem="stronghold breach" craftedItems="small tnt cluster=0" image="smallTntCluster.png" soundPrefix="explosion" type="" achievement="Small TNT cluster !" onComplete="explode demolition,drop demolition=1" tooltip="Brukes til å sprenge festningen." />
   <item ingrediens="nothing=0" requiredItem="nothing" craftedItems="demolition=1" image="demolition.png" soundPrefix="" type="" achievement="nothing" onComplete="nothing" tooltip="Explosion happened !" />
   <item ingrediens="demolition=1" requiredItem="nothing" craftedItems="empty room=1" image="emptyRoom.png" soundPrefix="explosion" type="" achievement="nothing" onComplete="explode empty room" tooltip="Kreves for å nå endeportalrommet." />
   <item ingrediens="demolition=2" requiredItem="nothing" craftedItems="stone staircase=1" image="stoneStaircase.png" soundPrefix="explosion" type="" achievement="nothing" onComplete="explode stone staircase" tooltip="Kreves for å nå endeportalrommet." />
   <item ingrediens="demolition=2" requiredItem="nothing" craftedItems="chest corridor=1" image="chestCorridor.png" soundPrefix="explosion" type="" achievement="nothing" onComplete="explode chest corridor" tooltip="Kreves for å nå endeportalrommet." />
   <item ingrediens="demolition=2" requiredItem="nothing" craftedItems="stone spiral staircase=1" image="stoneSpiralStaircase.png" soundPrefix="explosion" type="" achievement="nothing" onComplete="explode stone spiral staircase" tooltip="Kreves for å nå endeportalrommet." />
   <item ingrediens="demolition=2" requiredItem="nothing" craftedItems="stronghold fountain=1" image="strongholdFountain.png" soundPrefix="explosion" type="" achievement="nothing" onComplete="explode stronghold fountain" tooltip="Kreves for å nå endeportalrommet." />
   <item ingrediens="demolition=3" requiredItem="nothing" craftedItems="prison cell=1" image="prisonCell.png" soundPrefix="explosion" type="" achievement="nothing" onComplete="explode prison cell" tooltip="Kreves for å nå endeportalrommet." />
   <item ingrediens="demolition=4" requiredItem="nothing" craftedItems="five way crossing=1" image="fiveWayCrossing.png" soundPrefix="explosion" type="" achievement="nothing" onComplete="explode five way crossing" tooltip="Kreves for å nå endeportalrommet." />
   <item ingrediens="demolition=4" requiredItem="nothing" craftedItems="store room=1" image="storeRoom.png" soundPrefix="explosion" type="" achievement="nothing" onComplete="explode store room" tooltip="Kreves for å nå endeportalrommet." />
   <item ingrediens="demolition=4" requiredItem="nothing" craftedItems="stronghold library=1" image="strongholdLibrary.png" soundPrefix="explosion" type="" achievement="nothing" onComplete="explode stronghold library" tooltip="Kreves for å nå endeportalrommet." />
   <item ingrediens="stone staircase=1,chest corridor=1,five way crossing=1,prison cell=1,stone spiral staircase=1,store room=1,empty room=1,stronghold fountain=1,stronghold library=1" requiredItem="nothing" craftedItems="end portal room=1" image="endPortalRoom.png" soundPrefix="" type="" achievement="Portal room found !" onComplete="automate end,stopGrinder gunship" tooltip="Kreves for å aktivere sluttportalen." />
   <item ingrediens="nothing=0" requiredItem="nothing" craftedItems="eyes of ender=1" image="eyesOfEnder.png" soundPrefix="" type="" achievement="nothing" onComplete="nothing" tooltip="Kreves for å aktivere sluttportalen." />
   <item ingrediens="end portal room=1,eyes of ender=1" requiredItem="nothing" craftedItems="end portal=1" image="endPortal.png" soundPrefix="" type="" achievement="End portal activated !" onComplete="showGrinder end" tooltip="Kreves for å gå til slutten." />
   <item ingrediens="nothing=0" requiredItem="end portal" craftedItems="end portal exporter=1" image="endPortal.png" soundPrefix="" type="" achievement="nothing" onComplete="navigateToUrl 1JoGKQ" tooltip="Laste ned." />
   <item ingrediens="obsidian army=1" requiredItem="end portal" craftedItems="obsidian army=0" image="obsidianArmy.png" soundPrefix="metal" type="" achievement="Obsidian hær!" onComplete="drop obsidian soldier=12-obsidian knight=4-obsidian flying knight=4" tooltip="Kreves for å bekjempe ender dragen." />
   <item ingrediens="nothing=0" requiredItem="nothing" craftedItems="obsidian soldier=1" image="obsidianSoldier.png" soundPrefix="hand" type="" achievement="Obsidian soldier !" onComplete="nothing" tooltip="Kreves for å bekjempe ender dragen." />
   <item ingrediens="nothing=0" requiredItem="nothing" craftedItems="obsidian knight=1" image="obsidianKnight.png" soundPrefix="hand" type="" achievement="Obsidian knight !" onComplete="nothing" tooltip="Kreves for å bekjempe ender dragen." />
   <item ingrediens="nothing=0" requiredItem="nothing" craftedItems="obsidian flying knight=1" image="obsidianFlyingKnight.png" soundPrefix="hand" type="" achievement="Obsidian flying knight !" onComplete="nothing" tooltip="Kreves for å bekjempe ender dragen." />
   <item ingrediens="nothing=0" requiredItem="obsidian soldier" craftedItems="sword swing=1" image="swordSwing.png" soundPrefix="metal" type="grind" achievement="Sword swung !" onComplete="nothing" tooltip="Kreves for å bekjempe ender dragen." />
   <item ingrediens="nothing=0" requiredItem="obsidian soldier" craftedItems="arrow launch=1" image="arrowLaunch.png" soundPrefix="metal" type="grind" achievement="Arrow launched !" onComplete="nothing" tooltip="Kreves for å bekjempe ender dragen." />
   <item ingrediens="arrow launch=8" requiredItem="nothing" craftedItems="ender crystal=1" image="enderCrystal.png" soundPrefix="metal" type="" achievement="Ender crystal !" onComplete="nothing" tooltip="Kreves for å beseire ender dragen." />
   <item ingrediens="ender crystal=12" requiredItem="nothing" craftedItems="ender dragon=1" image="enderDragon.png" soundPrefix="" type="" achievement="Ender dragon !" onComplete="drop dragon tail 1=8" tooltip="Kreves for å bekjempe ender dragen." />
   <item ingrediens="dragon tail 1=1,arrow launch=1" requiredItem="obsidian soldier" craftedItems="dragon tail 1=0" image="dragonTail1.png" soundPrefix="explosion" type="melter" achievement="Tail damaged !" onComplete="explode dragon tail 1,drop dragon tail 2=1" tooltip="Angrep hale." />
   <item ingrediens="dragon tail 2=1,arrow launch=1" requiredItem="obsidian soldier" craftedItems="dragon tail 2=0" image="dragonTail2.png" soundPrefix="explosion" type="melter" achievement="Tail damaged !" onComplete="explode dragon tail 2,drop dragon tail 3=1" tooltip="Angrep hale." />
   <item ingrediens="dragon tail 3=1,arrow launch=1" requiredItem="obsidian soldier" craftedItems="dragon tail 3=0" image="dragonTail3.png" soundPrefix="explosion" type="melter" achievement="Tail damaged !" onComplete="explode dragon tail 3,drop dragon left wing 1=1" tooltip="Angrep hale." />
   <item ingrediens="nothing=0" requiredItem="nothing" craftedItems="nothing=0" image="" soundPrefix="" type="" achievement="" onComplete="nothing" tooltip="" />
   <item ingrediens="dragon left wing 1=1,arrow launch=1" requiredItem="obsidian soldier" craftedItems="dragon left wing 1=0" image="dragonLeftWing1.png" soundPrefix="explosion" type="melter" achievement="Wing damaged !" onComplete="explode dragon left wing 1,drop dragon left wing 2=2" tooltip="Angrep vinge." />
   <item ingrediens="dragon left wing 2=1,arrow launch=1" requiredItem="obsidian soldier" craftedItems="dragon left wing 2=0" image="dragonLeftWing2.png" soundPrefix="explosion" type="melter" achievement="Wing damaged !" onComplete="explode dragon left wing 2,drop dragon left wing 3=2" tooltip="Angrep vinge." />
   <item ingrediens="dragon left wing 3=4,arrow launch=4" requiredItem="obsidian flying knight" craftedItems="dragon left wing 3=0" image="dragonLeftWing3.png" soundPrefix="explosion" type="melter" achievement="Wing damaged !" onComplete="explode dragon left wing 3,explode dragon left wing 2,explode dragon left wing 1,drop dragon left wing 4=1" tooltip="Angrep vinge." />
   <item ingrediens="nothing=0" requiredItem="nothing" craftedItems="nothing=0" image="" soundPrefix="" type="" achievement="" onComplete="nothing" tooltip="" />
   <item ingrediens="nothing=0" requiredItem="nothing" craftedItems="nothing=0" image="" soundPrefix="" type="" achievement="" onComplete="nothing" tooltip="" />
   <item ingrediens="dragon right wing 1=1,arrow launch=1" requiredItem="obsidian soldier" craftedItems="dragon right wing 1=0" image="dragonRightWing1.png" soundPrefix="explosion" type="melter" achievement="Wing damaged !" onComplete="explode dragon right wing 1,drop dragon right wing 2=2" tooltip="Angrep vinge." />
   <item ingrediens="dragon right wing 2=1,arrow launch=1" requiredItem="obsidian soldier" craftedItems="dragon right wing 2=0" image="dragonRightWing2.png" soundPrefix="explosion" type="melter" achievement="Wing damaged !" onComplete="explode dragon right wing 2,drop dragon right wing 3=2" tooltip="Angrep vinge." />
   <item ingrediens="dragon body 1=1,sword swing=1" requiredItem="obsidian knight" craftedItems="dragon body 1=0" image="dragonBody1.png" soundPrefix="explosion" type="melter" achievement="Torso damaged !" onComplete="explode dragon body 1,drop dragon body 2=2" tooltip="Angrep torso." />
   <item ingrediens="dragon body 2=1,sword swing=1" requiredItem="obsidian knight" craftedItems="dragon body 2=0" image="dragonBody2.png" soundPrefix="explosion" type="melter" achievement="Torso damaged !" onComplete="explode dragon body 2,drop dragon body 3=2" tooltip="Angrep torso." />
   <item ingrediens="dragon left wing 4=1,arrow launch=1" requiredItem="obsidian soldier" craftedItems="dragon left wing 4=0" image="dragonLeftWing4.png" soundPrefix="explosion" type="melter" achievement="Wing damaged !" onComplete="explode dragon left wing 4,drop dragon left wing 5=2" tooltip="Angrep vinge." />
   <item ingrediens="dragon left wing 5=1,arrow launch=1" requiredItem="obsidian soldier" craftedItems="dragon left wing 5=0" image="dragonLeftWing5.png" soundPrefix="explosion" type="melter" achievement="Wing damaged !" onComplete="explode dragon left wing 5,drop dragon left wing 6=2" tooltip="Angrep vinge." />
   <item ingrediens="dragon left wing 6=2,arrow launch=2" requiredItem="obsidian flying knight" craftedItems="dragon left wing 6=0" image="dragonLeftWing6.png" soundPrefix="explosion" type="melter" achievement="Wing damaged !" onComplete="explode dragon left wing 6,explode dragon left wing 5,explode dragon left wing 4,explode dragon left wing 3,explode dragon left wing 2,explode dragon left wing1,drop dragon right wing 1=1" tooltip="Angrep vinge." />
   <item ingrediens="nothing=0" requiredItem="nothing" craftedItems="nothing=0" image="" soundPrefix="" type="" achievement="" onComplete="nothing" tooltip="" />
   <item ingrediens="dragon right wing 3=4,arrow launch=4" requiredItem="obsidian flying knight" craftedItems="dragon right wing 3=0" image="dragonRightWing3.png" soundPrefix="explosion" type="melter" achievement="Wing damaged !" onComplete="explode dragon right wing 3,explode dragon right wing 2,explode dragon right wing 1,drop dragon right wing 4=1" tooltip="Angrep vinge." />
   <item ingrediens="dragon right wing 4=1,arrow launch=1" requiredItem="obsidian soldier" craftedItems="dragon right wing 4=0" image="dragonRightWing4.png" soundPrefix="explosion" type="melter" achievement="Wing damaged !" onComplete="explode dragon right wing 4,drop dragon right wing 5=2" tooltip="Angrep vinge." />
   <item ingrediens="dragon right wing 5=1,arrow launch=1" requiredItem="obsidian soldier" craftedItems="dragon right wing 5=0" image="dragonRightWing5.png" soundPrefix="explosion" type="melter" achievement="Wing damaged !" onComplete="explode dragon right wing 5,drop dragon right wing 6=2" tooltip="Angrep vinge." />
   <item ingrediens="dragon body 3=1,sword swing=1" requiredItem="obsidian knight" craftedItems="dragon body 3=0" image="dragonBody3.png" soundPrefix="explosion" type="melter" achievement="Torso damaged !" onComplete="explode dragon body 3,drop dragon neck 1=1" tooltip="Angrep torso." />
   <item ingrediens="dragon neck 1=4,sword swing=4" requiredItem="obsidian knight" craftedItems="dragon neck 1=0" image="dragonNeck1.png" soundPrefix="explosion" type="melter" achievement="Neck damaged !" onComplete="explode dragon neck 1,drop dragon neck 2=1" tooltip="Angrep nakke." />
   <item ingrediens="dragon neck 2=1,sword swing=1" requiredItem="obsidian knight" craftedItems="dragon neck 2=0" image="dragonNeck2.png" soundPrefix="explosion" type="melter" achievement="Neck damaged !" onComplete="explode dragon neck 2,drop dragon neck 3=4" tooltip="Angrep nakke." />
   <item ingrediens="nothing=0" requiredItem="nothing" craftedItems="nothing=0" image="" soundPrefix="" type="" achievement="" onComplete="nothing" tooltip="" />
   <item ingrediens="nothing=0" requiredItem="nothing" craftedItems="nothing=0" image="" soundPrefix="" type="" achievement="" onComplete="nothing" tooltip="" />
   <item ingrediens="dragon right wing 6=1,arrow launch=1" requiredItem="obsidian soldier" craftedItems="dragon right wing 6=0" image="dragonRightWing6.png" soundPrefix="explosion" type="melter" achievement="Wing damaged !" onComplete="explode dragon right wing 6,drop dragon right wing 7=2" tooltip="Angrep vinge." />
   <item ingrediens="dragon right wing 7=4,arrow launch=4" requiredItem="obsidian flying knight" craftedItems="dragon right wing 7=0" image="dragonRightWing7.png" soundPrefix="explosion" type="melter" achievement="Wing damaged !" onComplete="explode dragon right wing 7,explode dragon right wing 6,explode dragon right wing 5,explode dragon right wing 4,explode dragon right wing 3,explode dragon right wing 2,explode dragon right wing 1,drop dragon body 1=1" tooltip="Angrep vinge." />
   <item ingrediens="nothing=0" requiredItem="nothing" craftedItems="nothing=0" image="" soundPrefix="" type="" achievement="" onComplete="nothing" tooltip="" />
   <item ingrediens="nothing=0" requiredItem="nothing" craftedItems="nothing=0" image="" soundPrefix="" type="" achievement="" onComplete="nothing" tooltip="" />
   <item ingrediens="nothing=0" requiredItem="nothing" craftedItems="nothing=0" image="" soundPrefix="" type="" achievement="" onComplete="nothing" tooltip="" />
   <item ingrediens="dragon neck 3=1,sword swing=1" requiredItem="obsidian knight" craftedItems="dragon neck 3=0" image="dragonNeck3.png" soundPrefix="explosion" type="melter" achievement="Neck damaged !" onComplete="explode dragon neck 3,drop dragon head=4" tooltip="Angrep nakke." />
   <item ingrediens="nothing=0" requiredItem="nothing" craftedItems="dragon head=0" image="dragonHead.png" soundPrefix="explosion" type="" achievement="Head destroyed !" onComplete="nothing" tooltip="Bekjemp ender drage." />
   <item ingrediens="dragon head=512" requiredItem="nothing" craftedItems="dragon egg=1" image="dragonEgg.png" soundPrefix="explosion" type="" achievement="Dragon egg !" onComplete="markMap Trading Post-966-426,explode dragon head,beatGame,explode dragon tail 3,explode dragon tail 2,explode dragon tail 1,explode dragon left wing 6,explode dragon left wing 5,explode dragon left wing 4,explode dragon left wing 3,explode dragon left wing 2,explode dragon left wing1,explode dragon right wing 7,explode dragon right wing 6,explode dragon right wing 5,explode dragon right wing 4,explode dragon right wing 3,explode dragon right wing 2,explode dragon right wing 1,explode dragon body 3,explode dragon body 2,explode dragon body 1,explode dragon neck 3,explode dragon neck 2,explode dragon neck 1" tooltip="Required to beat GrindCraft !" />
   <item ingrediens="nothing=0" requiredItem="nothing" craftedItems="apothecary=1" image="apothecary.png" soundPrefix="hand" type="" achievement="Apothecary trained !" onComplete="nothing" tooltip="Brukes til å lage potions og eksplosiver." />
   <item ingrediens="nothing=0" requiredItem="obsidian soldier" craftedItems="sugar=1" image="sugar.png" soundPrefix="metal" type="grind" achievement="Sugar dropped !" onComplete="nothing" tooltip="Kreves for å lage potions." />
   <item ingrediens="nothing=0" requiredItem="portal sleigh" craftedItems="nether wart=1" image="netherWart.png" soundPrefix="whoosh" type="grind" achievement="Nether wart picked !" onComplete="nothing" tooltip="Brukes i potions." />
   <item ingrediens="sugar=1,nether wart=1" requiredItem="apothecary" craftedItems="speed potion=1" image="potion.png" soundPrefix="whoosh" type="" achievement="Potion concocted !" onComplete="nothing" tooltip="Kan drikkes." />
   <item ingrediens="speed potion=1" requiredItem="nothing" craftedItems="use speed potion=0" image="usePotion.png" soundPrefix="whoosh" type="" achievement="Potion drank !" onComplete="speed 200" tooltip="Har raske egenskaper." />
   <item ingrediens="nothing=0" requiredItem="nothing" craftedItems="redstone=1" image="redstone.png" soundPrefix="metal" type="" achievement="Redstone mined !" onComplete="nothing" tooltip="Brukes i redstone kretser og potions." />
   <item ingrediens="speed potion=1,redstone=1" requiredItem="nothing" craftedItems="speed 2 potion=1" image="potion.png" soundPrefix="whoosh" type="" achievement="Potion concocted !" onComplete="nothing" tooltip="Kan drikkes." />
   <item ingrediens="speed 2 potion=1" requiredItem="nothing" craftedItems="use speed 2 potion=0" image="usePotion.png" soundPrefix="whoosh" type="" achievement="Potion drank !" onComplete="speed 400" tooltip="Lengre fartstid." />
   <item ingrediens="nothing=0" requiredItem="nothing" craftedItems="gunship=1" image="gunship.png" soundPrefix="" type="" achievement="Gunship built !" onComplete="nothing" tooltip="Kreves for å seile rundt Grindcraftia." />
   <item ingrediens="nothing=0" requiredItem="nothing" craftedItems="gold ore=1" image="goldOre.png" soundPrefix="" type="" achievement="nothing" onComplete="nothing" tooltip="Brukes til å smelte gull ingots." />
   <item ingrediens="nothing=0" requiredItem="nothing" craftedItems="gold ingot=1" image="goldIngot.png" soundPrefix="" type="" achievement="Gold ingot smelted !" onComplete="nothing" tooltip="Brukes til å lage gullverktøy og rustning." />
   <item ingrediens="nothing=0" requiredItem="nothing" craftedItems="diamond=1" image="diamond.png" soundPrefix="" type="" achievement="" onComplete="nothing" tooltip="Brukes til å lage diamantverktøy og rustning." />
   <item ingrediens="nothing=0" requiredItem="nothing" craftedItems="obsidian=1" image="obsidian.png" soundPrefix="" type="" achievement="" onComplete="nothing" tooltip="Brukes til å lage obsidian rustning og portaler." />
   <item ingrediens="nothing=0" requiredItem="nothing" craftedItems="city state=1" image="cityState.png" soundPrefix="" type="" achievement="City State !" onComplete="nothing" tooltip="Din første bygge." />
   <item ingrediens="nothing=0" requiredItem="nothing" craftedItems="port=1" image="port.png" soundPrefix="" type="" achievement="Port established !" onComplete="nothing" tooltip="Kreves for å seile rundt Grindcraftia." />
   <item ingrediens="nothing=0" requiredItem="nothing" craftedItems="portal sleigh=1" image="portalSleigh.png" soundPrefix="metal" type="" achievement="Portal sleigh !" onComplete="nothing" tooltip="Brukes til å reise til nether." />
   <item ingrediens="nothing=0" requiredItem="nothing" craftedItems="strongs isle=1" image="strongsIsle.png" soundPrefix="" type="" achievement="nothing" onComplete="nothing" tooltip="" />
   <item ingrediens="nothing=0" requiredItem="strongs isle" craftedItems="strongs isle exporter=1" image="strongsIsle.png" soundPrefix="" type="" achievement="nothing" onComplete="navigateToUrl 1Jd37O" tooltip="Laste ned." />
</crafters>
</data>