<?xml version="1.0" encoding="utf-8" ?>
<data>
	
	<crafters>
		<item ingrediens="nothing=0" requiredItem="wood axe,stone axe,iron axe,gold axe,diamond axe" craftedItems="wood=1" image="wood.png" soundPrefix="wood" type="grind" achievement="nothing" onComplete="nothing" tooltip="厚板のクラフトに使用。"/>
		<item ingrediens="stick=2,planks=3" requiredItem="crafting table" craftedItems="wood pick=1" image="woodPick.png" soundPrefix="wood" type="" achievement="木製の道具をクラフトされました　！" onComplete="nothing" tooltip="石や石炭を採掘できます。"/>
		<item ingrediens="stick=2,planks=1" requiredItem="crafting table" craftedItems="wood shovel=1" image="woodShovel.png" soundPrefix="wood" type="" achievement="木製の道具をクラフトされました　！" onComplete="nothing" tooltip="土と砂利をシャベルします。"/>
		<item ingrediens="stick=1,planks=2" requiredItem="crafting table" craftedItems="wood sword=1" image="woodSword.png" soundPrefix="wood" type="" achievement="木製の道具をクラフトされました　！" onComplete="nothing" tooltip="モブを攻撃する。"/>
		<item ingrediens="stick=2,planks=3" requiredItem="crafting table" craftedItems="wood axe=1" image="woodAxe.png" soundPrefix="wood" type="" achievement="木製の道具をクラフトされました　！" onComplete="nothing" tooltip="木を切る。"/>
		<item ingrediens="stick=2,planks=2" requiredItem="crafting table" craftedItems="wood hoe=1" image="woodHoe.png" soundPrefix="wood" type="" achievement="木製の道具をクラフトされました　！" onComplete="nothing" tooltip="土を耕します。"/>
		<item ingrediens="nothing=0" requiredItem="wood pick,stone pick,iron pick,gold pick,diamond pick" craftedItems="cobblestone=1" image="cobblestone.png" soundPrefix="metal" type="grind" achievement="nothing" onComplete="nothing" tooltip="建物を作るに使用。"/>
		<item ingrediens="stick=2,cobblestone=1" requiredItem="crafting table" craftedItems="stone shovel=1" image="stoneShovel.png" soundPrefix="metal" type="stone" achievement="石の道具をクラフトされました　！" onComplete="nothing" tooltip="土と砂利をシャベルします。"/>
		<item ingrediens="stick=1,cobblestone=2" requiredItem="crafting table" craftedItems="stone sword=1" image="stoneSword.png" soundPrefix="metal" type="stone" achievement="石の道具をクラフトされました　！" onComplete="nothing" tooltip="モブを攻撃する。"/>
		<item ingrediens="stick=2,cobblestone=3" requiredItem="crafting table" craftedItems="stone axe=1" image="stoneAxe.png" soundPrefix="metal" type="stone" achievement="石の道具をクラフトされました　！" onComplete="nothing" tooltip="木を切る。"/>
		<item ingrediens="stick=2,cobblestone=2" requiredItem="crafting table" craftedItems="stone hoe=1" image="stoneHoe.png" soundPrefix="metal" type="stone" achievement="石の道具をクラフトされました　！" onComplete="nothing" tooltip="庭師を装備します。"/>
		<item ingrediens="stick=2,cobblestone=3" requiredItem="crafting table" craftedItems="stone pick=1" image="stonePick.png" soundPrefix="metal" type="stone" achievement="石の道具をクラフトされました　！" onComplete="nothing" tooltip="鉄鉱石を採掘します。"/>
		<item ingrediens="cobblestone=8" requiredItem="crafting table" craftedItems="furnace=1" image="furnace.png" soundPrefix="" type="" achievement="炉がクラフトされました！" onComplete="nothing" tooltip="鉄と金の精錬に必要です。"/>
		<item ingrediens="iron ingot=3" requiredItem="crafting table" craftedItems="bucket=1" image="bucket.png" soundPrefix="metal" type="" achievement="バケツがクラフトされました！" onComplete="nothing" tooltip="水と溶岩を得るために必要です。"/>
		<item ingrediens="nothing=0" requiredItem="wood pick,stone pick,iron pick,gold pick,diamond pick" craftedItems="coal=1" image="coal.png" soundPrefix="metal" type="grind" achievement="nothing" onComplete="nothing" tooltip="インゴットを精錬に必要です。"/>
		<item ingrediens="nothing=0" requiredItem="stone pick,iron pick,gold pick,diamond pick" craftedItems="iron ore=1" image="ironOre.png" soundPrefix="metal" type="grind" achievement="nothing" onComplete="nothing" tooltip="鉄インゴットを精錬に必要です。"/>
		<item ingrediens="coal=1,iron ore=1" requiredItem="furnace" craftedItems="iron ingot=1" image="ironIngot.png" soundPrefix="metal" type="metal" achievement="炉がクラフトされました！" onComplete="nothing" tooltip="鉄の道具や鎧をクラフトのに使用。"/>
		<item ingrediens="nothing=0" requiredItem="wood shovel,stone shovel,iron shovel,gold shovel,diamond shovel" craftedItems="dirt=1" image="dirt.png" soundPrefix="dirt" type="grind" achievement="nothing" onComplete="nothing" tooltip="土を作るに使用。"/>
		<item ingrediens="dirt=1" requiredItem="wood hoe,stone hoe,iron hoe,gold hoe,diamond hoe" craftedItems="soil=1" image="soil.png" soundPrefix="dirt" type="farm" achievement="nothing" onComplete="nothing" tooltip="植え付け用の畑を作るに使用。"/>
		<item ingrediens="nothing=0" requiredItem="bucket" craftedItems="water=1" image="water.png" soundPrefix="wood" type="grind" achievement="nothing" onComplete="nothing" tooltip="庭を作るに使用。"/>
		<item ingrediens="soil=8,water=1" requiredItem="nothing" craftedItems="plot=1" image="plot.png" soundPrefix="dirt" type="farm" achievement="nothing" onComplete="nothing" tooltip="作物を育てるに必要です。"/>
		<item ingrediens="nothing=0" requiredItem="wood sword,stone sword,iron sword,gold sword,diamond sword" craftedItems="seeds=1" image="seeds.png" soundPrefix="whoosh" type="grind" achievement="nothing" onComplete="nothing" tooltip="庭を作るに使用。"/>
		<item ingrediens="plot=1,seeds=1" requiredItem="nothing" craftedItems="wheat field=1" image="wheatField.png" soundPrefix="dirt" type="farm" achievement="庭が植えられました　！" onComplete="increase wheat" tooltip="村人を作るのに必要です。"/>
		<item ingrediens="wood=1" requiredItem="nothing" craftedItems="planks=4" image="planks.png" soundPrefix="wood" type="wood" achievement="nothing" onComplete="nothing" tooltip="道具と木製品をクラフトするに使用。"/>
		<item ingrediens="planks=4" requiredItem="nothing" craftedItems="crafting table=1" image="craftingTable.png" soundPrefix="wood" type="" achievement="クラフトテーブルがクラフトされました ！" onComplete="nothing" tooltip="アイテムをクラフトするのに必要です。"/>
		<item ingrediens="planks=2" requiredItem="nothing" craftedItems="stick=4" image="stick.png" soundPrefix="wood" type="wood" achievement="nothing" onComplete="nothing" tooltip="道具と木製品をクラフトするに使用。"/>
		<item ingrediens="planks=4" requiredItem="crafting table" craftedItems="door=1" image="door.png" soundPrefix="wood" type="wood" achievement="nothing" onComplete="nothing" tooltip="住居を建てるための壁と一緒に使用。"/>
		<item ingrediens="cobblestone=9" requiredItem="nothing" craftedItems="wall=1" image="wall.png" soundPrefix="" type="stone" achievement="壁を建てられた　！" onComplete="nothing" tooltip="住居を建てるための壁と一緒に使用。"/>
		<item ingrediens="wall=5,door=1" requiredItem="nothing" craftedItems="hut=1" image="hut.png" soundPrefix="" type="stone" achievement="小屋！小屋！小屋！" onComplete="nothing" tooltip="村人を建造物を作るために使用。"/>
		<item ingrediens="hut=1,wheat field=1" requiredItem="nothing" craftedItems="villager=1" image="villager.png" soundPrefix="hand" type="villager" achievement="村人　！" onComplete="nothing" tooltip="専門化できる。"/>
		<item ingrediens="villager=1,stone axe=1" requiredItem="nothing" craftedItems="woodsman=1" image="woodsman.png" soundPrefix="hand" type="villager" achievement="ウッズマン　！" onComplete="automate overworld,increase wood,increase grass,increase water" tooltip="オーバーワールドグラインダーを自動化します。木、草、水を増やします。"/>
		<item ingrediens="villager=1,stone pick=1" requiredItem="nothing" craftedItems="miner=1" image="miner.png" soundPrefix="hand" type="villager" achievement="鉱夫　！" onComplete="automate mine,increase coal ore,increase iron ore,increase gold ore,increase diamond ore" tooltip="マイングラインダーを自動化します。鉱石を増やします。"/>
		<item ingrediens="villager=1,stone hoe=1" requiredItem="nothing" craftedItems="gardener=1" image="gardener.png" soundPrefix="hand" type="villager" achievement="庭師　！" onComplete="食物を自動化します" tooltip="フッドグラインダーを自動化します。"/>
		<item ingrediens="villager=1,stone sword=1" requiredItem="nothing" craftedItems="hunter=1" image="hunter.png" soundPrefix="hand" type="villager" achievement="猟師 ！" onComplete="automate mobs,increase chicken,increase cow,increase sheep,increase horse,increase skeleton,increase witch,increase zombie villager,increase spider,increase slime" tooltip="モブグラインダーを自動化します。 モブを増やします。"/>
		<item ingrediens="planks=4,stick=2" requiredItem="crafting table" craftedItems="fence=3" image="fence.png" soundPrefix="wood" type="wood" achievement="フェンシングはクラフトされました　！" onComplete="nothing" tooltip="家畜小屋が作るに使用。"/>
		<item ingrediens="fence=9" requiredItem="crafting table" craftedItems="pen=1" image="pen.png" soundPrefix="wood" type="wood" achievement="家畜小屋建てられた　！" onComplete="nothing" tooltip="村人を肉屋に変えるために必要です。"/>
		<item ingrediens="hunter=1,pen=1" requiredItem="nothing" craftedItems="butcher=1" image="butcher.png" soundPrefix="hand" type="villager" achievement="肉屋 ！" onComplete="increase chicken,increase cow,increase sheep,increase horse" tooltip="動物を増やします。"/>
		<item ingrediens="planks=6" requiredItem="crafting table" craftedItems="stairs=4" image="stairs.png" soundPrefix="wood" type="wood" achievement="階段をクラフトされました　！" onComplete="nothing" tooltip="屋根を作るに使用。"/>
		<item ingrediens="stairs=3" requiredItem="nothing" craftedItems="rafter=1" image="rafter.png" soundPrefix="wood" type="wood" achievement="垂木が建てられました ！" onComplete="nothing" tooltip="屋根を作るに使用。"/>
		<item ingrediens="rafter=2" requiredItem="nothing" craftedItems="truss=1" image="truss.png" soundPrefix="wood" type="wood" achievement="nothing" onComplete="nothing" tooltip="屋根を作るに使用。"/>
		<item ingrediens="truss=4" requiredItem="nothing" craftedItems="roof=1" image="roof.png" soundPrefix="wood" type="wood" achievement="屋根が作りました　！" onComplete="nothing" tooltip="村の建物を建てるに使用。"/>
		<item ingrediens="roof=1,hut=1" requiredItem="nothing" craftedItems="village building=1" image="villageBuilding.png" soundPrefix="" type="" achievement="村の建物　！" onComplete="nothing" tooltip="村の建物を建てるに使用。"/>
		<item ingrediens="plot=1,sugar cane=1" requiredItem="nothing" craftedItems="sugar cane field=1" image="sugarCaneField.png" soundPrefix="dirt" type="farm" achievement="砂糖黍した ！" onComplete="increase sugar cane" tooltip="砂糖黍を増やします。"/>
		<item ingrediens="nothing=0" requiredItem="wood sword,stone sword,iron sword,gold sword,diamond sword" craftedItems="sugar cane=1" image="sugarCane.png" soundPrefix="whoosh" type="grind" achievement="nothing" onComplete="nothing" tooltip="砂糖と紙を作るに使用。"/>
		<item ingrediens="sugar cane=3" requiredItem="crafting table" craftedItems="paper=3" image="paper.png" soundPrefix="whoosh" type="" achievement="パルプ化された紙　！" onComplete="nothing" tooltip="本を作るには使用。"/>
		<item ingrediens="paper=3,leather=1" requiredItem="crafting table" craftedItems="book=1" image="book.png" soundPrefix="whoosh" type="" achievement="製本　！" onComplete="nothing" tooltip="本棚を作るには使用。"/>
		<item ingrediens="planks=6,book=3" requiredItem="crafting table" craftedItems="bookshelf=1" image="bookshelf.png" soundPrefix="wood" type="" achievement="本棚がクラフトされました　！" onComplete="nothing" tooltip="本棚を作るには使用。"/>
		<item ingrediens="bookshelf=4" requiredItem="nothing" craftedItems="bookcase=1" image="bookcase.png" soundPrefix="wood" type="" achievement="nothing" onComplete="nothing" tooltip="図書館を建るには使用。"/>
		<item ingrediens="village building=2,bookcase=2" requiredItem="nothing" craftedItems="library=1" image="library.png" soundPrefix="metal" type="" achievement="nothing" onComplete="nothing" tooltip="村人のクラフトの訓練に使用。"/>
		<item ingrediens="villager=1,crafting table=1" requiredItem="library" craftedItems="crafter=1" image="crafter.png" soundPrefix="hand" type="villager" achievement="クラフター卒業しました　！" onComplete="nothing" tooltip="専門化できる。"/>
		<item ingrediens="crafter=1,stone pick=1" requiredItem="nothing" craftedItems="mason=1" image="mason.png" soundPrefix="hand" type="villager" achievement="石工は訓練されました　！" onComplete="nothing" tooltip="高度な構造を建てられる。"/>
		<item ingrediens="nothing=0" requiredItem="bucket" craftedItems="lava=1" image="lava.png" soundPrefix="wood" type="grind" achievement="nothing" onComplete="nothing" tooltip="溶岩プールを作るに使用。"/>
		<item ingrediens="cobblestone=12,lava=4" requiredItem="mason" craftedItems="lava pool=1" image="lavaPool.png" soundPrefix="" type="" achievement="溶岩プール　！" onComplete="nothing" tooltip="フォージを作るに使用。"/>
		<item ingrediens="village building=2,lava pool=1,furnace=1" requiredItem="nothing" craftedItems="forge=1" image="forge.png" soundPrefix="metal" type="" achievement="フォージを作られました ！" onComplete="nothing" tooltip="製錬所の訓練に使用。"/>
		<item ingrediens="crafter=1" requiredItem="forge" craftedItems="smelter=1" image="smelter.png" soundPrefix="metal" type="villager" achievement="Smelter trained !精錬者は訓練されました　！" onComplete="autocraft iron ingot=.5,autocraft gold ingot" tooltip="鉄と金インゴットをオートクラフトにします。"/>
		<item ingrediens="stick=2,iron ingot=3" requiredItem="crafting table" craftedItems="pitch fork=1" image="pitchFork.png" soundPrefix="metal" type="metal" achievement="鉄器クラフター　！" onComplete="nothing" tooltip="農家が使用。"/>
		<item ingrediens="crafter=1,pitch fork=1" requiredItem="nothing" craftedItems="farmer=1" image="farmer.png" soundPrefix="hand" type="villager" achievement="農民　！" onComplete="nothing" tooltip="庭を作ります。"/>
		<item ingrediens="stick=1,iron ingot=3" requiredItem="crafting table" craftedItems="saw=1" image="saw.png" soundPrefix="metal" type="metal" achievement="鋸はクラフトされました　！" onComplete="nothing" tooltip="大工さんが使用。"/>
		<item ingrediens="crafter=1,saw=1" requiredItem="nothing" craftedItems="carpenter=1" image="carpenter.png" soundPrefix="hand" type="villager" achievement="大工さんは訓練されました　！" onComplete="nothing" tooltip="木で物を作ります。"/>
		<item ingrediens="stairs=2" requiredItem="nothing" craftedItems="desk=1" image="desk.png" soundPrefix="wood" type="wood" achievement="nothing" onComplete="nothing" tooltip="市長を選出するには必要です。"/>
		<item ingrediens="village building=2,desk=1,crafter=1" requiredItem="nothing" craftedItems="mayor=1" image="mayor.png" soundPrefix="hand" type="villager" achievement="市長を選出されました　！" onComplete="nothing" tooltip="さまざまなクラフターを作ります。"/>
		<item ingrediens="woodsman=1" requiredItem="mayor" craftedItems="villager=1" image="woodsmanDemote.png" soundPrefix="hand" type="" achievement="nothing" onComplete="deautomate overworld" tooltip="ウッズマンを解雇する。"/>
		<item ingrediens="miner=1" requiredItem="mayor" craftedItems="villager=1" image="minerDemote.png" soundPrefix="hand" type="" achievement="nothing" onComplete="deautomate mine" tooltip="鉱夫を解雇する。"/>
		<item ingrediens="gardener=1" requiredItem="mayor" craftedItems="villager=1" image="gardenerDemote.png" soundPrefix="hand" type="" achievement="nothing" onComplete="deautomate food" tooltip="庭師を解雇する。"/>
		<item ingrediens="hunter=1" requiredItem="mayor" craftedItems="villager=1" image="hunterDemote.png" soundPrefix="hand" type="" achievement="nothing" onComplete="deautomate mobs" tooltip="猟師を解雇する。"/>
		<item ingrediens="butcher=1" requiredItem="mayor" craftedItems="villager=1" image="butcherDemote.png" soundPrefix="hand" type="" achievement="nothing" onComplete="deautomate mobs" tooltip="肉屋を解雇する。"/>
		<item ingrediens="dirt=8,water=1,seeds=1" requiredItem="farmer" craftedItems="wheat field=1" image="wheatField.png" soundPrefix="whoosh" type="" achievement="庭が植えられました　！" onComplete="nothing" tooltip="村人を建てるには必要です。"/>
		<item ingrediens="cobblestone=45,wood=1" requiredItem="mason" craftedItems="hut=1" image="hut.png" soundPrefix="metal" type="" achievement="小屋！小屋！小屋！" onComplete="nothing" tooltip="村人を建てるには必要です。"/>
		<item ingrediens="stick=2,iron ingot=3" requiredItem="crafting table" craftedItems="iron pick=1" image="ironPick.png" soundPrefix="metal" type="metal" achievement="鉄器がクラフトされました　！" onComplete="nothing" tooltip="金を採掘する。"/>
		<item ingrediens="stick=2,iron ingot=1" requiredItem="crafting table" craftedItems="iron shovel=1" image="ironShovel.png" soundPrefix="metal" type="metal" achievement="鉄器がクラフトされました　！" onComplete="nothing" tooltip="土と砂利をシャベルします。"/>
		<item ingrediens="stick=2,iron ingot=3" requiredItem="crafting table" craftedItems="iron axe=1" image="ironAxe.png" soundPrefix="metal" type="metal" achievement="鉄器がクラフトされました　！" onComplete="nothing" tooltip="木を切る。"/>
		<item ingrediens="stick=2,iron ingot=2" requiredItem="crafting table" craftedItems="iron hoe=1" image="ironHoe.png" soundPrefix="metal" type="metal" achievement="鉄器がクラフトされました　！" onComplete="nothing" tooltip="土を耕します。"/>
		<item ingrediens="stick=1,iron ingot=2" requiredItem="crafting table" craftedItems="iron sword=1" image="ironSword.png" soundPrefix="metal" type="metal" achievement="鉄器がクラフトされました　！" onComplete="nothing" tooltip="モブを攻撃する。"/>
		<item ingrediens="wood=1" requiredItem="carpenter" craftedItems="stick=8" image="stick.png" soundPrefix="wood" type="wood" achievement="nothing" onComplete="nothing" tooltip="道具と木製品をクラフトするに使用。"/>
		<item ingrediens="hut=1,wheat field=1,leather=1" requiredItem="mayor" craftedItems="leather worker=1" image="leatherWorker.png" soundPrefix="hand" type="villager" achievement="革職人　！" onComplete="nothing" tooltip="革鎧をクラフトする。"/>
		<item ingrediens="nothing=0" requiredItem="wood sword,stone sword,iron sword,gold sword,diamond sword" craftedItems="leather=1" image="leather.png" soundPrefix="metal" type="grind" achievement="nothing" onComplete="nothing" tooltip="革鎧とサドルを作るに使用。"/>
		<item ingrediens="leather=5" requiredItem="leather worker" craftedItems="leather helmet=1" image="leatherHelmet.png" soundPrefix="whoosh" type="metal" achievement="革の鉄棒　！" onComplete="nothing" tooltip="革の兵士を作るため。"/>
		<item ingrediens="leather=8" requiredItem="leather worker" craftedItems="leather breastplate=1" image="leatherBreastplate.png" soundPrefix="whoosh" type="metal" achievement="革の胸当て　！" onComplete="nothing" tooltip="革の兵士を作るため。"/>
		<item ingrediens="leather=7" requiredItem="leather worker" craftedItems="leather leggings=1" image="leatherLeggings.png" soundPrefix="whoosh" type="metal" achievement="革のレギンス　！" onComplete="nothing" tooltip="革の兵士を作るため。"/>
		<item ingrediens="leather=4" requiredItem="leather worker" craftedItems="leather boots=1" image="leatherBoots.png" soundPrefix="whoosh" type="metal" achievement="革のブーツ　！" onComplete="nothing" tooltip="革の兵士を作るため。"/>
		<item ingrediens="leather helmet=1,leather breastplate=1,leather leggings=1,leather boots=1" requiredItem="nothing" craftedItems="leather armor=1" image="leatherArmor.png" soundPrefix="whoosh" type="" achievement="革の鎧　！" onComplete="nothing" tooltip="革の兵士を作るため。"/>
		<item ingrediens="hut=1,wheat field=1,iron sword=1" requiredItem="mayor" craftedItems="sergeant=1" image="sergeant.png" soundPrefix="hand" type="villager" achievement="軍曹採用　！" onComplete="nothing" tooltip="猟師を訓練します。"/>
		<item ingrediens="hut=1,wheat field=1" requiredItem="sergeant" craftedItems="soldier=1" image="soldier.png" soundPrefix="hand" type="villager" achievement="兵士アップ　！" onComplete="nothing" tooltip="鉄の兵士を作るに使用。"/>
		<item ingrediens="leather armor=1,soldier=1" requiredItem="nothing" craftedItems="leather soldier=1" image="leatherSoldier.png" soundPrefix="hand" type="villager" achievement="革の兵士　！" onComplete="nothing" tooltip="弓兵の訓練に使用。"/>
		<item ingrediens="hut=2,leather soldier=8" requiredItem="mason" craftedItems="barracks=1" image="barracks.png" soundPrefix="metal" type="" achievement="兵舎を建てられた　！" onComplete="nothing" tooltip="前哨基地を作るに使用。"/>
		<item ingrediens="iron ingot=9" requiredItem="crafting table" craftedItems="iron block=1" image="ironBlock.png" soundPrefix="metal" type="metal" achievement="鉄塊がクラフトされた　！" onComplete="nothing" tooltip="金床のクラフトに使用。"/>
		<item ingrediens="iron block=3,iron ingot=3" requiredItem="crafting table" craftedItems="anvil=1" image="anvil.png" soundPrefix="metal" type="metal" achievement="金床が鍛造されました　！ !" onComplete="nothing" tooltip="鍛冶屋が訓練するに使用。"/>
		<item ingrediens="hut=1,wheat field=1,anvil=1" requiredItem="mayor" craftedItems="blacksmith=1" image="blacksmith.png" soundPrefix="hand" type="villager" achievement="鍛冶屋が訓練されました　！" onComplete="nothing" tooltip="鎧をクラフトする。"/>
		<item ingrediens="iron ingot=5" requiredItem="blacksmith" craftedItems="iron helmet=1" image="ironHelmet.png" soundPrefix="metal" type="metal" achievement="鉄の兜　！" onComplete="nothing" tooltip="鉄の兵士をつくりに必要。"/>
		<item ingrediens="iron ingot=8" requiredItem="blacksmith" craftedItems="iron breastplate=1" image="ironBreastplate.png" soundPrefix="metal" type="metal" achievement="鉄の胸当て　！" onComplete="nothing" tooltip="鉄の兵士を作るに使用。"/>
		<item ingrediens="iron ingot=7" requiredItem="blacksmith" craftedItems="iron leggings=1" image="ironLeggings.png" soundPrefix="metal" type="metal" achievement="鉄のレギンス　！" onComplete="nothing" tooltip="鉄の兵士を作るに使用。"/>
		<item ingrediens="iron ingot=4" requiredItem="blacksmith" craftedItems="iron boots=1" image="ironBoots.png" soundPrefix="metal" type="metal" achievement="アイアンブーツ　！" onComplete="nothing" tooltip="鉄の兵士を作るに使用。"/>
		<item ingrediens="iron helmet=1,iron breastplate=1,iron leggings=1,iron boots=1" requiredItem="nothing" craftedItems="iron armor=1" image="ironArmor.png" soundPrefix="metal" type="metal" achievement="鉄の鎧　！" onComplete="nothing" tooltip="鉄の兵士を作るに使用。"/>
		<item ingrediens="iron armor=1,soldier=1" requiredItem="nothing" craftedItems="iron soldier=1" image="ironSoldier.png" soundPrefix="metal" type="villager" achievement="アイアンマン　！" onComplete="nothing" tooltip="消チームの一員。"/>
		<item ingrediens="hut=1,wheat field=1,arrow=1" requiredItem="mayor" craftedItems="fletcher=1" image="fletcher.png" soundPrefix="hand" type="villager" achievement="フレッチャーが訓練されました　！" onComplete="nothing" tooltip="弓矢をクラフトする。"/>
		<item ingrediens="nothing=0" requiredItem="wood sword,stone sword,iron sword,gold sword,diamond sword" craftedItems="wool=1" image="wool.png" soundPrefix="whoosh" type="grind" achievement="nothing" onComplete="nothing" tooltip="弦を作るに使用。"/>
		<item ingrediens="wool=1" requiredItem="nothing" craftedItems="string=4" image="string.png" soundPrefix="whoosh" type="" achievement="nothing" onComplete="nothing" tooltip="弓を作るに使用。"/>
		<item ingrediens="stick=3,string=3" requiredItem="fletcher" craftedItems="bow=1" image="bow.png" soundPrefix="wood" type="" achievement="弓がクラフトされました　！" onComplete="nothing" tooltip="矢と組み合わせる。"/>
		<item ingrediens="nothing=0" requiredItem="wood sword,stone sword,iron sword,gold sword,diamond sword" craftedItems="feather=1" image="feather.png" soundPrefix="whoosh" type="grind" achievement="nothing" onComplete="nothing" tooltip="矢をクラフトするに使用。"/>
		<item ingrediens="nothing=0" requiredItem="wood shovel,stone shovel,iron shovel,gold shovel,diamond shovel" craftedItems="flint=1" image="flint.png" soundPrefix="dirt" type="grind" achievement="nothing" onComplete="nothing" tooltip="矢をクラフトするに使用。"/>
		<item ingrediens="flint=1,stick=1,feather=1" requiredItem="fletcher" craftedItems="arrow=4" image="arrow.png" soundPrefix="whoosh" type="" achievement="矢がクラフトされました　！" onComplete="nothing" tooltip="矢と組み合わせる"/>
		<item ingrediens="leather soldier=1,bow=1,arrow=8" requiredItem="nothing" craftedItems="archer=1" image="archer.png" soundPrefix="hand" type="villager" achievement="射手が訓練されました　！" onComplete="nothing" tooltip="消チームの一員。"/>
		<item ingrediens="iron soldier=2,archer=2" requiredItem="nothing" craftedItems="fire team=1" image="fireTeam.png" soundPrefix="metal" type="villager" achievement="消チームが訓練されました　！" onComplete="nothing" tooltip="偵察塔を占拠しています。"/>
		<item ingrediens="stick=7" requiredItem="crafting table" craftedItems="ladder=3" image="ladder.png" soundPrefix="wood" type="wood" achievement="階段を作りました　！" onComplete="nothing" tooltip="塔を建てるために小屋と一緒に使用。"/>
		<item ingrediens="hut=2,ladder=6" requiredItem="mason" craftedItems="tower=1" image="tower.png" soundPrefix="metal" type="" achievement="塔が立てました　！" onComplete="nothing" tooltip="より大きな構造を構築するに使用。"/>
		<item ingrediens="tower=1,fire team=1" requiredItem="mason" craftedItems="scout tower=1" image="scoutTower.png" soundPrefix="metal" type="" achievement="偵察塔が建てました　！ !" onComplete="nothing" tooltip="前哨基地を作るに使用。"/>
		<item ingrediens="barracks=1,scout tower=2" requiredItem="mason" craftedItems="outpost=1" image="outpost.png" soundPrefix="metal" type="" achievement="前哨基地が建てました　！" onComplete="nothing" tooltip="持ち場を作るに使用。"/>
		<item ingrediens="nothing=0" requiredItem="outpost" craftedItems="outpost exporter=1" image="outpost.png" soundPrefix="" type="" achievement="nothing" onComplete="navigateToUrl 135Fmh" tooltip="ダウンロード。"/>
		<item ingrediens="outpost=2" requiredItem="mason" craftedItems="station=1" image="station.png" soundPrefix="metal" type="" achievement="持ち場が建てました　！" onComplete="nothing" tooltip="砦作るに使用。"/>
		<item ingrediens="hut=1,wheat field=1" requiredItem="station" craftedItems="governor=1" image="governor.png" soundPrefix="hand" type="villager" achievement="知事が選出されました　！" onComplete="nothing" tooltip="高度なクラフターを訓練するに使用。"/>
		<item ingrediens="nothing=0" requiredItem="iron pick,gold pick,diamond pick" craftedItems="gold ore=1" image="goldOre.png" soundPrefix="metal" type="grind" achievement="nothing" onComplete="nothing" tooltip="金貨を製錬するに使用。"/>
		<item ingrediens="coal=1,gold ore=1" requiredItem="furnace" craftedItems="gold ingot=1" image="goldIngot.png" soundPrefix="metal" type="metal" achievement="金貨製錬されました　！" onComplete="nothing" tooltip="金の道具と鎧を作るに使用。"/>
		<item ingrediens="stick=2,gold ingot=3" requiredItem="crafting table" craftedItems="gold pick=1" image="goldPick.png" soundPrefix="metal" type="metal" achievement="金の道具がクラフトされました　！" onComplete="nothing" tooltip="ダイアモンドを採掘する。"/>
		<item ingrediens="stick=2,gold ingot=1" requiredItem="crafting table" craftedItems="gold shovel=1" image="goldShovel.png" soundPrefix="metal" type="metal" achievement="金の道具がクラフトされました　！" onComplete="nothing" tooltip="土と砂利をシャベルします。"/>
		<item ingrediens="stick=1,gold ingot=2" requiredItem="crafting table" craftedItems="gold sword=1" image="goldSword.png" soundPrefix="metal" type="metal" achievement="金の道具がクラフトされました　！" onComplete="nothing" tooltip="モブを攻撃する。"/>
		<item ingrediens="stick=2,gold ingot=3" requiredItem="crafting table" craftedItems="gold axe=1" image="goldAxe.png" soundPrefix="metal" type="metal" achievement="金の道具がクラフトされました　！" onComplete="nothing" tooltip="木を切る。"/>
		<item ingrediens="stick=2,gold ingot=2" requiredItem="crafting table" craftedItems="gold hoe=1" image="goldHoe.png" soundPrefix="metal" type="metal" achievement="金の道具がクラフトされました　！" onComplete="nothing" tooltip="土を耕します。"/>
		<item ingrediens="cobblestone=45,wood=1,dirt=8,water=1,seeds=1" requiredItem="governor" craftedItems="gold smith=1" image="goldSmith.png" soundPrefix="hand" type="villager" achievement="金細工師が訓練されました　！" onComplete="autocraft gold ingot=.33" tooltip="金の品を作れます。"/>
		<item ingrediens="cobblestone=45,wood=1,dirt=8,water=1,seeds=1" requiredItem="governor" craftedItems="contractor=1" image="contractor.png" soundPrefix="hand" type="villager" achievement="請負業者が雇われました　！" onComplete="nothing" tooltip="住居を作れます。"/>
		<item ingrediens="cobblestone=45,wood=1,dirt=8,water=1,seeds=1" requiredItem="governor" craftedItems="commander=1" image="commander.png" soundPrefix="hand" type="villager" achievement="指揮官は訓練されました　！" onComplete="nothing" tooltip="兵士を作れます。"/>
		<item ingrediens="cobblestone=180,wood=4,dirt=32,water=4,seeds=4" requiredItem="contractor" craftedItems="villager=4" image="villager.png" soundPrefix="hand" type="villager" achievement="村人　！" onComplete="nothing" tooltip="専門化できる。"/>
		<item ingrediens="villager=4,wood=1,gold ingot=8" requiredItem="commander" craftedItems="soldier=4" image="soldier.png" soundPrefix="hand" type="villager" achievement="兵士アップ　！" onComplete="nothing" tooltip="金の兵士を作るに使用。"/>
		<item ingrediens="gold ingot=5" requiredItem="gold smith" craftedItems="gold helmet=1" image="goldHelmet.png" soundPrefix="metal" type="" achievement="金の兜" onComplete="nothing" tooltip="金の兵士を作るのために。"/>
		<item ingrediens="gold ingot=8" requiredItem="gold smith" craftedItems="gold breastplate=1" image="goldBreastplate.png" soundPrefix="metal" type="" achievement="金の胸当て　！" onComplete="nothing" tooltip="金の兵士を作るに必要。"/>
		<item ingrediens="gold ingot=7" requiredItem="gold smith" craftedItems="gold leggings=1" image="goldLeggings.png" soundPrefix="metal" type="" achievement="金のレギンス　！" onComplete="nothing" tooltip="金の兵士を作るに必要。"/>
		<item ingrediens="gold ingot=4" requiredItem="gold smith" craftedItems="gold boots=1" image="goldBoots.png" soundPrefix="metal" type="" achievement="金のブーツ　！" onComplete="nothing" tooltip="金の兵士を作るに必要。"/>
		<item ingrediens="gold helmet=1,gold breastplate=1,gold leggings=1,gold boots=1" requiredItem="nothing" craftedItems="gold armor=1" image="goldArmor.png" soundPrefix="metal" type="" achievement="金の鎧　！" onComplete="nothing" tooltip="金の兵士を作るに必要。"/>
		<item ingrediens="gold armor=1,soldier=1" requiredItem="nothing" craftedItems="gold soldier=1" image="goldSoldier.png" soundPrefix="hand" type="villager" achievement="金の兵士　！" onComplete="nothing" tooltip="騎士訓練するに必要。"/>
		<item ingrediens="cobblestone=25,gold soldier=1" requiredItem="contractor" craftedItems="outer wall=1" image="outerWall.png" soundPrefix="" type="" achievement="nothing" onComplete="nothing" tooltip="城壁を建てるに使用。"/>
		<item ingrediens="outer wall=3" requiredItem="contractor" craftedItems="rampart=1" image="rampart.png" soundPrefix="" type="" achievement="城壁が建てました　！" onComplete="nothing" tooltip="砦を建てるに必要。"/>
		<item ingrediens="station=1,rampart=4" requiredItem="contractor" craftedItems="fort=1" image="fort.png" soundPrefix="" type="" achievement="砦が建てました　！" onComplete="nothing" tooltip="厩舎を建てるに必要。"/>
		<item ingrediens="nothing=0" requiredItem="fort" craftedItems="fort exporter=1" image="fort.png" soundPrefix="" type="" achievement="nothing" onComplete="navigateToUrl 135FhH" tooltip="ダウンロード。"/>
		<item ingrediens="nothing=0" requiredItem="wood sword,stone sword,iron sword,gold sword,diamond sword" craftedItems="wheat=1" image="wheat.png" soundPrefix="whoosh" type="grind" achievement="nothing" onComplete="nothing" tooltip="干し草の俵を作るに使用。"/>
		<item ingrediens="wheat=9" requiredItem="nothing" craftedItems="hay bale=1" image="hayBale.png" soundPrefix="whoosh" type="" achievement="干し草！干し草！干し草　！" onComplete="nothing" tooltip="厩舎と鳥小屋で使用される。"/>
		<item ingrediens="wood=2" requiredItem="carpenter" craftedItems="fence=3" image="fence.png" soundPrefix="wood" type="wood" achievement="フェンシングがクラフトされました　！" onComplete="nothing" tooltip="家畜小屋が作るに使用。"/>
		<item ingrediens="fence=9" requiredItem="carpenter" craftedItems="pen=1" image="pen.png" soundPrefix="wood" type="wood" achievement="家畜小屋が建てました　！" onComplete="nothing" tooltip="屋台を作るに使用。"/>
		<item ingrediens="wood=3" requiredItem="carpenter" craftedItems="truss=1" image="truss.png" soundPrefix="wood" type="wood" achievement="nothing" onComplete="nothing" tooltip="屋台を作るに使用。"/>
		<item ingrediens="truss=4" requiredItem="carpenter" craftedItems="roof=1" image="roof.png" soundPrefix="wood" type="" achievement="屋根が作りました　！" onComplete="nothing" tooltip="屋台を作るに使用。"/>
		<item ingrediens="pen=1,roof=1,hay bale=1" requiredItem="carpenter" craftedItems="stall=1" image="stall.png" soundPrefix="wood" type="" achievement="nothing" onComplete="nothing" tooltip="厩舎を作るに使用。"/>
		<item ingrediens="stall=4" requiredItem="carpenter" craftedItems="stable=1" image="stable.png" soundPrefix="wood" type="" achievement="馬の厩舎が建てました　！" onComplete="nothing" tooltip="馬を安定されるために使用。"/>
		<item ingrediens="cobblestone=45,wood=1,dirt=8,water=1,seeds=1" requiredItem="governor" craftedItems="horse trainer=1" image="horseTrainer.png" soundPrefix="hand" type="villager" achievement="馬の調教師　！" onComplete="nothing" tooltip="馬の調教に使用。"/>
		<item ingrediens="nothing=0" requiredItem="wood sword,stone sword,iron sword,gold sword,diamond sword" craftedItems="slime ball=1" image="slimeBall.png" soundPrefix="hand" type="grind" achievement="nothing" onComplete="nothing" tooltip="鉛を作るに使用。"/>
		<item ingrediens="string=4,slime ball=1" requiredItem="horse trainer" craftedItems="lead=2" image="lead.png" soundPrefix="whoosh" type="" achievement="鉛がクラフトされました　！" onComplete="nothing" tooltip="馬を捕まえるに使用。"/>
		<item ingrediens="iron ingot=1,string=1" requiredItem="blacksmith" craftedItems="stirrup=1" image="stirrup.png" soundPrefix="metal" type="" achievement="帯筋がクラフトされました　！" onComplete="nothing" tooltip="サドルを作るに使用。"/>
		<item ingrediens="stirrup=2,leather=3" requiredItem="leather worker" craftedItems="saddle=1" image="saddle.png" soundPrefix="whoosh" type="" achievement="サドルがクラフトされました　！" onComplete="nothing" tooltip="馬を飼いならすに使用。"/>
		<item ingrediens="nothing=0" requiredItem="lead" craftedItems="horse=1" image="horse.png" soundPrefix="hand" type="grind" achievement="nothing" onComplete="nothing" tooltip="馬を飼いならすために必要。"/>
		<item ingrediens="horse=1,saddle=1" requiredItem="horse trainer" craftedItems="tamed horse=1" image="tamedHorse.png" soundPrefix="" type="" achievement="馬が飼いならされた　！" onComplete="nothing" tooltip="軍馬のために必要。"/>
		<item ingrediens="gold ingot=9" requiredItem="crafting table,gold smith" craftedItems="gold block=1" image="goldBlock.png" soundPrefix="metal" type="" achievement="金ブロックがクラフトされました　！" onComplete="nothing" tooltip="軍馬鎧に必要。"/>
		<item ingrediens="tamed horse=1,gold block=4" requiredItem="gold smith" craftedItems="war horse=1" image="warHorse.png" soundPrefix="" type="" achievement="軍馬が訓練されました　！" onComplete="nothing" tooltip="騎士を訓練するに必要。"/>
		<item ingrediens="gold soldier=1,war horse=1" requiredItem="stable" craftedItems="gold knight=1" image="goldKnight.png" soundPrefix="hand" type="villager" achievement="ゴールド騎士　！" onComplete="nothing" tooltip="城を建てるに使用。"/>
		<item ingrediens="cobblestone=45,wood=1,roof=1" requiredItem="contractor" craftedItems="village building=1" image="villageBuilding.png" soundPrefix="wood" type="" achievement="村の建物　！" onComplete="nothing" tooltip="キープを建てるに使用。"/>
		<item ingrediens="village building=4" requiredItem="contractor" craftedItems="keep=1" image="keep.png" soundPrefix="" type="" achievement="キープが建てました　！" onComplete="nothing" tooltip="城を建てるに使用。"/>
		<item ingrediens="fort=1,keep=1,gold knight=4" requiredItem="contractor" craftedItems="castle=1" image="castle.png" soundPrefix="" type="" achievement="城が建てました　！" onComplete="nothing" tooltip="鳥小屋建てるに必要。"/>
		<item ingrediens="nothing=0" requiredItem="castle" craftedItems="castle exporter=1" image="castle.png" soundPrefix="" type="" achievement="nothing" onComplete="navigateToUrl 135FIn" tooltip="ダウンロード。"/>
		<item ingrediens="wood=1" requiredItem="carpenter" craftedItems="pressure plate=1" image="pressurePlate.png" soundPrefix="wood" type="" achievement="圧力プレートがクラフトされました　！" onComplete="nothing" tooltip="罠を仕掛けるのに必要。"/>
		<item ingrediens="sugar cane=1" requiredItem="crafting table" craftedItems="sugar=1" image="sugar.png" soundPrefix="whoosh" type="" achievement="精糖　！" onComplete="nothing" tooltip="罠を仕掛けるのに必要。"/>
		<item ingrediens="wood=4,pressure plate=1,sugar=1" requiredItem="carpenter" craftedItems="trap=1" image="trap.png" soundPrefix="wood" type="" achievement="罠を仕掛けました　！" onComplete="nothing" tooltip="魔女を捕まえるのに必要。"/>
		<item ingrediens="cobblestone=90,wood=4" requiredItem="contractor" craftedItems="tower=1 " image="tower.png" soundPrefix="metal" type="" achievement="塔が立てました　！" onComplete="nothing" tooltip="教会を建てるのに必要。"/>
		<item ingrediens="village building=2,tower=1,roof=1" requiredItem="contractor" craftedItems="church=1" image="church.png" soundPrefix="metal" type="" achievement="教会が建てました　！" onComplete="nothing" tooltip="祭司を訓練するのに必要。"/>
		<item ingrediens="villager=1,book=1" requiredItem="church" craftedItems="priest=1" image="priest.png" soundPrefix="hand" type="villager" achievement="祭司が訓練されました　！" onComplete="nothing" tooltip="魔女を変えるのに必要。"/>
		<item ingrediens="nothing=0" requiredItem="trap" craftedItems="zombie villager=1" image="zombieVillager.png" soundPrefix="wood" type="grind" achievement="nothing" onComplete="nothing" tooltip="村人になる。"/>
		<item ingrediens="zombie villager=1" requiredItem="priest" craftedItems="villager=1" image="villager.png" soundPrefix="hand" type="villager" achievement="ゾンビの村人になった　！" onComplete="nothing" tooltip="専門化できる。"/>
		<item ingrediens="nothing=0" requiredItem="gold pick,diamond pick" craftedItems="diamond=1" image="diamond.png" soundPrefix="metal" type="grind" achievement="nothing" onComplete="nothing" tooltip="ダイアモンドの道具と品をクラフトするに使用。"/>
		<item ingrediens="wood=2" requiredItem="carpenter" craftedItems="stick=16" image="stick.png" soundPrefix="wood" type="wood" achievement="nothing" onComplete="nothing" tooltip="道具と木製品をクラフトするに使用。"/>
		<item ingrediens="stick=2,diamond=1" requiredItem="crafting table" craftedItems="diamond scepter=1" image="diamondScepter.png" soundPrefix="metal" type="metal" achievement="笏クラフター　！" onComplete="nothing" tooltip="王に抱かれる。"/>
		<item ingrediens="villager=1,diamond scepter=1" requiredItem="castle" craftedItems="king=1" image="king.png" soundPrefix="hand" type="villager" achievement="王が戴冠しました　！" onComplete="nothing" tooltip="都市国家の建設に必要。"/>
		<item ingrediens="villager=1,diamond=1" requiredItem="king" craftedItems="diamond smith=1" image="diamondSmith.png" soundPrefix="hand" type="villager" achievement="nothing" onComplete="nothing" tooltip="ダイアモンドの鎧を作るに必要。"/>
		<item ingrediens="stick=2,diamond=3" requiredItem="crafting table" craftedItems="diamond pick=1" image="diamondPick.png" soundPrefix="metal" type="metal" achievement="ダイアモンドの道具がクラフトされました　！" onComplete="nothing" tooltip="より速く採掘する。"/>
		<item ingrediens="stick=2,diamond=1" requiredItem="crafting table" craftedItems="diamond shovel=1" image="diamondShovel.png" soundPrefix="metal" type="metal" achievement="ダイアモンドの道具がクラフトされました　！" onComplete="nothing" tooltip="土と砂利をシャベルします。"/>
		<item ingrediens="stick=1,diamond=2" requiredItem="crafting table" craftedItems="diamond sword=1" image="diamondSword.png" soundPrefix="metal" type="metal" achievement="ダイアモンドの道具がクラフトされました　！" onComplete="nothing" tooltip="モブを攻撃する。"/>
		<item ingrediens="stick=2,diamond=3" requiredItem="crafting table" craftedItems="diamond axe=1" image="diamondAxe.png" soundPrefix="metal" type="metal" achievement="ダイアモンドの道具がクラフトされました　！" onComplete="nothing" tooltip="木を切る。"/>
		<item ingrediens="stick=2,diamond=2" requiredItem="crafting table" craftedItems="diamond hoe=1" image="diamondHoe.png" soundPrefix="metal" type="metal" achievement="ダイアモンドの道具がクラフトされました　！" onComplete="nothing" tooltip="土を耕します。"/>
		<item ingrediens="diamond=24" requiredItem="diamond smith" craftedItems="diamond armor=1" image="diamondArmor.png" soundPrefix="metal" type="" achievement="ダイアモンドの鎧　！" onComplete="nothing" tooltip="ダイアモンドの兵士を作るために必要。"/>
		<item ingrediens="diamond armor=1,villager=1" requiredItem="king" craftedItems="diamond soldier=1" image="diamondSoldier.png" soundPrefix="metal" type="villager" achievement="ダイアモンドの兵士　！" onComplete="nothing" tooltip="空飛ぶ騎士を訓練するに使用。"/>
		<item ingrediens="hay bale=8" requiredItem="nothing" craftedItems="nest=1" image="nest.png" soundPrefix="" type="" achievement="nothing" onComplete="nothing" tooltip="鳥小屋を建てるに必要。"/>
		<item ingrediens="tower=1,nest=1" requiredItem="castle" craftedItems="roost=1" image="roost.png" soundPrefix="" type="" achievement="ねぐらが建てました　！" onComplete="nothing" tooltip="鳥小屋を建てるに必要。"/>
		<item ingrediens="roost=4" requiredItem="castle" craftedItems="aviary=1" image="aviary.png" soundPrefix="" type="" achievement="鳥小屋が建てました　！" onComplete="nothing" tooltip="空飛ぶ騎士を訓練するに使用。"/>
		<item ingrediens="nothing=0" requiredItem="trap" craftedItems="witch=1" image="witch.png" soundPrefix="wood" type="grind" achievement="nothing" onComplete="nothing" tooltip="魔法使いになる。"/>
		<item ingrediens="witch=1" requiredItem="nothing" craftedItems="redstone=1" image="redstone.png" soundPrefix="hand" type="" achievement="ディンドン　！" onComplete="nothing" tooltip="コンパス作るに必要。"/>
		<item ingrediens="witch=1" requiredItem="priest" craftedItems="wizard=1" image="wizard.png" soundPrefix="hand" type="villager" achievement="魔法使いになった　！" onComplete="nothing" tooltip="空飛ぶ馬を作成するに必要。"/>
		<item ingrediens="horse=1,feather=6" requiredItem="wizard" craftedItems="flying horse=1" image="flyingHorse.png" soundPrefix="" type="" achievement="馬の羽　！" onComplete="nothing" tooltip="空飛ぶ騎士のために必要。"/>
		<item ingrediens="flying horse=1,saddle=1" requiredItem="aviary" craftedItems="tamed flying horse=1" image="tamedFlyingHorse.png" soundPrefix="" type="" achievement="nothing" onComplete="nothing" tooltip="空飛ぶ騎士を訓練するに使用。"/>
		<item ingrediens="diamond=9" requiredItem="crafting table" craftedItems="diamond block=1" image="diamondBlock.png" soundPrefix="metal" type="" achievement="ダイアモンドブロック　！" onComplete="nothing" tooltip="空飛ぶ馬の鎧を作成するに必要。"/>
		<item ingrediens="tamed flying horse=1,diamond block=4" requiredItem="diamond smith" craftedItems="flying war horse=1" image="flyingWarHorse.png" soundPrefix="" type="" achievement="空飛ぶ軍馬　！" onComplete="nothing" tooltip="空飛ぶ騎士を訓練するに使用。"/>
		<item ingrediens="diamond soldier=1,flying war horse=1" requiredItem="nothing" craftedItems="flying knight=1" image="flyingKnight.png" soundPrefix="hand" type="villager" achievement="空飛ぶ騎士　！" onComplete="nothing" tooltip="都市国家の建設に必要。"/>
		<item ingrediens="flying knight=4" requiredItem="castle" craftedItems="city state=1" image="cityState.png" soundPrefix="" type="" achievement="都市国家　！" onComplete="nothing" tooltip="造船所を建てるに必要。"/>
		<item ingrediens="nothing=0" requiredItem="city state" craftedItems="city state exporter=1" image="cityState.png" soundPrefix="" type="" achievement="nothing" onComplete="navigateToUrl 135FZo" tooltip="ダウンロード。"/>
		<item ingrediens="redstone=1,iron ingot=4" requiredItem="crafting table" craftedItems="compass=1" image="compass.png" soundPrefix="metal" type="" achievement="コンパスがクラフトされました　！" onComplete="nothing" tooltip="地図をクラフトするに必要。"/>
		<item ingrediens="sugar cane=4" requiredItem="crafting table" craftedItems="paper=4" image="paper.png" soundPrefix="whoosh" type="" achievement="紙パルプ　！" onComplete="nothing" tooltip="地図をクラフトするに使用。"/>
		<item ingrediens="compass=1,paper=32" requiredItem="crafting table" craftedItems="map=1" image="map.png" soundPrefix="whoosh" type="" achievement="地図がクラフトされました　！" onComplete="mapActive" tooltip="世界を旅するために必要。"/>
		<item ingrediens="dirt=216" requiredItem="nothing" craftedItems="fill dirt=1" image="fillDirt.png" soundPrefix="whoosh" type="" achievement="埋め立て土捨てた　！" onComplete="nothing" tooltip="護岸を建てるに必要。"/>
		<item ingrediens="fill dirt=4" requiredItem="nothing" craftedItems="sea wall=1" image="seaWall.png" soundPrefix="whoosh" type="" achievement="護岸が建てました　！" onComplete="nothing" tooltip="埠頭を建てるに必要。"/>
		<item ingrediens="wood=1" requiredItem="carpenter" craftedItems="wood slab=6" image="woodSlab.png" soundPrefix="wood" type="wood" achievement="nothing" onComplete="nothing" tooltip="甲板を建てるに必要。"/>
		<item ingrediens="wood slab=9" requiredItem="nothing" craftedItems="deck=1" image="deck.png" soundPrefix="wood" type="wood" achievement="甲板が建てました　！" onComplete="nothing" tooltip="橋脚と船を作るに必要。"/>
		<item ingrediens="wood=4" requiredItem="carpenter" craftedItems="fence=6" image="fence.png" soundPrefix="wood" type="wood" achievement="フェンシングがクラフトされました　！" onComplete="nothing" tooltip="家畜小屋が作るに使用。"/>
		<item ingrediens="deck=1,fence=4" requiredItem="nothing" craftedItems="raised deck=1" image="raisedDeck.png" soundPrefix="wood" type="wood" achievement="nothing" onComplete="nothing" tooltip="埠頭を建てるに必要。"/>
		<item ingrediens="sea wall=1,raised deck=3" requiredItem="nothing" craftedItems="warf=1" image="warf.png" soundPrefix="wood" type="wood" achievement="埠頭が建てました　！" onComplete="nothing" tooltip="船着き場を建てるに必要。"/>
		<item ingrediens="fence=3" requiredItem="nothing" craftedItems="post=1" image="post.png" soundPrefix="wood" type="wood" achievement="nothing" onComplete="nothing" tooltip="乗降場を建てるに必要。"/>
		<item ingrediens="deck=1,post=4" requiredItem="nothing" craftedItems="platform=1" image="platform.png" soundPrefix="wood" type="wood" achievement="nothing" onComplete="nothing" tooltip="橋脚を建てるに必要。"/>
		<item ingrediens="platform=3" requiredItem="nothing" craftedItems="pier=1" image="pier.png" soundPrefix="wood" type="wood" achievement="橋脚が建てました　！" onComplete="nothing" tooltip="船着き場を建てるに必要。"/>
		<item ingrediens="warf=1,pier=1" requiredItem="nothing" craftedItems="dock=1" image="dock.png" soundPrefix="wood" type="wood" achievement="船着き場が建てました　！" onComplete="nothing" tooltip="造船所を建てるに必要。"/>
		<item ingrediens="dock=3,village building=2" requiredItem="city state" craftedItems="shipyard=1" image="shipyard.png" soundPrefix="wood" type="wood" achievement="造船所が建てました　！" onComplete="nothing" tooltip="船を作るに必要。"/>
		<item ingrediens="wood=6" requiredItem="shipyard" craftedItems="stairs=16" image="stairs.png" soundPrefix="wood" type="wood" achievement="階段が作りました　！" onComplete="nothing" tooltip="屋根を作るに使用。"/>
		<item ingrediens="stairs=6" requiredItem="shipyard" craftedItems="rib=1" image="rib.png" soundPrefix="wood" type="wood" achievement="nothing" onComplete="nothing" tooltip="ボートシェルを作るに必要。"/>
		<item ingrediens="wood=4" requiredItem="shipyard" craftedItems="log=1" image="log.png" soundPrefix="wood" type="wood" achievement="nothing" onComplete="nothing" tooltip="ボートシェルとマストを作るに必要。"/>
		<item ingrediens="rib=6,log=1" requiredItem="shipyard" craftedItems="shell=1" image="shell.png" soundPrefix="wood" type="wood" achievement="ボートシェルが作りました　！" onComplete="nothing" tooltip="船体を作るに必要。"/>
		<item ingrediens="shell=1,stairs=5" requiredItem="shipyard" craftedItems="ship bow=1" image="shipBow.png" soundPrefix="wood" type="wood" achievement="nothing" onComplete="nothing" tooltip="船体を作るに必要。"/>
		<item ingrediens="shell=1,stairs=4,planks=1" requiredItem="shipyard" craftedItems="stern=1" image="stern.png" soundPrefix="wood" type="wood" achievement="nothing" onComplete="nothing" tooltip="船体を作るに必要。"/>
		<item ingrediens="ship bow=1,stern=1" requiredItem="shipyard" craftedItems="hull=1" image="hull.png" soundPrefix="wood" type="wood" achievement="船体が作りました　！" onComplete="nothing" tooltip="はしけを作るに必要。"/>
		<item ingrediens="wood=1" requiredItem="shipyard" craftedItems="planks=4" image="planks.png" soundPrefix="wood" type="wood" achievement="nothing" onComplete="nothing" tooltip="道具と木製品をクラフトするに使用。"/>
		<item ingrediens="planks=24,deck=1" requiredItem="shipyard" craftedItems="forecastle=1" image="forecastle.png" soundPrefix="wood" type="wood" achievement="nothing" onComplete="nothing" tooltip="デッキハウスを作るに必要。"/>
		<item ingrediens="wood=3" requiredItem="shipyard" craftedItems="cabin truss=1" image="truss.png" soundPrefix="wood" type="wood" achievement="nothing" onComplete="nothing" tooltip="小屋を作りに使用。"/>
		<item ingrediens="cabin truss=6" requiredItem="shipyard" craftedItems="cabin roof=1" image="roof.png" soundPrefix="wood" type="" achievement="屋根が作りました　！" onComplete="nothing" tooltip="小屋を作りに使用。"/>
		<item ingrediens="wood=1" requiredItem="shipyard" craftedItems="cabin door=1" image="door.png" soundPrefix="wood" type="wood" achievement="nothing" onComplete="nothing" tooltip="小屋を作りに使用。"/>
		<item ingrediens="planks=45,cabin roof=1,cabin door=1" requiredItem="shipyard" craftedItems="cabin=1" image="cabin.png" soundPrefix="wood" type="wood" achievement="nothing" onComplete="nothing" tooltip="デッキハウスを作るに必要。"/>
		<item ingrediens="forecastle=1,cabin=1,deck=1" requiredItem="shipyard" craftedItems="deckhouse=1" image="deckhouse.png" soundPrefix="wood" type="wood" achievement="nothing" onComplete="nothing" tooltip="はしけを作るに必要。"/>
		<item ingrediens="hull=1,deckhouse=1" requiredItem="shipyard" craftedItems="barge=1" image="barge.png" soundPrefix="wood" type="wood" achievement="はしけが作りました　！" onComplete="nothing" tooltip="船を作るに必要。"/>
		<item ingrediens="wool=6,log=1" requiredItem="shipyard" craftedItems="upper sail=1" image="upperSail.png" soundPrefix="wood" type="wood" achievement="航海が作りました　！" onComplete="nothing" tooltip="マストを作るに必要。"/>
		<item ingrediens="wool=28,log=2" requiredItem="shipyard" craftedItems="main sail=1" image="mainSail.png" soundPrefix="wood" type="wood" achievement="航海が作りました　！" onComplete="nothing" tooltip="マストを作るに必要。."/>
		<item ingrediens="log=4,upper sail=1,main sail=1" requiredItem="shipyard" craftedItems="mast=1" image="mast.png" soundPrefix="wood" type="wood" achievement="マストが作りました　！" onComplete="nothing" tooltip="船を作るに必要。"/>
		<item ingrediens="planks=12,deck=1" requiredItem="shipyard" craftedItems="lookout=1" image="lookout.png" soundPrefix="wood" type="wood" achievement="nothing" onComplete="nothing" tooltip="船を作るに必要。"/>
		<item ingrediens="barge=1,mast=1,lookout=1" requiredItem="shipyard" craftedItems="ship=1" image="ship.png" soundPrefix="wood" type="wood" achievement="船が作りました　！" onComplete="nothing" tooltip="フローティラを作るに必要。"/>
		<item ingrediens="ship=3" requiredItem="map" craftedItems="port=1" image="port.png" soundPrefix="wood" type="wood" achievement="ポートが確立されました　！" onComplete="markMap Trading Post-966-426,beatLocation" tooltip="グラインドクラフティアを航海するに必要。"/>
		<item ingrediens="nothing=0" requiredItem="port" craftedItems="port exporter=1" image="port.png" soundPrefix="" type="" achievement="nothing" onComplete="navigateToUrl 1ABDd8" tooltip="ダウンロード。"/>
		</crafters>
	
	<grinds>
		<item name="hand" img="hand.png" drops="hand=1" dependency="none" timeToBreak="" achievement=""></item>
		<item name="wood" img="wood.png" drops="wood=1" dependency="hand,wood axe,stone axe,woodsman,iron axe,gold axe,diamond axe" timeToBreak="3,1.5,0.75,0.74,0.5,0.375,0.1875" achievement="木が殴った！"></item>
		<item name="grass" img="grass.png" drops="seeds=1" dependency="wood sword,stone sword,woodsman,iron sword,gold sword,diamond sword" timeToBreak=".5,.4,.3,.2,.1,.05" achievement="草がうつした！"></item>
		<item name="dirt" img="dirt.png" drops="dirt=1" dependency="wood shovel,stone shovel,woodsman,iron shovel,gold shovel,diamond shovel" timeToBreak="0.375,0.1875,0.1874,0.125,0.0938,0.06" achievement=""></item>
		<item name="water" img="water.png" drops="water=1" dependency="bucket,woodsman" timeToBreak="0.125,0.1875" achievement=""></item>
		<item name="lava" img="lava.png" drops="lava=1" dependency="bucket,miner" timeToBreak="0.05,0.05" achievement=""></item>
		<item name="gravel" img="gravel.png" drops="flint=.1" dependency="wood shovel,stone shovel,miner,iron shovel,gold shovel,diamond shovel" timeToBreak="0.45,0.225,0.224,0.15,0.1125,0.08" achievement=""></item>
		<item name="stone" img="stone.png" drops="cobblestone=1" dependency="wood pick,stone pick,miner,iron pick,gold pick,diamond pick" timeToBreak="1.125,0.5625,0.5624,0.375,0.2813,0.19" achievement="石が生まれた！"></item>
		<item name="coal ore" img="coalOre.png" drops="coal=1" dependency="wood pick,stone pick,miner,iron pick,gold pick,diamond pick" timeToBreak="2.25,1.125,1.124,0.75,0.5625,0.25" achievement="炭鉱で働いていた！！"></item>
		<item name="iron ore" img="ironOre.png" drops="iron ore=1" dependency="stone pick,miner,iron pick,gold pick,diamond pick" timeToBreak="1.25,1.24,1.125,0.75,0.4" achievement=""></item>
		<item name="gold ore" img="goldOre.png" drops="gold ore=1" dependency="iron pick,miner,gold pick,diamond pick" timeToBreak="1.25,1.8,0.75,0.5" achievement="ゴールド　！"></item>
		<item name="diamond ore" img="diamondOre.png" drops="diamond=1" dependency="gold pick,miner,diamond pick" timeToBreak="0.75,1.8,0.5" achievement=""></item>
		<item name="sugar cane" img="sugarCane.png" drops="sugar cane=1" dependency="wood sword,stone sword,gardener,iron sword,gold sword,diamond sword" timeToBreak="0.38,0.36,0.34,0.3,0.25,0.19" achievement=""></item>
		<item name="wheat" img="wheat.png" drops="wheat=.66,seeds=.33" dependency="wood sword,stone sword,gardener,iron sword,gold sword,diamond sword" timeToBreak="0.38,0.36,0.34,0.3,0.25,0.19" achievement=""></item>
		<item name="zombie" img="zombie.png" drops="nothing=0" dependency="wood sword,stone sword,hunter,iron sword,gold sword,diamond sword" timeToBreak="2.5,2.49,2.48,2.08,1.79,1" achievement=""></item>
		<item name="skeleton" img="skeleton.png" drops="arrow=0.5" dependency="wood sword,stone sword,hunter,iron sword,gold sword,diamond sword" timeToBreak="2.2,2.19,2.18,1.83,1.57,1" achievement=""></item>
		<item name="witch" img="witch.png" drops="witch=4" dependency="trap" timeToBreak="3" achievement=""></item>
		<item name="zombie villager" img="zombieVillager.png" drops="zombie villager=4" dependency="trap" timeToBreak="1.67" achievement=""></item>
		<item name="spider" img="spider.png" drops="string=0.5" dependency="wood sword,stone sword,hunter,iron sword,gold sword,diamond sword" timeToBreak="1.8,1.79,1.78,1.5,1.29,1" achievement=""></item>
		<item name="slime" img="slime.png" drops="slime ball=0.5" dependency="wood sword,stone sword,hunter,butcher,iron sword,gold sword,diamond sword" timeToBreak="1,0.99,0.98,0.97,0.83,0.714,0.638" achievement=""></item>
		<item name="chicken" img="chicken.png" drops="feather=0.5" dependency="wood sword,stone sword,hunter,butcher,iron sword,gold sword,diamond sword" timeToBreak="0.4,.39,.38,.37,.33,.286,.26" achievement=""></item>
		<item name="cow" img="cow.png" drops="leather=2" dependency="wood sword,stone sword,hunter,butcher,iron sword,gold sword,diamond sword" timeToBreak="1,.99,.98,.97,.83,.714,.638" achievement=""></item>
		<item name="pig" img="pig.png" drops="nothing=0" dependency="wood sword,stone sword,hunter,butcher,iron sword,gold sword,diamond sword" timeToBreak="1,.99,.98,.97,.83,.714,.638" achievement=""></item>
		<item name="sheep" img="sheep.png" drops="wool=0.5" dependency="wood sword,stone sword,hunter,butcher,iron sword,gold sword,diamond sword" timeToBreak=".8,.79,.78,.77,.667,.57,.5" achievement=""></item>
		<item name="horse" img="horse.png" drops="horse=1" dependency="lead" timeToBreak="1" achievement=""></item>
	</grinds>
	
	<grinders>
		<item name="overworld" generates="wood,grass,dirt,water" occurance="29,4,65,4" img="overworld.png" maxIncrease="0"></item>
		<item name="mine" generates="stone,gravel,coal ore,iron ore,gold ore,diamond ore,lava" occurance="100,10,14,4,3,1,5" img="mine.png" maxIncrease="0"></item>
		<item name="food" generates="nothing,sugar cane,wheat" occurance="remainder,2,2" img="food.png" maxIncrease="0"></item>
		<item name="mobs" generates="nothing,chicken,cow,pig,sheep,horse,zombie,skeleton,witch,zombie villager,spider,slime" occurance="remainder,1.75,3,1.75,1.75,1.75,1.75,1.75,1.75,1.75,1.75,0.5" img="mobs.png" maxIncrease="0"></item>
	</grinders>
		
	
	
</data>