<?xml version="1.0" encoding="utf-8" ?>
<data>
	
	<crafters>
		<item ingrediens="nothing=0" requiredItem="wood axe,stone axe,iron axe,gold axe,diamond axe" craftedItems="wood=1" image="wood.png" soundPrefix="wood" type="grind" achievement="nothing" onComplete="nothing" tooltip="Ginagamit upang makagawa ng mga paleta."/>
		<item ingrediens="stick=2,planks=3" requiredItem="crafting table" craftedItems="wood pick=1" image="woodPick.png" soundPrefix="wood" type="" achievement="Nagawa na ang kasangkapang kahoy !" onComplete="nothing" tooltip=" Nagmimina ng bato at karbon."/>
		<item ingrediens="stick=2,planks=1" requiredItem="crafting table" craftedItems="wood shovel=1" image="woodShovel.png" soundPrefix="wood" type="" achievement="Nagawa na ang kasangkapang kahoy !" onComplete="nothing" tooltip="Palahin ang dumi at graba."/>
		<item ingrediens="stick=1,planks=2" requiredItem="crafting table" craftedItems="wood sword=1" image="woodSword.png" soundPrefix="wood" type="" achievement="Nagawa na ang kasangkapang kahoy !" onComplete="nothing" tooltip=" Inaatake ang mga mobs."/>
		<item ingrediens="stick=2,planks=3" requiredItem="crafting table" craftedItems="wood axe=1" image="woodAxe.png" soundPrefix="wood" type="" achievement="Nagawa na ang kasangkapang kahoy !" onComplete="nothing" tooltip=" Nagpuputol ng kahoy."/>
		<item ingrediens="stick=2,planks=2" requiredItem="crafting table" craftedItems="wood hoe=1" image="woodHoe.png" soundPrefix="wood" type="" achievement="Nagawa na ang kasangkapang kahoy !" onComplete="nothing" tooltip=" Nagbubungkal ng lupa."/>
		<item ingrediens="nothing=0" requiredItem="wood pick,stone pick,iron pick,gold pick,diamond pick" craftedItems="cobblestone=1" image="cobblestone.png" soundPrefix="metal" type="grind" achievement="nothing" onComplete="nothing" tooltip="Ginagamit sa paggawa ng mga gusali."/>
		<item ingrediens="stick=2,cobblestone=1" requiredItem="crafting table" craftedItems="stone shovel=1" image="stoneShovel.png" soundPrefix="metal" type="stone" achievement="Nagawa na ang kasangkapang bato !" onComplete="nothing" tooltip="Palahin ang dumi at graba."/>
		<item ingrediens="stick=1,cobblestone=2" requiredItem="crafting table" craftedItems="stone sword=1" image="stoneSword.png" soundPrefix="metal" type="stone" achievement="Nagawa na ang kasangkapang bato !" onComplete="nothing" tooltip=" Inaatake ang mga mobs."/>
		<item ingrediens="stick=2,cobblestone=3" requiredItem="crafting table" craftedItems="stone axe=1" image="stoneAxe.png" soundPrefix="metal" type="stone" achievement="Nagawa na ang kasangkapang bato !" onComplete="nothing" tooltip=" Nagpuputol ng kahoy."/>
		<item ingrediens="stick=2,cobblestone=2" requiredItem="crafting table" craftedItems="stone hoe=1" image="stoneHoe.png" soundPrefix="metal" type="stone" achievement="Nagawa na ang kasangkapang bato !" onComplete="nothing" tooltip="I-equip ang mga gardeners."/>
		<item ingrediens="stick=2,cobblestone=3" requiredItem="crafting table" craftedItems="stone pick=1" image="stonePick.png" soundPrefix="metal" type="stone" achievement="Nagawa na ang kasangkapang bato !" onComplete="nothing" tooltip="Magmina ng iron ore."/>
		<item ingrediens="cobblestone=8" requiredItem="crafting table" craftedItems="furnace=1" image="furnace.png" soundPrefix="" type="" achievement="Nagawa na ang Hurno !" onComplete="nothing" tooltip=" Kinakailangan upang matunaw ang bakal at ginto."/>
		<item ingrediens="iron ingot=3" requiredItem="crafting table" craftedItems="bucket=1" image="bucket.png" soundPrefix="metal" type="" achievement="Nagawa na ang Timba !" onComplete="nothing" tooltip=" Kinakailangan upang makuha ang tubig at lava !"/>
		<item ingrediens="nothing=0" requiredItem="wood pick,stone pick,iron pick,gold pick,diamond pick" craftedItems="coal=1" image="coal.png" soundPrefix="metal" type="grind" achievement="nothing" onComplete="nothing" tooltip="Ginagamit sa pagtunaw ng mga ingots."/>
		<item ingrediens="nothing=0" requiredItem="stone pick,iron pick,gold pick,diamond pick" craftedItems="iron ore=1" image="ironOre.png" soundPrefix="metal" type="grind" achievement="nothing" onComplete="nothing" tooltip=" Ginagamit sa pagtunaw ng mga iron ingots."/>
		<item ingrediens="coal=1,iron ore=1" requiredItem="furnace" craftedItems="iron ingot=1" image="ironIngot.png" soundPrefix="metal" type="metal" achievement="Natunaw na ang Iron ingot !" onComplete="nothing" tooltip=" Ginagamit sa pag-craft ng mga kasangkapang bakal at baluti."/>
		<item ingrediens="nothing=0" requiredItem="wood shovel,stone shovel,iron shovel,gold shovel,diamond shovel" craftedItems="dirt=1" image="dirt.png" soundPrefix="dirt" type="grind" achievement="nothing" onComplete="nothing" tooltip=" Ginagamit sa paglikha ng lupa."/>
		<item ingrediens="dirt=1" requiredItem="wood hoe,stone hoe,iron hoe,gold hoe,diamond hoe" craftedItems="soil=1" image="soil.png" soundPrefix="dirt" type="farm" achievement="nothing" onComplete="nothing" tooltip="Ginagamit sa paglikha ng bukid na mapagtataniman."/>
		<item ingrediens="nothing=0" requiredItem="bucket" craftedItems="water=1" image="water.png" soundPrefix="wood" type="grind" achievement="nothing" onComplete="nothing" tooltip=" Ginagamit sa paglikha ng hardin."/>
		<item ingrediens="soil=8,water=1" requiredItem="nothing" craftedItems="plot=1" image="plot.png" soundPrefix="dirt" type="farm" achievement="nothing" onComplete="nothing" tooltip=" Kinakailangan upang mapalago ang pagkain."/>
		<item ingrediens="nothing=0" requiredItem="wood sword,stone sword,iron sword,gold sword,diamond sword" craftedItems="seeds=1" image="seeds.png" soundPrefix="whoosh" type="grind" achievement="nothing" onComplete="nothing" tooltip=" Ginagamit sa paglikha ng hardin."/>
		<item ingrediens="plot=1,seeds=1" requiredItem="nothing" craftedItems="wheat field=1" image="wheatField.png" soundPrefix="dirt" type="farm" achievement="Nataniman na ang Hardin !" onComplete="increase wheat" tooltip=" Kinakailangan upang makalikha ng mga villager."/>
		<item ingrediens="wood=1" requiredItem="nothing" craftedItems="planks=4" image="planks.png" soundPrefix="wood" type="wood" achievement="nothing" onComplete="nothing" tooltip=" Ginagamit sa paggawa ng mga kasangkapan at mga bagay na gawa sa kahoy."/>
		<item ingrediens="planks=4" requiredItem="nothing" craftedItems="crafting table=1" image="craftingTable.png" soundPrefix="wood" type="" achievement="Nagawa na ang Crafting Table !" onComplete="nothing" tooltip=" Kinakailangan sa paggawa ng mga item."/>
		<item ingrediens="planks=2" requiredItem="nothing" craftedItems="stick=4" image="stick.png" soundPrefix="wood" type="wood" achievement="nothing" onComplete="nothing" tooltip=" Ginagamit sa paggawa ng mga kasangkapan at mga bagay na gawa sa kahoy."/>
		<item ingrediens="planks=4" requiredItem="crafting table" craftedItems="door=1" image="door.png" soundPrefix="wood" type="wood" achievement="nothing" onComplete="nothing" tooltip=" Ginagamit sa mga dingding upang makapagpatayo ng mga tirahan."/>
		<item ingrediens="cobblestone=9" requiredItem="nothing" craftedItems="wall=1" image="wall.png" soundPrefix="" type="stone" achievement="Nagawa na ang pader !" onComplete="nothing" tooltip=" Ginagamit sa mga pintuan sa pagtatayo ng mga tirahan."/>
		<item ingrediens="wall=5,door=1" requiredItem="nothing" craftedItems="hut=1" image="hut.png" soundPrefix="" type="stone" achievement=" Hut ! Hut ! Hut !" onComplete="nothing" tooltip=" Ginagagmit upang makalikha ng mga villager at mga istruktura."/>
		<item ingrediens="hut=1,wheat field=1" requiredItem="nothing" craftedItems="villager=1" image="villager.png" soundPrefix="hand" type="villager" achievement="Taga-nayon !" onComplete="nothing" tooltip=" Maaaring magpakadalubhasa."/>
		<item ingrediens="villager=1,stone axe=1" requiredItem="nothing" craftedItems="woodsman=1" image="woodsman.png" soundPrefix="hand" type="villager" achievement="Magtotroso !" onComplete="automate overworld,increase wood,increase grass,increase water" tooltip=" Nag-o-automate ng overworld grinder. Pinaparami ang kahoy, damo, at tubig."/>
		<item ingrediens="villager=1,stone pick=1" requiredItem="nothing" craftedItems="miner=1" image="miner.png" soundPrefix="hand" type="villager" achievement="Minero !" onComplete="automate mine,increase coal ore,increase iron ore,increase gold ore,increase diamond ore" tooltip=""/>
		<item ingrediens="villager=1,stone hoe=1" requiredItem="nothing" craftedItems="gardener=1" image="gardener.png" soundPrefix="hand" type="villager" achievement="Hardinero !" onComplete="automate food" tooltip=" Nag-automate ng gilingan ng pagkain."/>
		<item ingrediens="villager=1,stone sword=1" requiredItem="nothing" craftedItems="hunter=1" image="hunter.png" soundPrefix="hand" type="villager" achievement="Mangangaso !" onComplete="automate mobs,increase chicken,increase cow,increase sheep,increase horse,increase skeleton,increase witch,increase zombie villager,increase spider,increase slime" tooltip=" Nag-automate ng mob grinder. Nagpaparami ng mobs. "/>
		<item ingrediens="planks=4,stick=2" requiredItem="crafting table" craftedItems="fence=3" image="fence.png" soundPrefix="wood" type="wood" achievement="Nagawa na ang Pagbabakod !" onComplete="nothing" tooltip="Ginagamit upang gumawa ng mga pens."/>
		<item ingrediens="fence=9" requiredItem="crafting table" craftedItems="pen=1" image="pen.png" soundPrefix="wood" type="wood" achievement="Nagawa na ang Kural" onComplete="nothing" tooltip=" Kinakailangang gawing mga tagakatay ang mga taganayon."/>
		<item ingrediens="hunter=1,pen=1" requiredItem="nothing" craftedItems="butcher=1" image="butcher.png" soundPrefix="hand" type="villager" achievement="Magkakatay ng karne !" onComplete="increase chicken,increase cow,increase sheep,increase horse" tooltip="Pinaparami ang mga hayop."/>
		<item ingrediens="planks=6" requiredItem="crafting table" craftedItems="stairs=4" image="stairs.png" soundPrefix="wood" type="wood" achievement="Nagawa na ang Hagdan !" onComplete="nothing" tooltip="Ginagamit upang itayo ang mga bubong."/>
		<item ingrediens="stairs=3" requiredItem="nothing" craftedItems="rafter=1" image="rafter.png" soundPrefix="wood" type="wood" achievement="Nagawa na ang Rafter !" onComplete="nothing" tooltip="Ginagamit upang itayo ang mga bubong."/>
		<item ingrediens="rafter=2" requiredItem="nothing" craftedItems="truss=1" image="truss.png" soundPrefix="wood" type="wood" achievement="nothing" onComplete="nothing" tooltip="Ginagamit upang itayo ang mga bubong."/>
		<item ingrediens="truss=4" requiredItem="nothing" craftedItems="roof=1" image="roof.png" soundPrefix="wood" type="wood" achievement="Nagawa na ang Bubong !" onComplete="nothing" tooltip="Ginagamit upang gumawa ng mga gusali ng nayon."/>
		<item ingrediens="roof=1,hut=1" requiredItem="nothing" craftedItems="village building=1" image="villageBuilding.png" soundPrefix="" type="" achievement="Gusali ng nayon !" onComplete="nothing" tooltip="Ginagamit upang gumawa ng mga gusali ng nayon."/>
		<item ingrediens="plot=1,sugar cane=1" requiredItem="nothing" craftedItems="sugar cane field=1" image="sugarCaneField.png" soundPrefix="dirt" type="farm" achievement="Sugar caned !" onComplete="increase sugar cane" tooltip="Dinadagdagan ang sugar cane."/>
		<item ingrediens="nothing=0" requiredItem="wood sword,stone sword,iron sword,gold sword,diamond sword" craftedItems="sugar cane=1" image="sugarCane.png" soundPrefix="whoosh" type="grind" achievement="nothing" onComplete="nothing" tooltip="Ginagamit upang gumawa ng asukal at papel."/>
		<item ingrediens="sugar cane=3" requiredItem="crafting table" craftedItems="paper=3" image="paper.png" soundPrefix="whoosh" type="" achievement="Na-pulp na Papel !" onComplete="nothing" tooltip="Ginagamit upang gumawa ng mga libro."/>
		<item ingrediens="paper=3,leather=1" requiredItem="crafting table" craftedItems="book=1" image="book.png" soundPrefix="whoosh" type="" achievement="Bound na ang Libro !" onComplete="nothing" tooltip="Ginagamit upang gumawa ng aparador ng mga libro."/>
		<item ingrediens="planks=6,book=3" requiredItem="crafting table" craftedItems="bookshelf=1" image="bookshelf.png" soundPrefix="wood" type="" achievement="Nagawa na ang Bookshelf !" onComplete="nothing" tooltip="Ginagamit upang gumawa ng aparador ng mga libro."/>
		<item ingrediens="bookshelf=4" requiredItem="nothing" craftedItems="bookcase=1" image="bookcase.png" soundPrefix="wood" type="" achievement="nothing" onComplete="nothing" tooltip="Ginagamit upang itayo ang mga silid-aklatan."/>
		<item ingrediens="village building=2,bookcase=2" requiredItem="nothing" craftedItems="library=1" image="library.png" soundPrefix="metal" type="" achievement="nothing" onComplete="nothing" tooltip="Ginagamit upang sanayin ang mga taga-nayon sa pag-craft."/>
		<item ingrediens="villager=1,crafting table=1" requiredItem="library" craftedItems="crafter=1" image="crafter.png" soundPrefix="hand" type="villager" achievement="Natapos na ang Crafter !" onComplete="nothing" tooltip=" Maaaring magpakadalubhasa."/>
		<item ingrediens="crafter=1,stone pick=1" requiredItem="nothing" craftedItems="mason=1" image="mason.png" soundPrefix="hand" type="villager" achievement="Sinanay na Mason !" onComplete="nothing" tooltip=" Maaaring magtayo ng mga advanced na istraktura"/>
		<item ingrediens="nothing=0" requiredItem="bucket" craftedItems="lava=1" image="lava.png" soundPrefix="wood" type="grind" achievement="nothing" onComplete="nothing" tooltip="Ginagamit upang gumawa ng lava pool."/>
		<item ingrediens="cobblestone=12,lava=4" requiredItem="mason" craftedItems="lava pool=1" image="lavaPool.png" soundPrefix="" type="" achievement="Lava pool !" onComplete="nothing" tooltip="Ginagamit upang magtayo ng pandayan."/>
		<item ingrediens="village building=2,lava pool=1,furnace=1" requiredItem="nothing" craftedItems="forge=1" image="forge.png" soundPrefix="metal" type="" achievement="Nagawa na ang Forge !" onComplete="nothing" tooltip="Ginagamit upang sanayin ang mga smelters."/>
		<item ingrediens="crafter=1" requiredItem="forge" craftedItems="smelter=1" image="smelter.png" soundPrefix="metal" type="villager" achievement="Sinanay na Smelter !" onComplete="autocraft iron ingot=.5,autocraft gold ingot" tooltip="Awtomatikong nagka-craft ng mga bakal at gintong ingot."/>
		<item ingrediens="stick=2,iron ingot=3" requiredItem="crafting table" craftedItems="pitch fork=1" image="pitchFork.png" soundPrefix="metal" type="metal" achievement="Tagagawa ng kasangkapang bakal !" onComplete="nothing" tooltip="Ginagamit ng mga magasasaka."/>
		<item ingrediens="crafter=1,pitch fork=1" requiredItem="nothing" craftedItems="farmer=1" image="farmer.png" soundPrefix="hand" type="villager" achievement="Magsasaka !" onComplete="nothing" tooltip="Gumagawa ng mga hardin."/>
		<item ingrediens="stick=1,iron ingot=3" requiredItem="crafting table" craftedItems="saw=1" image="saw.png" soundPrefix="metal" type="metal" achievement="Nagawa na ang Lagare !" onComplete="nothing" tooltip="Ginagamit ng mga karpintero."/>
		<item ingrediens="crafter=1,saw=1" requiredItem="nothing" craftedItems="carpenter=1" image="carpenter.png" soundPrefix="hand" type="villager" achievement="Sinanay na Karpintero !" onComplete="nothing" tooltip=" Gumagawa ng mga bagay mula sa kahoy."/>
		<item ingrediens="stairs=2" requiredItem="nothing" craftedItems="desk=1" image="desk.png" soundPrefix="wood" type="wood" achievement="nothing" onComplete="nothing" tooltip=" Kinakailangang maghalal ng alkalde."/>
		<item ingrediens="village building=2,desk=1,crafter=1" requiredItem="nothing" craftedItems="mayor=1" image="mayor.png" soundPrefix="hand" type="villager" achievement="Napiling Alkalde !" onComplete="nothing" tooltip=" Gumagawa ng mga iba't ibang Crafters."/>
		<item ingrediens="woodsman=1" requiredItem="mayor" craftedItems="villager=1" image="woodsmanDemote.png" soundPrefix="hand" type="" achievement="nothing" onComplete="deautomate overworld" tooltip="Paputukan ang woodsman."/>
		<item ingrediens="miner=1" requiredItem="mayor" craftedItems="villager=1" image="minerDemote.png" soundPrefix="hand" type="" achievement="nothing" onComplete="deautomate mine" tooltip="Paputukan ang minero."/>
		<item ingrediens="gardener=1" requiredItem="mayor" craftedItems="villager=1" image="gardenerDemote.png" soundPrefix="hand" type="" achievement="nothing" onComplete="deautomate food" tooltip="Paputukan ang hardinero."/>
		<item ingrediens="hunter=1" requiredItem="mayor" craftedItems="villager=1" image="hunterDemote.png" soundPrefix="hand" type="" achievement="nothing" onComplete="deautomate mobs" tooltip="Paputukan ang mangangaso."/>
		<item ingrediens="butcher=1" requiredItem="mayor" craftedItems="villager=1" image="butcherDemote.png" soundPrefix="hand" type="" achievement="nothing" onComplete="deautomate mobs" tooltip="Paputukan ang tagakatay."/>
		<item ingrediens="dirt=8,water=1,seeds=1" requiredItem="farmer" craftedItems="wheat field=1" image="wheatField.png" soundPrefix="whoosh" type="" achievement="Nataniman na ang Hardin !" onComplete="nothing" tooltip=" Kinakailangan upang makalikha ng mga villager."/>
		<item ingrediens="cobblestone=45,wood=1" requiredItem="mason" craftedItems="hut=1" image="hut.png" soundPrefix="metal" type="" achievement=" Hut ! Hut ! Hut !" onComplete="nothing" tooltip=" Kinakailangan upang makalikha ng mga villager."/>
		<item ingrediens="stick=2,iron ingot=3" requiredItem="crafting table" craftedItems="iron pick=1" image="ironPick.png" soundPrefix="metal" type="metal" achievement="Nagawa na ang kasangkapang bakal !" onComplete="nothing" tooltip="Nagmimina ng ginto."/>
		<item ingrediens="stick=2,iron ingot=1" requiredItem="crafting table" craftedItems="iron shovel=1" image="ironShovel.png" soundPrefix="metal" type="metal" achievement="Nagawa na ang kasangkapang bakal !" onComplete="nothing" tooltip="Palahin ang dumi at graba."/>
		<item ingrediens="stick=2,iron ingot=3" requiredItem="crafting table" craftedItems="iron axe=1" image="ironAxe.png" soundPrefix="metal" type="metal" achievement="Nagawa na ang kasangkapang bakal !" onComplete="nothing" tooltip=" Nagpuputol ng kahoy."/>
		<item ingrediens="stick=2,iron ingot=2" requiredItem="crafting table" craftedItems="iron hoe=1" image="ironHoe.png" soundPrefix="metal" type="metal" achievement="Nagawa na ang kasangkapang bakal !" onComplete="nothing" tooltip=" Nagbubungkal ng lupa."/>
		<item ingrediens="stick=1,iron ingot=2" requiredItem="crafting table" craftedItems="iron sword=1" image="ironSword.png" soundPrefix="metal" type="metal" achievement="Nagawa na ang kasangkapang bakal !" onComplete="nothing" tooltip=" Inaatake ang mga mobs."/>
		<item ingrediens="wood=1" requiredItem="carpenter" craftedItems="stick=8" image="stick.png" soundPrefix="wood" type="wood" achievement="nothing" onComplete="nothing" tooltip=" Ginagamit sa paggawa ng mga kasangkapan at mga bagay na gawa sa kahoy."/>
		<item ingrediens="hut=1,wheat field=1,leather=1" requiredItem="mayor" craftedItems="leather worker=1" image="leatherWorker.png" soundPrefix="hand" type="villager" achievement="Tagagawa ng Balat !" onComplete="nothing" tooltip="Nagka-craft ng balat na baluti."/>
		<item ingrediens="nothing=0" requiredItem="wood sword,stone sword,iron sword,gold sword,diamond sword" craftedItems="leather=1" image="leather.png" soundPrefix="metal" type="grind" achievement="nothing" onComplete="nothing" tooltip="Ginagamit upang gumawa ng balat na baluti at upuan."/>
		<item ingrediens="leather=5" requiredItem="leather worker" craftedItems="leather helmet=1" image="leatherHelmet.png" soundPrefix="whoosh" type="metal" achievement="Balat na helmet !" onComplete="nothing" tooltip="Para sa paggawa ng mga balat na sundalo."/>
		<item ingrediens="leather=8" requiredItem="leather worker" craftedItems="leather breastplate=1" image="leatherBreastplate.png" soundPrefix="whoosh" type="metal" achievement="Balat na baluti sa dibdib !" onComplete="nothing" tooltip="Para sa paggawa ng mga balat na sundalo."/>
		<item ingrediens="leather=7" requiredItem="leather worker" craftedItems="leather leggings=1" image="leatherLeggings.png" soundPrefix="whoosh" type="metal" achievement="Balat na leggings !" onComplete="nothing" tooltip="Para sa paggawa ng mga balat na sundalo."/>
		<item ingrediens="leather=4" requiredItem="leather worker" craftedItems="leather boots=1" image="leatherBoots.png" soundPrefix="whoosh" type="metal" achievement="Balat na bota !" onComplete="nothing" tooltip="Para sa paggawa ng mga balat na sundalo."/>
		<item ingrediens="leather helmet=1,leather breastplate=1,leather leggings=1,leather boots=1" requiredItem="nothing" craftedItems="leather armor=1" image="leatherArmor.png" soundPrefix="whoosh" type="" achievement="Balat na baluti !" onComplete="nothing" tooltip="Para sa paggawa ng mga balat na sundalo."/>
		<item ingrediens="hut=1,wheat field=1,iron sword=1" requiredItem="mayor" craftedItems="sergeant=1" image="sergeant.png" soundPrefix="hand" type="villager" achievement="Sarhento na natanggap !" onComplete="nothing" tooltip="Sinasanay ang mga mangangaso."/>
		<item ingrediens="hut=1,wheat field=1" requiredItem="sergeant" craftedItems="soldier=1" image="soldier.png" soundPrefix="hand" type="villager" achievement="Magtipon !" onComplete="nothing" tooltip="Ginagamit upang gumawa ng bakal na sundalo."/>
		<item ingrediens="leather armor=1,soldier=1" requiredItem="nothing" craftedItems="leather soldier=1" image="leatherSoldier.png" soundPrefix="hand" type="villager" achievement="Nakabalat na sundalo !" onComplete="nothing" tooltip="Ginagamit upang sanayin ang mga taga-pana."/>
		<item ingrediens="hut=2,leather soldier=8" requiredItem="mason" craftedItems="barracks=1" image="barracks.png" soundPrefix="metal" type="" achievement="Nagawa na ang mga Barracks !" onComplete="nothing" tooltip="Ginagamit upang gumawa ng outpost."/>
		<item ingrediens="iron ingot=9" requiredItem="crafting table" craftedItems="iron block=1" image="ironBlock.png" soundPrefix="metal" type="metal" achievement="Nagawa na ang bloke ng bakal !" onComplete="nothing" tooltip="Ginagamit upang mag-craft ng anvils."/>
		<item ingrediens="iron block=3,iron ingot=3" requiredItem="crafting table" craftedItems="anvil=1" image="anvil.png" soundPrefix="metal" type="metal" achievement="Napanday na ang Anvil !" onComplete="nothing" tooltip="Ginagamit upang sanayin ang mga panday."/>
		<item ingrediens="hut=1,wheat field=1,anvil=1" requiredItem="mayor" craftedItems="blacksmith=1" image="blacksmith.png" soundPrefix="hand" type="villager" achievement="Sinanay na Panday !" onComplete="nothing" tooltip="Nagka-craft ng baluti."/>
		<item ingrediens="iron ingot=5" requiredItem="blacksmith" craftedItems="iron helmet=1" image="ironHelmet.png" soundPrefix="metal" type="metal" achievement="Bakal na helmet !" onComplete="nothing" tooltip="Para sa paggawa ng bakal na sundalo."/>
		<item ingrediens="iron ingot=8" requiredItem="blacksmith" craftedItems="iron breastplate=1" image="ironBreastplate.png" soundPrefix="metal" type="metal" achievement="Bakal na baluti sa dibdib !" onComplete="nothing" tooltip="Para sa paggawa ng bakal na sundalo."/>
		<item ingrediens="iron ingot=7" requiredItem="blacksmith" craftedItems="iron leggings=1" image="ironLeggings.png" soundPrefix="metal" type="metal" achievement="Bakal na leggings !" onComplete="nothing" tooltip="Para sa paggawa ng bakal na sundalo."/>
		<item ingrediens="iron ingot=4" requiredItem="blacksmith" craftedItems="iron boots=1" image="ironBoots.png" soundPrefix="metal" type="metal" achievement="Bakal na bota !" onComplete="nothing" tooltip="Para sa paggawa ng bakal na sundalo."/>
		<item ingrediens="iron helmet=1,iron breastplate=1,iron leggings=1,iron boots=1" requiredItem="nothing" craftedItems="iron armor=1" image="ironArmor.png" soundPrefix="metal" type="metal" achievement="Bakal na baluti !" onComplete="nothing" tooltip="Para sa paggawa ng bakal na sundalo."/>
		<item ingrediens="iron armor=1,soldier=1" requiredItem="nothing" craftedItems="iron soldier=1" image="ironSoldier.png" soundPrefix="metal" type="villager" achievement="Taong bakal !" onComplete="nothing" tooltip="Bahagi ng isang pangkat ng bombero."/>
		<item ingrediens="hut=1,wheat field=1,arrow=1" requiredItem="mayor" craftedItems="fletcher=1" image="fletcher.png" soundPrefix="hand" type="villager" achievement="Sinanay na Fletcher !" onComplete="nothing" tooltip="Nagka-craft ng mga pana at palaso."/>
		<item ingrediens="nothing=0" requiredItem="wood sword,stone sword,iron sword,gold sword,diamond sword" craftedItems="wool=1" image="wool.png" soundPrefix="whoosh" type="grind" achievement="nothing" onComplete="nothing" tooltip="Ginagamit upang gumawa ng lubid."/>
		<item ingrediens="wool=1" requiredItem="nothing" craftedItems="string=4" image="string.png" soundPrefix="whoosh" type="" achievement="nothing" onComplete="nothing" tooltip="Ginagamit upang gumawa ng mga pana."/>
		<item ingrediens="stick=3,string=3" requiredItem="fletcher" craftedItems="bow=1" image="bow.png" soundPrefix="wood" type="" achievement="Nagawa na ang Pana !" onComplete="nothing" tooltip="Pinagsama sa mga palaso."/>
		<item ingrediens="nothing=0" requiredItem="wood sword,stone sword,iron sword,gold sword,diamond sword" craftedItems="feather=1" image="feather.png" soundPrefix="whoosh" type="grind" achievement="nothing" onComplete="nothing" tooltip="Ginagamit upang gumawa ng mga palaso."/>
		<item ingrediens="nothing=0" requiredItem="wood shovel,stone shovel,iron shovel,gold shovel,diamond shovel" craftedItems="flint=1" image="flint.png" soundPrefix="dirt" type="grind" achievement="nothing" onComplete="nothing" tooltip="Ginagamit upang mag-craft ng palaso."/>
		<item ingrediens="flint=1,stick=1,feather=1" requiredItem="fletcher" craftedItems="arrow=4" image="arrow.png" soundPrefix="whoosh" type="" achievement="Nagawa na ang palaso !" onComplete="nothing" tooltip="Pinagsama sa pana."/>
		<item ingrediens="leather soldier=1,bow=1,arrow=8" requiredItem="nothing" craftedItems="archer=1" image="archer.png" soundPrefix="hand" type="villager" achievement="Sinanay na taga-pana" onComplete="nothing" tooltip="Bahagi ng isang pangkat ng bombero."/>
		<item ingrediens="iron soldier=2,archer=2" requiredItem="nothing" craftedItems="fire team=1" image="fireTeam.png" soundPrefix="metal" type="villager" achievement="Sinanay na pangkat ng bombero !" onComplete="nothing" tooltip="Sumasakop sa tore ng scout."/>
		<item ingrediens="stick=7" requiredItem="crafting table" craftedItems="ladder=3" image="ladder.png" soundPrefix="wood" type="wood" achievement="Nakagawa ng ilang hagdan !" onComplete="nothing" tooltip="Ginagamit kasama ang huts upang gumawa ng mga tore."/>
		<item ingrediens="hut=2,ladder=6" requiredItem="mason" craftedItems="tower=1" image="tower.png" soundPrefix="metal" type="" achievement="Naitayo na ang Tore !" onComplete="nothing" tooltip="Ginagamit upang gumawa ng mas malaking istruktura."/>
		<item ingrediens="tower=1,fire team=1" requiredItem="mason" craftedItems="scout tower=1" image="scoutTower.png" soundPrefix="metal" type="" achievement="Itinayo ang Scout tower !" onComplete="nothing" tooltip="Ginagamit upang gumawa ng outpost."/>
		<item ingrediens="barracks=1,scout tower=2" requiredItem="mason" craftedItems="outpost=1" image="outpost.png" soundPrefix="metal" type="" achievement="Nagawa na ang Outpost !" onComplete="nothing" tooltip="Ginagamit upang gumawa ng isang istasyon."/>
		<item ingrediens="nothing=0" requiredItem="outpost" craftedItems="outpost exporter=1" image="outpost.png" soundPrefix="" type="" achievement="nothing" onComplete="navigateToUrl 135Fmh" tooltip="I-download."/>
		<item ingrediens="outpost=2" requiredItem="mason" craftedItems="station=1" image="station.png" soundPrefix="metal" type="" achievement="Nagawa na ang Istasyon !" onComplete="nothing" tooltip="Ginagamit upang gumawa ng kuta."/>
		<item ingrediens="hut=1,wheat field=1" requiredItem="station" craftedItems="governor=1" image="governor.png" soundPrefix="hand" type="villager" achievement="Nahalal na Gobernador !" onComplete="nothing" tooltip="Ginagamit upang sanayin ang mga advanced crafters."/>
		<item ingrediens="nothing=0" requiredItem="iron pick,gold pick,diamond pick" craftedItems="gold ore=1" image="goldOre.png" soundPrefix="metal" type="grind" achievement="nothing" onComplete="nothing" tooltip="Ginagamit upang tunawin ang mga gintong ingots."/>
		<item ingrediens="coal=1,gold ore=1" requiredItem="furnace" craftedItems="gold ingot=1" image="goldIngot.png" soundPrefix="metal" type="metal" achievement="Natunaw na ang Gintong ingot !" onComplete="nothing" tooltip="Ginagamit upang mag-craft ng mga gintong kasangkapan at baluti."/>
		<item ingrediens="stick=2,gold ingot=3" requiredItem="crafting table" craftedItems="gold pick=1" image="goldPick.png" soundPrefix="metal" type="metal" achievement="Nagawa na ang Ginintuang kasangkapan !" onComplete="nothing" tooltip="Nagmimina ng dyamante."/>
		<item ingrediens="stick=2,gold ingot=1" requiredItem="crafting table" craftedItems="gold shovel=1" image="goldShovel.png" soundPrefix="metal" type="metal" achievement="Nagawa na ang Ginintuang kasangkapan !" onComplete="nothing" tooltip="Palahin ang dumi at graba."/>
		<item ingrediens="stick=1,gold ingot=2" requiredItem="crafting table" craftedItems="gold sword=1" image="goldSword.png" soundPrefix="metal" type="metal" achievement="Nagawa na ang Ginintuang kasangkapan !" onComplete="nothing" tooltip=" Inaatake ang mga mobs."/>
		<item ingrediens="stick=2,gold ingot=3" requiredItem="crafting table" craftedItems="gold axe=1" image="goldAxe.png" soundPrefix="metal" type="metal" achievement="Nagawa na ang Ginintuang kasangkapan !" onComplete="nothing" tooltip=" Nagpuputol ng kahoy."/>
		<item ingrediens="stick=2,gold ingot=2" requiredItem="crafting table" craftedItems="gold hoe=1" image="goldHoe.png" soundPrefix="metal" type="metal" achievement="Nagawa na ang Ginintuang kasangkapan !" onComplete="nothing" tooltip=" Nagbubungkal ng lupa."/>
		<item ingrediens="cobblestone=45,wood=1,dirt=8,water=1,seeds=1" requiredItem="governor" craftedItems="gold smith=1" image="goldSmith.png" soundPrefix="hand" type="villager" achievement="Sinanay na panday ng ginto !" onComplete="autocraft gold ingot=.33" tooltip="Ginagamit upang gumawa ng mga gintong bagay."/>
		<item ingrediens="cobblestone=45,wood=1,dirt=8,water=1,seeds=1" requiredItem="governor" craftedItems="contractor=1" image="contractor.png" soundPrefix="hand" type="villager" achievement="Kontratista na inupahan !" onComplete="nothing" tooltip="Gumagawa ng pabahay."/>
		<item ingrediens="cobblestone=45,wood=1,dirt=8,water=1,seeds=1" requiredItem="governor" craftedItems="commander=1" image="commander.png" soundPrefix="hand" type="villager" achievement="Sinanay na Kumander !" onComplete="nothing" tooltip="Gumagawa ng mga sundalo."/>
		<item ingrediens="cobblestone=180,wood=4,dirt=32,water=4,seeds=4" requiredItem="contractor" craftedItems="villager=4" image="villager.png" soundPrefix="hand" type="villager" achievement="Taga-nayon !" onComplete="nothing" tooltip=" Maaaring magpakadalubhasa."/>
		<item ingrediens="villager=4,wood=1,gold ingot=8" requiredItem="commander" craftedItems="soldier=4" image="soldier.png" soundPrefix="hand" type="villager" achievement="Magtipon !" onComplete="nothing" tooltip="Ginagamit upang gumawa ng mga gintong sundalo."/>
		<item ingrediens="gold ingot=5" requiredItem="gold smith" craftedItems="gold helmet=1" image="goldHelmet.png" soundPrefix="metal" type="" achievement="Gintong helmet !" onComplete="nothing" tooltip="Para sa paggawa ng mga gintong sundalo."/>
		<item ingrediens="gold ingot=8" requiredItem="gold smith" craftedItems="gold breastplate=1" image="goldBreastplate.png" soundPrefix="metal" type="" achievement="Gintong baluti sa dibdib !" onComplete="nothing" tooltip="Para sa paggawa ng mga gintong sundalo."/>
		<item ingrediens="gold ingot=7" requiredItem="gold smith" craftedItems="gold leggings=1" image="goldLeggings.png" soundPrefix="metal" type="" achievement="Gintong leggings !" onComplete="nothing" tooltip="Para sa paggawa ng mga gintong sundalo."/>
		<item ingrediens="gold ingot=4" requiredItem="gold smith" craftedItems="gold boots=1" image="goldBoots.png" soundPrefix="metal" type="" achievement="Gintong bota !" onComplete="nothing" tooltip="Para sa paggawa ng mga gintong sundalo."/>
		<item ingrediens="gold helmet=1,gold breastplate=1,gold leggings=1,gold boots=1" requiredItem="nothing" craftedItems="gold armor=1" image="goldArmor.png" soundPrefix="metal" type="" achievement="Gintong baluti !" onComplete="nothing" tooltip="Para sa paggawa ng mga gintong sundalo."/>
		<item ingrediens="gold armor=1,soldier=1" requiredItem="nothing" craftedItems="gold soldier=1" image="goldSoldier.png" soundPrefix="hand" type="villager" achievement="Gintong sundalo !" onComplete="nothing" tooltip="Kinakailangan upang sanayin ang mga kabalyero."/>
		<item ingrediens="cobblestone=25,gold soldier=1" requiredItem="contractor" craftedItems="outer wall=1" image="outerWall.png" soundPrefix="" type="" achievement="nothing" onComplete="nothing" tooltip="Ginagamit upang itayo ang tanggulan."/>
		<item ingrediens="outer wall=3" requiredItem="contractor" craftedItems="rampart=1" image="rampart.png" soundPrefix="" type="" achievement="Naitayo na ang Rampart !" onComplete="nothing" tooltip="Kinakailangan upang itayo ang kuta."/>
		<item ingrediens="station=1,rampart=4" requiredItem="contractor" craftedItems="fort=1" image="fort.png" soundPrefix="" type="" achievement="Naitayo na ang Kuta !" onComplete="nothing" tooltip="Kinakailangan upang itayo ang mga kuwadra."/>
		<item ingrediens="nothing=0" requiredItem="fort" craftedItems="fort exporter=1" image="fort.png" soundPrefix="" type="" achievement="nothing" onComplete="navigateToUrl 135FhH" tooltip="I-download."/>
		<item ingrediens="nothing=0" requiredItem="wood sword,stone sword,iron sword,gold sword,diamond sword" craftedItems="wheat=1" image="wheat.png" soundPrefix="whoosh" type="grind" achievement="nothing" onComplete="nothing" tooltip="Ginagamit upang gumawa ng hay bales."/>
		<item ingrediens="wheat=9" requiredItem="nothing" craftedItems="hay bale=1" image="hayBale.png" soundPrefix="whoosh" type="" achievement="Hay HAY hay !" onComplete="nothing" tooltip="Ginagamit sa mga kuwadra at mga aviary."/>
		<item ingrediens="wood=2" requiredItem="carpenter" craftedItems="fence=3" image="fence.png" soundPrefix="wood" type="wood" achievement="Nagawa na ang Pagbabakod !" onComplete="nothing" tooltip="Ginagamit upang gumawa ng mga pens."/>
		<item ingrediens="fence=9" requiredItem="carpenter" craftedItems="pen=1" image="pen.png" soundPrefix="wood" type="wood" achievement="Nagawa na ang Kural" onComplete="nothing" tooltip="Ginagamit upang gumawa ng mga kuwadra."/>
		<item ingrediens="wood=3" requiredItem="carpenter" craftedItems="truss=1" image="truss.png" soundPrefix="wood" type="wood" achievement="nothing" onComplete="nothing" tooltip="Ginagamit upang gumawa ng mga kuwadra."/>
		<item ingrediens="truss=4" requiredItem="carpenter" craftedItems="roof=1" image="roof.png" soundPrefix="wood" type="" achievement="Nagawa na ang Bubong !" onComplete="nothing" tooltip="Ginagamit upang gumawa ng mga kuwadra."/>
		<item ingrediens="pen=1,roof=1,hay bale=1" requiredItem="carpenter" craftedItems="stall=1" image="stall.png" soundPrefix="wood" type="" achievement="nothing" onComplete="nothing" tooltip="Ginagamit upang gumawa ng mga kuwadra."/>
		<item ingrediens="stall=4" requiredItem="carpenter" craftedItems="stable=1" image="stable.png" soundPrefix="wood" type="" achievement="Nagawa na ang Kwadra ng kabayo !" onComplete="nothing" tooltip="Ginagamit sa mga kuwadra ng kabayo."/>
		<item ingrediens="cobblestone=45,wood=1,dirt=8,water=1,seeds=1" requiredItem="governor" craftedItems="horse trainer=1" image="horseTrainer.png" soundPrefix="hand" type="villager" achievement="Tagasanay ng kabayo !" onComplete="nothing" tooltip="Ginagamit upang sanayin ang mga kabayo."/>
		<item ingrediens="nothing=0" requiredItem="wood sword,stone sword,iron sword,gold sword,diamond sword" craftedItems="slime ball=1" image="slimeBall.png" soundPrefix="hand" type="grind" achievement="nothing" onComplete="nothing" tooltip="Ginagamit upang gumawa ng tingga."/>
		<item ingrediens="string=4,slime ball=1" requiredItem="horse trainer" craftedItems="lead=2" image="lead.png" soundPrefix="whoosh" type="" achievement="Nagawa na ang Lead !" onComplete="nothing" tooltip="Ginagamit sa paghuli ng mga kabayo. "/>
		<item ingrediens="iron ingot=1,string=1" requiredItem="blacksmith" craftedItems="stirrup=1" image="stirrup.png" soundPrefix="metal" type="" achievement="Nagawa na ang Stirrup !" onComplete="nothing" tooltip="Used to craft sadles."/>
		<item ingrediens="stirrup=2,leather=3" requiredItem="leather worker" craftedItems="saddle=1" image="saddle.png" soundPrefix="whoosh" type="" achievement="Nagawa na ang Upuan !" onComplete="nothing" tooltip="Ginagamit upang paamuin ang mga kabayo."/>
		<item ingrediens="nothing=0" requiredItem="lead" craftedItems="horse=1" image="horse.png" soundPrefix="hand" type="grind" achievement="nothing" onComplete="nothing" tooltip="Kinakailangan upang paamuin ang mga kabayo."/>
		<item ingrediens="horse=1,saddle=1" requiredItem="horse trainer" craftedItems="tamed horse=1" image="tamedHorse.png" soundPrefix="" type="" achievement="Pinaamo ang kabayo !" onComplete="nothing" tooltip="Kinakailangan para sa mga kabayong pandigma."/>
		<item ingrediens="gold ingot=9" requiredItem="crafting table,gold smith" craftedItems="gold block=1" image="goldBlock.png" soundPrefix="metal" type="" achievement="Nagawa na ang bloke ng Ginto !" onComplete="nothing" tooltip="Kinakailangan para sa mga baluti ng kabayong pandigma."/>
		<item ingrediens="tamed horse=1,gold block=4" requiredItem="gold smith" craftedItems="war horse=1" image="warHorse.png" soundPrefix="" type="" achievement="Sinanay na kabayong pangdigma !" onComplete="nothing" tooltip="Kinakailangan upang sanayin ang mga kabalyero."/>
		<item ingrediens="gold soldier=1,war horse=1" requiredItem="stable" craftedItems="gold knight=1" image="goldKnight.png" soundPrefix="hand" type="villager" achievement="Gintong kabalyero !" onComplete="nothing" tooltip="Kinakailangan upang itayo ang kastilyo."/>
		<item ingrediens="cobblestone=45,wood=1,roof=1" requiredItem="contractor" craftedItems="village building=1" image="villageBuilding.png" soundPrefix="wood" type="" achievement="Gusali ng nayon !" onComplete="nothing" tooltip="Kinakailangan upang gumawa ng isang taguan."/>
		<item ingrediens="village building=4" requiredItem="contractor" craftedItems="keep=1" image="keep.png" soundPrefix="" type="" achievement="Naitayo na ang Keep !" onComplete="nothing" tooltip="Kinakailangan upang itayo ang kastilyo."/>
		<item ingrediens="fort=1,keep=1,gold knight=4" requiredItem="contractor" craftedItems="castle=1" image="castle.png" soundPrefix="" type="" achievement="Naitayo na ang Kastilyo !" onComplete="nothing" tooltip="Kinakailangan upang gumawa ng aviary."/>
		<item ingrediens="nothing=0" requiredItem="castle" craftedItems="castle exporter=1" image="castle.png" soundPrefix="" type="" achievement="nothing" onComplete="navigateToUrl 135FIn" tooltip="I-download."/>
		<item ingrediens="wood=1" requiredItem="carpenter" craftedItems="pressure plate=1" image="pressurePlate.png" soundPrefix="wood" type="" achievement="Nagawa na ang Pressure plate !" onComplete="nothing" tooltip="Kinakailangan upang gumawa ng bitag."/>
		<item ingrediens="sugar cane=1" requiredItem="crafting table" craftedItems="sugar=1" image="sugar.png" soundPrefix="whoosh" type="" achievement="Pinong asukal !" onComplete="nothing" tooltip="Kinakailangan upang gumawa ng bitag."/>
		<item ingrediens="wood=4,pressure plate=1,sugar=1" requiredItem="carpenter" craftedItems="trap=1" image="trap.png" soundPrefix="wood" type="" achievement="Nagawa na ang bitag !" onComplete="nothing" tooltip="Kinakailangan para mahuli ang mangkukulam."/>
		<item ingrediens="cobblestone=90,wood=4" requiredItem="contractor" craftedItems="tower=1 " image="tower.png" soundPrefix="metal" type="" achievement="Naitayo na ang Tore !" onComplete="nothing" tooltip="Kinakailangan upang itayo ang isang simbahan."/>
		<item ingrediens="village building=2,tower=1,roof=1" requiredItem="contractor" craftedItems="church=1" image="church.png" soundPrefix="metal" type="" achievement="Naitayo na ang Simbahan !" onComplete="nothing" tooltip="Kinakailangan upang sanayin ang pari."/>
		<item ingrediens="villager=1,book=1" requiredItem="church" craftedItems="priest=1" image="priest.png" soundPrefix="hand" type="villager" achievement="Sinanay na Pari !" onComplete="nothing" tooltip="Kinakailangan upang maging mangkukulam."/>
		<item ingrediens="nothing=0" requiredItem="trap" craftedItems="zombie villager=1" image="zombieVillager.png" soundPrefix="wood" type="grind" achievement="nothing" onComplete="nothing" tooltip="Naging taga-nayon."/>
		<item ingrediens="zombie villager=1" requiredItem="priest" craftedItems="villager=1" image="villager.png" soundPrefix="hand" type="villager" achievement="Taga-nayon na naging zombie !" onComplete="nothing" tooltip=" Maaaring magpakadalubhasa."/>
		<item ingrediens="nothing=0" requiredItem="gold pick,diamond pick" craftedItems="diamond=1" image="diamond.png" soundPrefix="metal" type="grind" achievement="nothing" onComplete="nothing" tooltip="Ginagamit sa pag-craft ng mga dyamanteng kasangkapan at bagay."/>
		<item ingrediens="wood=2" requiredItem="carpenter" craftedItems="stick=16" image="stick.png" soundPrefix="wood" type="wood" achievement="nothing" onComplete="nothing" tooltip=" Ginagamit sa paggawa ng mga kasangkapan at mga bagay na gawa sa kahoy."/>
		<item ingrediens="stick=2,diamond=1" requiredItem="crafting table" craftedItems="diamond scepter=1" image="diamondScepter.png" soundPrefix="metal" type="metal" achievement="Tagagawa ng Scepter !" onComplete="nothing" tooltip="Hawak ng mga hari."/>
		<item ingrediens="villager=1,diamond scepter=1" requiredItem="castle" craftedItems="king=1" image="king.png" soundPrefix="hand" type="villager" achievement=" Hari na nakoronahan !" onComplete="nothing" tooltip="Kinakailangan upang itayo ang estado ng lungsod."/>
		<item ingrediens="villager=1,diamond=1" requiredItem="king" craftedItems="diamond smith=1" image="diamondSmith.png" soundPrefix="hand" type="villager" achievement="nothing" onComplete="nothing" tooltip="Kinakailangan upang gumawa ng dyamanteng baluti."/>
		<item ingrediens="stick=2,diamond=3" requiredItem="crafting table" craftedItems="diamond pick=1" image="diamondPick.png" soundPrefix="metal" type="metal" achievement="Nagawa na ang kasangkapang dyamante !" onComplete="nothing" tooltip="Mas mabilis na pagmimina."/>
		<item ingrediens="stick=2,diamond=1" requiredItem="crafting table" craftedItems="diamond shovel=1" image="diamondShovel.png" soundPrefix="metal" type="metal" achievement="Nagawa na ang kasangkapang dyamante !" onComplete="nothing" tooltip="Palahin ang dumi at graba."/>
		<item ingrediens="stick=1,diamond=2" requiredItem="crafting table" craftedItems="diamond sword=1" image="diamondSword.png" soundPrefix="metal" type="metal" achievement="Nagawa na ang kasangkapang dyamante !" onComplete="nothing" tooltip=" Inaatake ang mga mobs."/>
		<item ingrediens="stick=2,diamond=3" requiredItem="crafting table" craftedItems="diamond axe=1" image="diamondAxe.png" soundPrefix="metal" type="metal" achievement="Nagawa na ang kasangkapang dyamante !" onComplete="nothing" tooltip=" Nagpuputol ng kahoy."/>
		<item ingrediens="stick=2,diamond=2" requiredItem="crafting table" craftedItems="diamond hoe=1" image="diamondHoe.png" soundPrefix="metal" type="metal" achievement="Nagawa na ang kasangkapang dyamante !" onComplete="nothing" tooltip=" Nagbubungkal ng lupa."/>
		<item ingrediens="diamond=24" requiredItem="diamond smith" craftedItems="diamond armor=1" image="diamondArmor.png" soundPrefix="metal" type="" achievement="Dyamante na baluti !" onComplete="nothing" tooltip="Para sa paggawa ng mga dyamanteng sundalo."/>
		<item ingrediens="diamond armor=1,villager=1" requiredItem="king" craftedItems="diamond soldier=1" image="diamondSoldier.png" soundPrefix="metal" type="villager" achievement="Dyamante na sundalo !" onComplete="nothing" tooltip="Kinakailangan upang sanayin ang mga lumilipad na kabalyero."/>
		<item ingrediens="hay bale=8" requiredItem="nothing" craftedItems="nest=1" image="nest.png" soundPrefix="" type="" achievement="nothing" onComplete="nothing" tooltip="Kinakailangan upang gumawa ng aviary."/>
		<item ingrediens="tower=1,nest=1" requiredItem="castle" craftedItems="roost=1" image="roost.png" soundPrefix="" type="" achievement="Nagawa na ang Roost !" onComplete="nothing" tooltip="Kinakailangan upang gumawa ng aviary."/>
		<item ingrediens="roost=4" requiredItem="castle" craftedItems="aviary=1" image="aviary.png" soundPrefix="" type="" achievement="Naitayo na ang Aviary !" onComplete="nothing" tooltip="Kinakailangan upang sanayin ang mga lumilipad na kabalyero."/>
		<item ingrediens="nothing=0" requiredItem="trap" craftedItems="witch=1" image="witch.png" soundPrefix="wood" type="grind" achievement="nothing" onComplete="nothing" tooltip="Naging isang wizard."/>
		<item ingrediens="witch=1" requiredItem="nothing" craftedItems="redstone=1" image="redstone.png" soundPrefix="hand" type="" achievement="Ding Dong !" onComplete="nothing" tooltip="Kinakailangan upang gumawa ng compass."/>
		<item ingrediens="witch=1" requiredItem="priest" craftedItems="wizard=1" image="wizard.png" soundPrefix="hand" type="villager" achievement="Naging Wizard !" onComplete="nothing" tooltip="Kinakailangan upang lumikha ng mga kabayong lumilipad."/>
		<item ingrediens="horse=1,feather=6" requiredItem="wizard" craftedItems="flying horse=1" image="flyingHorse.png" soundPrefix="" type="" achievement="Pakpak ng Kabayo !" onComplete="nothing" tooltip="Kinakailangan para sa lumilipad na kabalyero."/>
		<item ingrediens="flying horse=1,saddle=1" requiredItem="aviary" craftedItems="tamed flying horse=1" image="tamedFlyingHorse.png" soundPrefix="" type="" achievement="nothing" onComplete="nothing" tooltip="Kinakailangan upang sanayin ang mga lumilipad na kabalyero."/>
		<item ingrediens="diamond=9" requiredItem="crafting table" craftedItems="diamond block=1" image="diamondBlock.png" soundPrefix="metal" type="" achievement="Bloke ng dyamante !" onComplete="nothing" tooltip="Kinakailangan sa baluti ng mga kabayong lumilipad."/>
		<item ingrediens="tamed flying horse=1,diamond block=4" requiredItem="diamond smith" craftedItems="flying war horse=1" image="flyingWarHorse.png" soundPrefix="" type="" achievement="Lumilipad na kabayong pangdigma !" onComplete="nothing" tooltip="Kinakailangan upang sanayin ang mga lumilipad na kabalyero."/>
		<item ingrediens="diamond soldier=1,flying war horse=1" requiredItem="nothing" craftedItems="flying knight=1" image="flyingKnight.png" soundPrefix="hand" type="villager" achievement="Lumilipad na kabalyero !" onComplete="nothing" tooltip="Kinakailangan upang itayo ang estado ng lungsod."/>
		<item ingrediens="flying knight=4" requiredItem="castle" craftedItems="city state=1" image="cityState.png" soundPrefix="" type="" achievement="Estado ng Lungsod !" onComplete="nothing" tooltip="Kinakailangan upang itayo ang pagawaan ng barko. "/>
		<item ingrediens="nothing=0" requiredItem="city state" craftedItems="city state exporter=1" image="cityState.png" soundPrefix="" type="" achievement="nothing" onComplete="navigateToUrl 135FZo" tooltip="I-download."/>
		<item ingrediens="redstone=1,iron ingot=4" requiredItem="crafting table" craftedItems="compass=1" image="compass.png" soundPrefix="metal" type="" achievement="Nagawa na ang Compass !" onComplete="nothing" tooltip="Kinakailangan upang mag-craft ng isang mapa."/>
		<item ingrediens="sugar cane=4" requiredItem="crafting table" craftedItems="paper=4" image="paper.png" soundPrefix="whoosh" type="" achievement="Na-pulp na Papel !" onComplete="nothing" tooltip="Ginagamit upang gumawa ng isang mapa."/>
		<item ingrediens="compass=1,paper=32" requiredItem="crafting table" craftedItems="map=1" image="map.png" soundPrefix="whoosh" type="" achievement="Nagawa na ang Mapa !" onComplete="mapActive" tooltip="Kinakailangan upang makapaglayag sa mundo."/>
		<item ingrediens="dirt=216" requiredItem="nothing" craftedItems="fill dirt=1" image="fillDirt.png" soundPrefix="whoosh" type="" achievement="Punan ang duming itinapon !" onComplete="nothing" tooltip="Kinakailangan upang gumawa ng pader ng dagat."/>
		<item ingrediens="fill dirt=4" requiredItem="nothing" craftedItems="sea wall=1" image="seaWall.png" soundPrefix="whoosh" type="" achievement="Naitayo na ang Sea wall !" onComplete="nothing" tooltip="Kinakailangan upang gumawa ng warf."/>
		<item ingrediens="wood=1" requiredItem="carpenter" craftedItems="wood slab=6" image="woodSlab.png" soundPrefix="wood" type="wood" achievement="nothing" onComplete="nothing" tooltip="Kinakailangan upang gumawa ng isang kubyerta."/>
		<item ingrediens="wood slab=9" requiredItem="nothing" craftedItems="deck=1" image="deck.png" soundPrefix="wood" type="wood" achievement="Naitayo na ang Deck !" onComplete="nothing" tooltip="Kinakailangan upang gumawa ng mga pantalan at barko."/>
		<item ingrediens="wood=4" requiredItem="carpenter" craftedItems="fence=6" image="fence.png" soundPrefix="wood" type="wood" achievement="Nagawa na ang Pagbabakod !" onComplete="nothing" tooltip="Ginagamit upang gumawa ng mga pens."/>
		<item ingrediens="deck=1,fence=4" requiredItem="nothing" craftedItems="raised deck=1" image="raisedDeck.png" soundPrefix="wood" type="wood" achievement="nothing" onComplete="nothing" tooltip="Kinakailangan upang gumawa ng warf."/>
		<item ingrediens="sea wall=1,raised deck=3" requiredItem="nothing" craftedItems="warf=1" image="warf.png" soundPrefix="wood" type="wood" achievement="Naitayo na ang Warf !" onComplete="nothing" tooltip="Kinakailangan upang gumawa ng isang daungan."/>
		<item ingrediens="fence=3" requiredItem="nothing" craftedItems="post=1" image="post.png" soundPrefix="wood" type="wood" achievement="nothing" onComplete="nothing" tooltip="Kinakailangan upang gumawa ng isang platform"/>
		<item ingrediens="deck=1,post=4" requiredItem="nothing" craftedItems="platform=1" image="platform.png" soundPrefix="wood" type="wood" achievement="nothing" onComplete="nothing" tooltip="Kinakailangan upang gumawa ng pantalan."/>
		<item ingrediens="platform=3" requiredItem="nothing" craftedItems="pier=1" image="pier.png" soundPrefix="wood" type="wood" achievement="Nagawa na ang Pantalan !" onComplete="nothing" tooltip="Kinakailangan upang gumawa ng isang daungan."/>
		<item ingrediens="warf=1,pier=1" requiredItem="nothing" craftedItems="dock=1" image="dock.png" soundPrefix="wood" type="wood" achievement="Nagawa na ang Daungan !" onComplete="nothing" tooltip="Kinakailangan upang itayo ang pagawaan ng barko. "/>
		<item ingrediens="dock=3,village building=2" requiredItem="city state" craftedItems="shipyard=1" image="shipyard.png" soundPrefix="wood" type="wood" achievement="Naitayo na ang Pagawaan ng barko !" onComplete="nothing" tooltip="Kinakailangan upang gumawa ng mga barko."/>
		<item ingrediens="wood=6" requiredItem="shipyard" craftedItems="stairs=16" image="stairs.png" soundPrefix="wood" type="wood" achievement="Nagawa na ang Hagdan !" onComplete="nothing" tooltip="Ginagamit upang itayo ang mga bubong."/>
		<item ingrediens="stairs=6" requiredItem="shipyard" craftedItems="rib=1" image="rib.png" soundPrefix="wood" type="wood" achievement="nothing" onComplete="nothing" tooltip="Kinakailangan upang gumawa ng bangka."/>
		<item ingrediens="wood=4" requiredItem="shipyard" craftedItems="log=1" image="log.png" soundPrefix="wood" type="wood" achievement="nothing" onComplete="nothing" tooltip="Kinakailangan upang gumawa ng bangka at sagwan."/>
		<item ingrediens="rib=6,log=1" requiredItem="shipyard" craftedItems="shell=1" image="shell.png" soundPrefix="wood" type="wood" achievement="Nagawa na ang Boat shell !" onComplete="nothing" tooltip="Kinakailangan upang gumawa ng katawan ng barko."/>
		<item ingrediens="shell=1,stairs=5" requiredItem="shipyard" craftedItems="ship bow=1" image="shipBow.png" soundPrefix="wood" type="wood" achievement="nothing" onComplete="nothing" tooltip="Kinakailangan upang gumawa ng katawan ng barko."/>
		<item ingrediens="shell=1,stairs=4,planks=1" requiredItem="shipyard" craftedItems="stern=1" image="stern.png" soundPrefix="wood" type="wood" achievement="nothing" onComplete="nothing" tooltip="Kinakailangan upang gumawa ng katawan ng barko."/>
		<item ingrediens="ship bow=1,stern=1" requiredItem="shipyard" craftedItems="hull=1" image="hull.png" soundPrefix="wood" type="wood" achievement="Nagawa na ang katawan ng bangka !" onComplete="nothing" tooltip="Kinakailangan upang gumawa ng lantsa."/>
		<item ingrediens="wood=1" requiredItem="shipyard" craftedItems="planks=4" image="planks.png" soundPrefix="wood" type="wood" achievement="nothing" onComplete="nothing" tooltip=" Ginagamit sa paggawa ng mga kasangkapan at mga bagay na gawa sa kahoy."/>
		<item ingrediens="planks=24,deck=1" requiredItem="shipyard" craftedItems="forecastle=1" image="forecastle.png" soundPrefix="wood" type="wood" achievement="nothing" onComplete="nothing" tooltip="Kinakailangan upang gumawa ng deckhouse."/>
		<item ingrediens="wood=3" requiredItem="shipyard" craftedItems="cabin truss=1" image="truss.png" soundPrefix="wood" type="wood" achievement="nothing" onComplete="nothing" tooltip="Ginagamit upang gumawa ng mga dampa."/>
		<item ingrediens="cabin truss=6" requiredItem="shipyard" craftedItems="cabin roof=1" image="roof.png" soundPrefix="wood" type="" achievement="Nagawa na ang Bubong !" onComplete="nothing" tooltip="Ginagamit upang gumawa ng mga dampa."/>
		<item ingrediens="wood=1" requiredItem="shipyard" craftedItems="cabin door=1" image="door.png" soundPrefix="wood" type="wood" achievement="nothing" onComplete="nothing" tooltip="Ginagamit upang gumawa ng mga dampa."/>
		<item ingrediens="planks=45,cabin roof=1,cabin door=1" requiredItem="shipyard" craftedItems="cabin=1" image="cabin.png" soundPrefix="wood" type="wood" achievement="nothing" onComplete="nothing" tooltip="Kinakailangan upang gumawa ng deckhouse."/>
		<item ingrediens="forecastle=1,cabin=1,deck=1" requiredItem="shipyard" craftedItems="deckhouse=1" image="deckhouse.png" soundPrefix="wood" type="wood" achievement="nothing" onComplete="nothing" tooltip="Kinakailangan upang gumawa ng lantsa."/>
		<item ingrediens="hull=1,deckhouse=1" requiredItem="shipyard" craftedItems="barge=1" image="barge.png" soundPrefix="wood" type="wood" achievement="Nagawa na ang Barge !" onComplete="nothing" tooltip="Kinakailangan upang gumawa ng barko."/>
		<item ingrediens="wool=6,log=1" requiredItem="shipyard" craftedItems="upper sail=1" image="upperSail.png" soundPrefix="wood" type="wood" achievement="Naikabit na ang layag !" onComplete="nothing" tooltip="Kinakailangan upang gumawa ng sagwan."/>
		<item ingrediens="wool=28,log=2" requiredItem="shipyard" craftedItems="main sail=1" image="mainSail.png" soundPrefix="wood" type="wood" achievement="Naikabit na ang layag !" onComplete="nothing" tooltip="Kinakailangan upang gumawa ng sagwan."/>
		<item ingrediens="log=4,upper sail=1,main sail=1" requiredItem="shipyard" craftedItems="mast=1" image="mast.png" soundPrefix="wood" type="wood" achievement="Nagawa na ang Mast !" onComplete="nothing" tooltip="Kinakailangan upang gumawa ng barko."/>
		<item ingrediens="planks=12,deck=1" requiredItem="shipyard" craftedItems="lookout=1" image="lookout.png" soundPrefix="wood" type="wood" achievement="nothing" onComplete="nothing" tooltip="Kinakailangan upang gumawa ng barko."/>
		<item ingrediens="barge=1,mast=1,lookout=1" requiredItem="shipyard" craftedItems="ship=1" image="ship.png" soundPrefix="wood" type="wood" achievement="Nagawa na ang Barko !" onComplete="nothing" tooltip="Kinakailangan upang bumuo ng isang plotilya."/>
		<item ingrediens="ship=3" requiredItem="map" craftedItems="port=1" image="port.png" soundPrefix="wood" type="wood" achievement="Matatag na Daungan !" onComplete="markMap Trading Post-966-426,beatLocation" tooltip="Kinakailangan upang makapaglayag sa Grindcraftia."/>
		<item ingrediens="nothing=0" requiredItem="port" craftedItems="port exporter=1" image="port.png" soundPrefix="" type="" achievement="nothing" onComplete="navigateToUrl 1ABDd8" tooltip="I-download."/>
		</crafters>
	
	<grinds>
		<item name="hand" img="hand.png" drops="hand=1" dependency="none" timeToBreak="" achievement=""></item>
		<item name="wood" img="wood.png" drops="wood=1" dependency="hand,wood axe,stone axe,woodsman,iron axe,gold axe,diamond axe" timeToBreak="3,1.5,0.75,0.74,0.5,0.375,0.1875" achievement="Sinuntok ang Puno !"></item>
		<item name="grass" img="grass.png" drops="seeds=1" dependency="wood sword,stone sword,woodsman,iron sword,gold sword,diamond sword" timeToBreak=".5,.4,.3,.2,.1,.05" achievement="Nailipat ang Damo !"></item>
		<item name="dirt" img="dirt.png" drops="dirt=1" dependency="wood shovel,stone shovel,woodsman,iron shovel,gold shovel,diamond shovel" timeToBreak="0.375,0.1875,0.1874,0.125,0.0938,0.06" achievement=""></item>
		<item name="water" img="water.png" drops="water=1" dependency="bucket,woodsman" timeToBreak="0.125,0.1875" achievement=""></item>
		<item name="lava" img="lava.png" drops="lava=1" dependency="bucket,miner" timeToBreak="0.05,0.05" achievement=""></item>
		<item name="gravel" img="gravel.png" drops="flint=.1" dependency="wood shovel,stone shovel,miner,iron shovel,gold shovel,diamond shovel" timeToBreak="0.45,0.225,0.224,0.15,0.1125,0.08" achievement=""></item>
		<item name="stone" img="stone.png" drops="cobblestone=1" dependency="wood pick,stone pick,miner,iron pick,gold pick,diamond pick" timeToBreak="1.125,0.5625,0.5624,0.375,0.2813,0.19" achievement="Stone begot !"></item>
		<item name="coal ore" img="coalOre.png" drops="coal=1" dependency="wood pick,stone pick,miner,iron pick,gold pick,diamond pick" timeToBreak="2.25,1.125,1.124,0.75,0.5625,0.25" achievement="Nagtrabaho sa isang minahan ng karbon !"></item>
		<item name="iron ore" img="ironOre.png" drops="iron ore=1" dependency="stone pick,miner,iron pick,gold pick,diamond pick" timeToBreak="1.25,1.24,1.125,0.75,0.4" achievement=""></item>
		<item name="gold ore" img="goldOre.png" drops="gold ore=1" dependency="iron pick,miner,gold pick,diamond pick" timeToBreak="1.25,1.8,0.75,0.5" achievement="Ginto !"></item>
		<item name="diamond ore" img="diamondOre.png" drops="diamond=1" dependency="gold pick,miner,diamond pick" timeToBreak="0.75,1.8,0.5" achievement=""></item>
		<item name="sugar cane" img="sugarCane.png" drops="sugar cane=1" dependency="wood sword,stone sword,gardener,iron sword,gold sword,diamond sword" timeToBreak="0.38,0.36,0.34,0.3,0.25,0.19" achievement=""></item>
		<item name="wheat" img="wheat.png" drops="wheat=.66,seeds=.33" dependency="wood sword,stone sword,gardener,iron sword,gold sword,diamond sword" timeToBreak="0.38,0.36,0.34,0.3,0.25,0.19" achievement=""></item>
		<item name="zombie" img="zombie.png" drops="nothing=0" dependency="wood sword,stone sword,hunter,iron sword,gold sword,diamond sword" timeToBreak="2.5,2.49,2.48,2.08,1.79,1" achievement=""></item>
		<item name="skeleton" img="skeleton.png" drops="arrow=0.5" dependency="wood sword,stone sword,hunter,iron sword,gold sword,diamond sword" timeToBreak="2.2,2.19,2.18,1.83,1.57,1" achievement=""></item>
		<item name="witch" img="witch.png" drops="witch=4" dependency="trap" timeToBreak="3" achievement=""></item>
		<item name="zombie villager" img="zombieVillager.png" drops="zombie villager=4" dependency="trap" timeToBreak="1.67" achievement=""></item>
		<item name="spider" img="spider.png" drops="string=0.5" dependency="wood sword,stone sword,hunter,iron sword,gold sword,diamond sword" timeToBreak="1.8,1.79,1.78,1.5,1.29,1" achievement=""></item>
		<item name="slime" img="slime.png" drops="slime ball=0.5" dependency="wood sword,stone sword,hunter,butcher,iron sword,gold sword,diamond sword" timeToBreak="1,0.99,0.98,0.97,0.83,0.714,0.638" achievement=""></item>
		<item name="chicken" img="chicken.png" drops="feather=0.5" dependency="wood sword,stone sword,hunter,butcher,iron sword,gold sword,diamond sword" timeToBreak="0.4,.39,.38,.37,.33,.286,.26" achievement=""></item>
		<item name="cow" img="cow.png" drops="leather=2" dependency="wood sword,stone sword,hunter,butcher,iron sword,gold sword,diamond sword" timeToBreak="1,.99,.98,.97,.83,.714,.638" achievement=""></item>
		<item name="pig" img="pig.png" drops="nothing=0" dependency="wood sword,stone sword,hunter,butcher,iron sword,gold sword,diamond sword" timeToBreak="1,.99,.98,.97,.83,.714,.638" achievement=""></item>
		<item name="sheep" img="sheep.png" drops="wool=0.5" dependency="wood sword,stone sword,hunter,butcher,iron sword,gold sword,diamond sword" timeToBreak=".8,.79,.78,.77,.667,.57,.5" achievement=""></item>
		<item name="horse" img="horse.png" drops="horse=1" dependency="lead" timeToBreak="1" achievement=""></item>
	</grinds>
	
	<grinders>
		<item name="overworld" generates="wood,grass,dirt,water" occurance="29,4,65,4" img="overworld.png" maxIncrease="0"></item>
		<item name="mine" generates="stone,gravel,coal ore,iron ore,gold ore,diamond ore,lava" occurance="100,10,14,4,3,1,5" img="mine.png" maxIncrease="0"></item>
		<item name="food" generates="nothing,sugar cane,wheat" occurance="remainder,2,2" img="food.png" maxIncrease="0"></item>
		<item name="mobs" generates="nothing,chicken,cow,pig,sheep,horse,zombie,skeleton,witch,zombie villager,spider,slime" occurance="remainder,1.75,3,1.75,1.75,1.75,1.75,1.75,1.75,1.75,1.75,0.5" img="mobs.png" maxIncrease="0"></item>
	</grinders>
		
	
	
</data>