<?xml version="1.0" encoding="utf-8" ?>
<data>
	
	
	<grinders>
		<item name="nether sleigh" generates="netherrack,blaze,ghast,nether wart,zombie pigman" occurance="10,1,1.75,1,3" img="netherSleighGrinder.png" maxIncrease="3"/>
		<item name="overworld" generates="wood,sand,water" occurance="5,20,20" img="overworld.png"/>
		<item name="mine" generates="stone,coal ore,iron ore,gold ore,diamond ore,redstone ore,obsidian" occurance="50,14,4,3,1,4,2" img="mine.png" maxIncrease="3"/>
		<item name="mobs" generates="nothing,zombie,skeleton,witch,zombie villager,spider" occurance="remainder,1.75,1.75,1.75,1.75,1.75" img="mine.png" maxIncrease="3"/>
	</grinders>
	
	<grinds>
		<item name="netherrack" img="netherrack.png" drops="netherrack=10" dependency="portal sleigh" timeToBreak="0.5624" achievement=""/>
		<item name="blaze" img="blaze.png" drops="blaze rod=.5" dependency="portal sleigh" timeToBreak="5" achievement=""/>
		<item name="blaze rod" img="blazeRod.png" drops="" dependency="" timeToBreak="" achievement=""/>
		<item name="ghast" img="ghast.png" drops="gunpowder=1" dependency="hunter" timeToBreak="4.5" achievement=""/>
		<item name="gunpowder" img="gunpowder.png" drops="" dependency="" timeToBreak="" achievement=""/>
		<item name="nether wart" img="netherWart.png" drops="nether wart=1" dependency="portal sleigh" timeToBreak="0.5" achievement=""/>
		<item name="zombie pigman" img="zombiePigman.png" drops="nothing=0" dependency="hunter" timeToBreak="2.49" achievement=""/>
		<item name="wood" img="wood.png" drops="wood=1" dependency="woodsman" timeToBreak="0.74" achievement=""/>
		<item name="sand" img="sand.png" drops="sand=1" dependency="woodsman" timeToBreak="0.1874" achievement=""/>
		<item name="water" img="water.png" drops="water=1" dependency="woodsman" timeToBreak="0.125" achievement=""/>
		<item name="stone" img="stone.png" drops="cobblestone=1" dependency="miner" timeToBreak="0.5624" achievement=""/>
		<item name="cobblestone" img="cobblestone.png" drops="" dependency="" timeToBreak="" achievement=""/>
		<item name="coal ore" img="coalOre.png" drops="coal=1" dependency="miner" timeToBreak="1.124" achievement=""/>
		<item name="coal" img="coal.png" drops="" dependency="" timeToBreak="" achievement=""/>
		<item name="iron ore" img="ironOre.png" drops="iron ore=1" dependency="miner" timeToBreak="1.24" achievement=""/>
		<item name="gold ore" img="goldOre.png" drops="gold ore=1" dependency="miner" timeToBreak="1.8" achievement=""/>
		<item name="diamond ore" img="diamondOre.png" drops="diamond=1" dependency="miner" timeToBreak="1.8" achievement=""/>
		<item name="diamond" img="diamond.png" drops="" dependency="" timeToBreak="" achievement=""/>
		<item name="redstone ore" img="redstoneOre.png" drops="redstone=4" dependency="miner" timeToBreak="1.125" achievement=""/>
		<item name="redstone" img="redstone.png" drops="" dependency="" timeToBreak="" achievement=""/>
		<item name="obsidian" img="obsidian.png" drops="obsidian=1" dependency="miner" timeToBreak="5" achievement=""/>
		<item name="zombie" img="zombie.png" drops="nothing=0" dependency="hunter" timeToBreak="2.48" achievement=""/>
		<item name="skeleton" img="skeleton.png" drops="arrow=.5" dependency="hunter" timeToBreak="2.18" achievement=""/>
		<item name="arrow" img="arrow.png" drops="" dependency="" timeToBreak="" achievement=""/>
		<item name="witch" img="witch.png" drops="witch=1" dependency="trap" timeToBreak="3" achievement=""/>
		<item name="zombie villager" img="zombieVillager.png" drops="zombie villager=1" dependency="trap" timeToBreak="1.67" achievement=""/>
		<item name="spider" img="spider.png" drops="string=.5" dependency="hunter" timeToBreak="1.78" achievement=""/>
		<item name="string" img="string.png" drops="" dependency="" timeToBreak="" achievement=""/>
		<item name="slime" img="slime.png" drops="slime ball=.5" dependency="hunter" timeToBreak="0.98" achievement=""/>
		<item name="slime ball" img="slimeBall.png" drops="" dependency="" timeToBreak="" achievement=""/>
		<item name="chicken" img="chicken.png" drops="feather=.5" dependency="wood sword,stone sword,hunter,butcher,iron sword,gold sword,diamond sword" timeToBreak="0.4,0.39,0.38,0.37,0.33,0.286,0.26" achievement=""/>
		<item name="feather" img="feather.png" drops="" dependency="" timeToBreak="" achievement=""/>
		<item name="cow" img="cow.png" drops="leather=2" dependency="wood sword,stone sword,hunter,butcher,iron sword,gold sword,diamond sword" timeToBreak="1,0.99,0.98,0.97,0.83,0.714,0.638" achievement=""/>
		<item name="leather" img="leather.png" drops="" dependency="" timeToBreak="" achievement=""/>
		<item name="pig" img="pig.png" drops="nothing=0" dependency="wood sword,stone sword,hunter,butcher,iron sword,gold sword,diamond sword" timeToBreak="1,0.99,0.98,0.97,0.83,0.714,0.638" achievement=""/>
		<item name="sheep" img="sheep.png" drops="wool=.5" dependency="wood sword,stone sword,hunter,butcher,iron sword,gold sword,diamond sword" timeToBreak="0.8,0.79,0.78,0.77,0.667,0.57,0.5" achievement=""/>
		<item name="wool" img="wool.png" drops="" dependency="" timeToBreak="" achievement=""/>
	</grinds>
<crafters>
	<item ingrediens="nothing=0" requiredItem="nothing" craftedItems="hogquartz" image="hogquartz.png" soundPrefix="metal" type="" achievement="Nagawa na ang Hogquartz !" onComplete="nothing" tooltip="Sinasanay ang mga advanced na crafter."/>
	<item ingrediens="nothing=0" requiredItem="nothing" craftedItems="gold smith=1" image="goldSmith.png" soundPrefix="hand" type="" achievement="Sinanay na panday ng ginto !" onComplete="nothing" tooltip="Ginagamit upang gumawa ng mga gintong bagay."/>
	<item ingrediens="gold smith=1" requiredItem="hogquartz" craftedItems="master smith=1" image="masterSmith.png" soundPrefix="hand" type="" achievement="Sinanay na Master smith !" onComplete="nothing" tooltip="Ginagamit upang tunawin ang mga bakal na bagay."/>
	<item ingrediens="gold soldier=1" requiredItem="master smith" craftedItems="gold soldier=0" image="goldSoldier.png" soundPrefix="hand" type="melter" achievement="Gintong sundalo !" onComplete="drop soldier=1-gold armor=1" tooltip="Inaalis ang baluti."/>
	<item ingrediens="nothing=0" requiredItem="nothing" craftedItems="soldier=1" image="soldier.png" soundPrefix="hand" type="" achievement="Magtipon !" onComplete="nothing" tooltip="Ginagamit upang gumawa ng mga sundalong obsidian."/>
	<item ingrediens="gold armor=1" requiredItem="master smith" craftedItems="gold armor=0" image="goldArmor.png" soundPrefix="metal" type="melter" achievement="Nakalas na Baluti !" onComplete="drop gold helmet=1-gold breastplate=1-gold leggings=1-gold boots=1" tooltip="Kinakalas ang baluti."/>
	<item ingrediens="gold helmet=1" requiredItem="master smith" craftedItems="gold helmet=0" image="goldHelmet.png" soundPrefix="metal" type="melter" achievement="Natunaw na ang gintong helmet !" onComplete="drop gold ingot=5" tooltip="Tinutunaw upang maging gintong ingots."/>
	<item ingrediens="gold breastplate=1" requiredItem="master smith" craftedItems="gold breastplate=0" image="goldBreastplate.png" soundPrefix="metal" type="melter" achievement="Natunaw na ang baluti sa dibdib !" onComplete="drop gold ingot=8" tooltip="Tinutunaw upang maging gintong ingots."/>
	<item ingrediens="gold leggings=1" requiredItem="master smith" craftedItems="gold leggings=0" image="goldLeggings.png" soundPrefix="metal" type="melter" achievement="Natunaw na ang gintong leggings !" onComplete="drop gold ingot=7" tooltip="Tinutunaw upang maging gintong ingots."/>
	<item ingrediens="gold boots=1" requiredItem="master smith" craftedItems="gold boots=0" image="goldBoots.png" soundPrefix="metal" type="melter" achievement="Natunaw na ang gintong bota !" onComplete="drop gold ingot=4" tooltip="Tinutunaw upang maging gintong ingots."/>
	<item ingrediens="gold knight=1" requiredItem="master smith" craftedItems="gold knight=0" image="goldKnight.png" soundPrefix="metal" type="melter" achievement="nothing" onComplete="drop gold soldier=1-war horse=1" tooltip="I-dismount ang kabalyero."/>
	<item ingrediens="war horse=1" requiredItem="master smith" craftedItems="war horse=0" image="warHorse.png" soundPrefix="" type="melter" achievement="nothing" onComplete="drop tamed horse=1-gold block=4" tooltip="Inaalis ang baluti."/>
	<item ingrediens="nothing=0" requiredItem="nothing" craftedItems="tamed horse=1" image="tamedHorse.png" soundPrefix="metal" type="" achievement="nothing" onComplete="nothing" tooltip="Ginagamit upang gumawa ng mga mount na obsidian."/>
	<item ingrediens="gold block=1" requiredItem="master smith" craftedItems="gold block=0" image="goldBlock.png" soundPrefix="metal" type="melter" achievement="nothing" onComplete="drop gold ingot=9" tooltip="Tinutunaw upang maging gintong ingots."/>
	<item ingrediens="gold pick=1" requiredItem="master smith" craftedItems="gold pick=0" image="goldPick.png" soundPrefix="metal" type="melter" achievement="Natunaw na ang gintong kasangkapan !" onComplete="drop gold ingot=3" tooltip="Tinutunaw upang maging gintong ingots."/>
	<item ingrediens="gold shovel=1" requiredItem="master smith" craftedItems="gold shovel=0" image="goldShovel.png" soundPrefix="metal" type="melter" achievement="Natunaw na ang gintong kasangkapan !" onComplete="drop gold ingot=1" tooltip="Tinutunaw upang maging gintong ingots."/>
	<item ingrediens="gold sword=1" requiredItem="master smith" craftedItems="gold sword=0" image="goldSword.png" soundPrefix="metal" type="melter" achievement="Natunaw na ang gintong kasangkapan !" onComplete="drop gold ingot=2" tooltip="Tinutunaw upang maging gintong ingots."/>
	<item ingrediens="gold axe=1" requiredItem="master smith" craftedItems="gold axe=0" image="goldAxe.png" soundPrefix="metal" type="melter" achievement="Natunaw na ang gintong kasangkapan !" onComplete="drop gold ingot=3" tooltip="Tinutunaw upang maging gintong ingots."/>
	<item ingrediens="gold hoe=1" requiredItem="master smith" craftedItems="gold hoe=0" image="goldHoe.png" soundPrefix="metal" type="melter" achievement="Natunaw na ang gintong kasangkapan !" onComplete="drop gold ingot=2" tooltip="Tinutunaw upang maging gintong ingots."/>
	<item ingrediens="iron ingot=2" requiredItem="nothing" craftedItems="gold ingot=1" image="goldIngot.png" soundPrefix="metal" type="" achievement="nothing" onComplete="nothing" tooltip="Maaaring i-transmute sa dyamante."/>
	<item ingrediens="nothing=0" requiredItem="trap" craftedItems="witch=1" image="witch.png" soundPrefix="wood" type="grind" achievement="nothing" onComplete="nothing" tooltip="Naging isang wizard."/>
	<item ingrediens="witch=1" requiredItem="priest" craftedItems="wizard=1" image="wizard.png" soundPrefix="hand" type="villager" achievement="Naging Wizard !" onComplete="nothing" tooltip="Kinakailangan upang lumikha ng mga kabayong lumilipad."/>
	<item ingrediens="wizard=1" requiredItem="hogquartz" craftedItems="apothecary=1" image="apothecary.png" soundPrefix="hand" type="" achievement="Sinanay na Apothecary !" onComplete="nothing" tooltip="Ginagamit upang gumawa ng mga potion at pampasabog."/>
	<item ingrediens="witch=1" requiredItem="hunter" craftedItems="sugar=1" image="sugar.png" soundPrefix="metal" type="" achievement="Bumaba ang asukal !" onComplete="nothing" tooltip="Kinakailangan upang makagawa ng potions."/>
	<item ingrediens="nothing=0" requiredItem="portal sleigh" craftedItems="nether wart=1" image="netherWart.png" soundPrefix="whoosh" type="grind" achievement="Binunot ang nether wart !" onComplete="nothing" tooltip="Ginagamit sa potions."/>
	<item ingrediens="sugar=1,nether wart=1" requiredItem="apothecary" craftedItems="speed potion=1" image="potion.png" soundPrefix="whoosh" type="" achievement="Gumawa ng Potion !" onComplete="nothing" tooltip="Maaring inumin."/>
	<item ingrediens="speed potion=1" requiredItem="nothing" craftedItems="use speed potion=0" image="usePotion.png" soundPrefix="whoosh" type="" achievement="Ininom ang Potion !" onComplete="speed 200" tooltip="Mayroong speedy properties."/>
	<item ingrediens="wizard=1" requiredItem="hogquartz" craftedItems="alchemist=1" image="alchemist.png" soundPrefix="hand" type="" achievement="Sinanay na Alchemist !" onComplete="nothing" tooltip="Ginagamit upang magbagong-anyo ang mga metal at kristal."/>
	<item ingrediens="gold ingot=2" requiredItem="alchemist" craftedItems="diamond=1" image="diamond.png" soundPrefix="metal" type="" achievement="Na-transmute ang dyamante !" onComplete="nothing" tooltip="I-transmute ang ginto sa mga dyamante."/>
	<item ingrediens="flying knight=1" requiredItem="master smith" craftedItems="flying knight=0" image="flyingKnight.png" soundPrefix="hand" type="melter" achievement="nothing" onComplete="drop diamond soldier=1-flying war horse=1" tooltip="I-dismount ang lumilipad na kabalyero."/>
	<item ingrediens="flying war horse=1" requiredItem="master smith" craftedItems="flying war horse=0" image="flyingWarHorse.png" soundPrefix="" type="melter" achievement="nothing" onComplete="drop tamed flying horse=1-diamond block=4" tooltip="Kinakalas ang baluti."/>
	<item ingrediens="nothing=0" requiredItem="nothing" craftedItems="tamed flying horse=1" image="tamedFlyingHorse.png" soundPrefix="" type="" achievement="nothing" onComplete="nothing" tooltip="Ginagamit upang gumawa ng mga mount na obsidian."/>
	<item ingrediens="diamond block=1" requiredItem="master smith" craftedItems="diamond block=0" image="diamondBlock.png" soundPrefix="metal" type="melter" achievement="nothing" onComplete="drop diamond=9" tooltip="Sirain upang maging dyamante."/>
	<item ingrediens="diamond soldier=1" requiredItem="master smith" craftedItems="diamond soldier=0" image="diamondSoldier.png" soundPrefix="hand" type="melter" achievement="Dyamante na sundalo !" onComplete="drop soldier=1-diamond armor=1" tooltip="Inaalis ang baluti."/>
	<item ingrediens="diamond armor=1" requiredItem="master smith" craftedItems="diamond armor=0" image="diamondArmor.png" soundPrefix="metal" type="melter" achievement="Nakalas na Baluti !" onComplete="drop diamond helmet=1-diamond breastplate=1-diamond leggings=1-diamond boots=1" tooltip="Kinakalas ang baluti."/>
	<item ingrediens="diamond helmet=1" requiredItem="master smith" craftedItems="diamond helmet=0" image="diamondHelmet.png" soundPrefix="metal" type="melter" achievement="Na-extract ang dyamante !" onComplete="drop diamond=5" tooltip="Umuubos ng mga dyamante."/>
	<item ingrediens="diamond breastplate=1" requiredItem="master smith" craftedItems="diamond breastplate=0" image="diamondBreastplate.png" soundPrefix="metal" type="melter" achievement="Na-extract ang dyamante !" onComplete="drop diamond=8" tooltip="Umuubos ng mga dyamante."/>
	<item ingrediens="diamond leggings=1" requiredItem="master smith" craftedItems="diamond leggings=0" image="diamondLeggings.png" soundPrefix="metal" type="melter" achievement="Na-extract ang dyamante !" onComplete="drop diamond=7" tooltip="Umuubos ng mga dyamante."/>
	<item ingrediens="diamond boots=1" requiredItem="master smith" craftedItems="diamond boots=0" image="diamondBoots.png" soundPrefix="metal" type="melter" achievement="Na-extract ang dyamante !" onComplete="drop diamond=4" tooltip="Umuubos ng mga dyamante."/>
	<item ingrediens="iron armor=1" requiredItem="master smith" craftedItems="iron armor=0" image="ironArmor.png" soundPrefix="metal" type="melter" achievement="Nakalas na Baluti !" onComplete="drop iron helmet=1-iron breastplate=1-iron leggings=1-iron boots=1" tooltip="Kinakalas ang baluti."/>
	<item ingrediens="iron helmet=1" requiredItem="master smith" craftedItems="iron helmet=0" image="ironHelmet.png" soundPrefix="metal" type="melter" achievement="Natunaw na ang helmet na bakal !" onComplete="drop iron ingot=5" tooltip="Tinutunaw upang maging bakal na ingots."/>
	<item ingrediens="iron breastplate=1" requiredItem="master smith" craftedItems="iron breastplate=0" image="ironBreastplate.png" soundPrefix="metal" type="melter" achievement="Natunaw na ang baluti sa dibdib !" onComplete="drop iron ingot=8" tooltip="Tinutunaw upang maging bakal na ingots."/>
	<item ingrediens="iron leggings=1" requiredItem="master smith" craftedItems="iron leggings=0" image="ironLeggings.png" soundPrefix="metal" type="melter" achievement="Natunaw na ang leggings na bakal !" onComplete="drop iron ingot=7" tooltip="Tinutunaw upang maging bakal na ingots."/>
	<item ingrediens="iron boots=1" requiredItem="master smith" craftedItems="iron boots=0" image="ironBoots.png" soundPrefix="metal" type="melter" achievement="Natunaw na ang bakal na bota !" onComplete="drop iron ingot=4" tooltip="Tinutunaw upang maging bakal na ingots."/>
	<item ingrediens="iron pick=1" requiredItem="master smith" craftedItems="iron pick=0" image="ironPick.png" soundPrefix="metal" type="melter" achievement="Natunaw na ang kasangkapang bakal !" onComplete="drop iron ingot=3" tooltip="Tinutunaw upang maging bakal na ingots."/>
	<item ingrediens="iron shovel=1" requiredItem="master smith" craftedItems="iron shovel=0" image="ironShovel.png" soundPrefix="metal" type="melter" achievement="Natunaw na ang kasangkapang bakal !" onComplete="drop iron ingot=1" tooltip="Tinutunaw upang maging bakal na ingots."/>
	<item ingrediens="iron sword=1" requiredItem="master smith" craftedItems="iron sword=0" image="ironSword.png" soundPrefix="metal" type="melter" achievement="Natunaw na ang kasangkapang bakal !" onComplete="drop iron ingot=2" tooltip="Tinutunaw upang maging bakal na ingots."/>
	<item ingrediens="iron axe=1" requiredItem="master smith" craftedItems="iron axe=0" image="ironAxe.png" soundPrefix="metal" type="melter" achievement="Natunaw na ang kasangkapang bakal !" onComplete="drop iron ingot=3" tooltip="Tinutunaw upang maging bakal na ingots."/>
	<item ingrediens="iron hoe=1" requiredItem="master smith" craftedItems="iron hoe=0" image="ironHoe.png" soundPrefix="metal" type="melter" achievement="Natunaw na ang kasangkapang bakal !" onComplete="drop iron ingot=2" tooltip="Tinutunaw upang maging bakal na ingots."/>
	<item ingrediens="nothing=0" requiredItem="nothing" craftedItems="iron ingot=1" image="ironIngot.png" soundPrefix="metal" type="" achievement="Na-transmute ang ginto !" onComplete="nothing" tooltip="I-transmute ang bakal sa ginto."/>
	<item ingrediens="nothing=0" requiredItem="miner" craftedItems="redstone=1" image="redstone.png" soundPrefix="metal" type="grind" achievement="Nagmina ng Redstone !" onComplete="nothing" tooltip="GInagamit sa redstone circuitry at mga potions."/>
	<item ingrediens="speed potion=1,redstone=1" requiredItem="apothecary" craftedItems="speed 2 potion=1" image="potion.png" soundPrefix="whoosh" type="" achievement="Gumawa ng Potion !" onComplete="nothing" tooltip="Maaring inumin."/>
	<item ingrediens="speed 2 potion=1" requiredItem="nothing" craftedItems="use speed 2 potion=0" image="usePotion.png" soundPrefix="whoosh" type="" achievement="Ininom ang Potion !" onComplete="speed 400" tooltip="Mas pangmatagalang bilis."/>
	<item ingrediens="diamond=2" requiredItem="alchemist" craftedItems="obsidian=1" image="obsidian.png" soundPrefix="metal" type="" achievement="Na-transmute ang obsidian !" onComplete="nothing" tooltip="Ginagamit upang mag-craft ng mga bagay at baluti."/>
	<item ingrediens="obsidian=5" requiredItem="master smith" craftedItems="obsidian helmet=1" image="obsidianHelmet.png" soundPrefix="metal" type="" achievement="Obsidian na helmet !" onComplete="nothing" tooltip="Kinakailangan upang gumawa ng obsidian na baluti."/>
	<item ingrediens="obsidian=8" requiredItem="master smith" craftedItems="obsidian breastplate=1" image="obsidianBreastplate.png" soundPrefix="metal" type="" achievement="Obsidian na baluti sa dibdib !" onComplete="nothing" tooltip="Kinakailangan upang gumawa ng obsidian na baluti."/>
	<item ingrediens="obsidian=7" requiredItem="master smith" craftedItems="obsidian leggings=1" image="obsidianLeggings.png" soundPrefix="metal" type="" achievement="Obsidian na leggings !" onComplete="nothing" tooltip="Kinakailangan upang gumawa ng obsidian na baluti."/>
	<item ingrediens="obsidian=4" requiredItem="master smith" craftedItems="obsidian boots=1" image="obsidianBoots.png" soundPrefix="metal" type="" achievement="Obsidian na bota !" onComplete="nothing" tooltip="Kinakailangan upang gumawa ng obsidian na baluti."/>
	<item ingrediens="obsidian helmet=1,obsidian breastplate=1,obsidian leggings=1,obsidian boots=1" requiredItem="nothing" craftedItems="obsidian armor=1" image="obsidianArmor.png" soundPrefix="metal" type="" achievement="Obsidian na baluti !" onComplete="nothing" tooltip="Kinakailangan upang gumawa ng mga sundalong obsidian."/>
	<item ingrediens="obsidian=2,stick=1" requiredItem="master smith" craftedItems="obsidian sword=1" image="obsidianSword.png" soundPrefix="metal" type="" achievement="Obsidian na espada !" onComplete="nothing" tooltip="Kinakailangan upang gumawa ng mga sundalong obsidian."/>
	<item ingrediens="wood=1" requiredItem="carpenter" craftedItems="stick=8" image="stick.png" soundPrefix="wood" type="wood" achievement="nothing" onComplete="nothing" tooltip=" Ginagamit sa paggawa ng mga kasangkapan at mga bagay na gawa sa kahoy."/>
	<item ingrediens="nothing=0" requiredItem="hunter" craftedItems="string=1" image="string.png" soundPrefix="whoosh" type="grind" achievement="nothing" onComplete="nothing" tooltip="Ginagamit upang gumawa ng mga pana."/>
	<item ingrediens="stick=3,string=3" requiredItem="fletcher" craftedItems="bow=1" image="bow.png" soundPrefix="wood" type="" achievement="Nagawa na ang Pana !" onComplete="nothing" tooltip="Kinakailangan upang gumawa ng mga sundalong obsidian."/>
	<item ingrediens="nothing=0" requiredItem="nothing" craftedItems="arrow=1" image="arrow.png" soundPrefix="whoosh" type="grind" achievement="nothing" onComplete="nothing" tooltip="Kinakailangan upang gumawa ng mga sundalong obsidian."/>
	<item ingrediens="soldier=1,obsidian armor=1,obsidian sword=1,bow=1,arrow=8" requiredItem="nothing" craftedItems="obsidian soldier=1" image="obsidianSoldier.png" soundPrefix="hand" type="villager" achievement="Obsidian na sundalo !" onComplete="nothing" tooltip="Kinakailangan upang sanayin ang mga kabalyerong obsidian."/>
	<item ingrediens="nothing=0" requiredItem="nothing" craftedItems="ton of apples=1" image="tonOfApples.png" soundPrefix="hand" type="" achievement="That&#039;s a ton !" onComplete="nothing" tooltip="Maaaring gawing bushel."/>
	<item ingrediens="ton of apples=1" requiredItem="nothing" craftedItems="bushel=12" image="bushel.png" soundPrefix="metal" type="melter" achievement="Nakolekta na mansanan !" onComplete="nothing" tooltip="Naghihiwalay sa mga gintong mansanan."/>
	<item ingrediens="bushel=1" requiredItem="nothing" craftedItems="golden apple=8" image="goldenApple.png" soundPrefix="metal" type="melter" achievement="nothing" onComplete="nothing" tooltip="Tinatanggal ang ginto mula sa mga mansanas."/>
	<item ingrediens="golden apple=1" requiredItem="alchemist" craftedItems="apple=1" image="apple.png" soundPrefix="metal" type="" achievement="Na-transmute na mansanas !" onComplete="drop gold ingot=9" tooltip="Kinakailangan upang gumawa ng enchanted na mansanas."/>
	<item ingrediens="gold ingot=9" requiredItem="nothing" craftedItems="gold block=1" image="goldBlock.png" soundPrefix="metal" type="" achievement="Nagawa na ang bloke ng Ginto !" onComplete="nothing" tooltip="Kinakailangan upang gumawa ng enchanted na mansanas."/>
	<item ingrediens="gold block=9,apple=1" requiredItem="alchemist" craftedItems="enchanted apple=1" image="enchantedApple.png" soundPrefix="metal" type="" achievement="Enchanted na mansanas !" onComplete="nothing" tooltip="Kinakailangan upang gumawa ng mga sundalong obsidian."/>
	<item ingrediens="tamed horse=1,obsidian=9,enchanted apple=1" requiredItem="master smith" craftedItems="obsidian war horse=1" image="obsidianWarHorse.png" soundPrefix="" type="" achievement="Obsidian na kabayong pandigma !" onComplete="nothing" tooltip="Kinakailangan upang sanayin ang mga kabalyerong obsidian."/>
	<item ingrediens="obsidian soldier=1,obsidian war horse=1" requiredItem="nothing" craftedItems="obsidian knight=1" image="obsidianKnight.png" soundPrefix="hand" type="villager" achievement="Obsidian na kabalyero !" onComplete="nothing" tooltip="Kinakailangan upang bumuo ng hukbong obsidian."/>
	<item ingrediens="tamed flying horse=1,obsidian=9,enchanted apple=1" requiredItem="master smith" craftedItems="obsidian flying horse=1" image="obsidianFlyingHorse.png" soundPrefix="" type="" achievement="Obsidian na kabayong lumilipad" onComplete="nothing" tooltip="Kinakailangan upang sanayin ang mga lumilipad na kabalyero ng obsidian."/>
	<item ingrediens="obsidian soldier=1,obsidian flying horse=1" requiredItem="nothing" craftedItems="obsidian flying knight=1" image="obsidianFlyingKnight.png" soundPrefix="hand" type="villager" achievement="Obsidian na kabalyerong lumilipad !" onComplete="nothing" tooltip="Kinakailangan upang bumuo ng hukbong obsidian."/>
	<item ingrediens="obsidian soldier=12,obsidian knight=4,obsidian flying knight=4" requiredItem="nothing" craftedItems="obsidian army=1" image="obsidianArmy.png" soundPrefix="metal" type="" achievement="Obsidian na hukbo !" onComplete="nothing" tooltip="Kinakailangan upang bumuo ng isang armada. "/>
	<item ingrediens="nothing=0" requiredItem="trap" craftedItems="zombie villager=1" image="zombieVillager.png" soundPrefix="wood" type="grind" achievement="nothing" onComplete="nothing" tooltip="Naging taga-nayon."/>
	<item ingrediens="zombie villager=1" requiredItem="priest" craftedItems="villager=1" image="villager.png" soundPrefix="hand" type="villager" achievement="Taga-nayon na naging zombie !" onComplete="nothing" tooltip=" Maaaring magpakadalubhasa."/>
	<item ingrediens="villager=1" requiredItem="sergeant" craftedItems="soldier=1" image="soldier.png" soundPrefix="hand" type="villager" achievement="Magtipon !" onComplete="nothing" tooltip="Ginagamit upang gumawa ng mga sundalong obsidian."/>
	<item ingrediens="wizard=1" requiredItem="hogquartz" craftedItems="redstone wizard=1" image="redstoneWizard.png" soundPrefix="hand" type="" achievement="Redstone na wizard !" onComplete="nothing" tooltip="Gumagawa ng mga redstone na bagay."/>
	<item ingrediens="cobblestone=7,bow=1,redstone=1" requiredItem="redstone wizard" craftedItems="dispenser=1" image="dispenser.png" soundPrefix="metal" type="" achievement="Nagawa na ang dispenser !" onComplete="nothing" tooltip="Ginagamit upang gumawa ng mga kanyon."/>
	<item ingrediens="wood=1" requiredItem="carpenter" craftedItems="wood slab=6" image="woodSlab.png" soundPrefix="wood" type="" achievement="nothing" onComplete="nothing" tooltip="Ginagamit upang makagawa ng mga bagay na galing sa kahoy."/>
	<item ingrediens="wood slab=5" requiredItem="carpenter" craftedItems="cannon platform=1" image="cannonPlatform.png" soundPrefix="wood" type="" achievement="Platform ng Kanyon !" onComplete="nothing" tooltip="Ginagamit upang gumawa ng mga kanyon."/>
	<item ingrediens="dispenser=3,water=1" requiredItem="nothing" craftedItems="cannon chamber=1" image="cannonChamber.png" soundPrefix="metal" type="" achievement="Silid ng Kanyon !" onComplete="nothing" tooltip="Ginagamit upang gumawa ng mga kanyon."/>
	<item ingrediens="cobblestone=1,coal=1" requiredItem="furnace" craftedItems="stone=1" image="stone.png" soundPrefix="metal" type="" achievement="Nasunog na ang bato !" onComplete="nothing" tooltip="Ginagamit upang gumawa ng mga buton."/>
	<item ingrediens="stone=1" requiredItem="mason" craftedItems="button=1" image="button.png" soundPrefix="metal" type="" achievement="Nagawa na ang buton !" onComplete="nothing" tooltip="Ginagamit upang gumawa ng mga redstone na bagay."/>
	<item ingrediens="stick=1,redstone=1" requiredItem="redstone wizard" craftedItems="redstone torch=1" image="redstoneTorch.png" soundPrefix="wood" type="" achievement="Redstone na sulo !" onComplete="nothing" tooltip="Ginagamit upang makagawa ng repeaters."/>
	<item ingrediens="redstone torch=1,button=1,redstone=2" requiredItem="redstone wizard" craftedItems="cannon trigger=1" image="cannonTrigger.png" soundPrefix="wood" type="" achievement="Gatilyo ng kanyon !" onComplete="nothing" tooltip="Ginagamit upang gumawa ng mga kanyon."/>
	<item ingrediens="nothing=0" requiredItem="miner" craftedItems="gunpowder=1" image="gunpowder.png" soundPrefix="dirt" type="grind" achievement="Pulbura" onComplete="nothing" tooltip="Ginagamit sa mga pampasabog."/>
	<item ingrediens="nothing=0" requiredItem="nothing" craftedItems="sand=1" image="sand.png" soundPrefix="dirt" type="grind" achievement="Buhangin na hinukay !" onComplete="nothing" tooltip="Ginagamit upang gumawa ng tnt."/>
	<item ingrediens="gunpowder=5,sand=4" requiredItem="apothecary" craftedItems="tnt=1" image="tnt.png" soundPrefix="dirt" type="" achievement="Nagawa na ang TNT !" onComplete="nothing" tooltip="Ginagamit upang gumawa ng mga kanyon."/>
	<item ingrediens="cannon platform=1,cannon chamber=1,cannon trigger=1,tnt=64" requiredItem="redstone wizard" craftedItems="cannon=1" image="cannon.png" soundPrefix="metal" type="" achievement="Nabuo na ang kanyon !" onComplete="nothing" tooltip="Ginagamit upang gumawa ng baril  ng barko."/>
	<item ingrediens="nothing=0" requiredItem="nothing" craftedItems="ship=1" image="ship.png" soundPrefix="" type="" achievement="Barko !" onComplete="nothing" tooltip="Ginagamit upang makapaglayag sa Grindcraftia."/>
	<item ingrediens="ship=1,cannon=2" requiredItem="nothing" craftedItems="gunship=1" image="gunship.png" soundPrefix="metal" type="" achievement="Nakalagay na ang baril ng barko !" onComplete="nothing" tooltip="Kinakailangan upang bumuo ng isang armada. "/>
	<item ingrediens="obsidian army=1,gunship=3" requiredItem="nothing" craftedItems="armada=1" image="armada.png" soundPrefix="metal" type="" achievement="Gawa sa Armada !" onComplete="markMap Strongs Isle-207-1041,beatLocation" tooltip="Kinakailangan upang makapunta sa Strong Isle."/>
	<item ingrediens="nothing=0" requiredItem="armada" craftedItems="armada exporter=1" image="armada.png" soundPrefix="" type="" achievement="nothing" onComplete="navigateToUrl 1JcZeg" tooltip="I-download."/>
	<item ingrediens="nothing=0" requiredItem="miner" craftedItems="cobblestone=1" image="cobblestone.png" soundPrefix="metal" type="grind" achievement="nothing" onComplete="nothing" tooltip="Ginagamit sa paggawa ng mga gusali."/>
	<item ingrediens="cobblestone=8" requiredItem="mason" craftedItems="furnace=1" image="furnace.png" soundPrefix="" type="" achievement="Nagawa na ang Hurno !" onComplete="nothing" tooltip=" Kinakailangan upang matunaw ang bakal at ginto."/>
	<item ingrediens="nothing=0" requiredItem="miner" craftedItems="coal=1" image="coal.png" soundPrefix="metal" type="grind" achievement="nothing" onComplete="nothing" tooltip="Ginagamit sa pagtunaw ng mga ingots."/>
	<item ingrediens="cobblestone=1,coal=1" requiredItem="furnace" craftedItems="stone=1" image="stone.png" soundPrefix="metal" type="" achievement="Nasunog na ang bato !" onComplete="nothing" tooltip="Ginagamit upang gumawa ng mga buton."/>
	<item ingrediens="nothing=0" requiredItem="miner" craftedItems="gold ore=1" image="goldOre.png" soundPrefix="metal" type="grind" achievement="nothing" onComplete="nothing" tooltip="Ginagamit upang tunawin ang mga gintong ingots."/>
	<item ingrediens="coal=1,gold ore=1" requiredItem="furnace" craftedItems="gold ingot=1" image="goldIngot.png" soundPrefix="metal" type="metal" achievement="Natunaw na ang Gintong ingot !" onComplete="nothing" tooltip="Ginagamit upang mag-craft ng mga gintong kasangkapan at baluti."/>
	<item ingrediens="nothing=0" requiredItem="nothing" craftedItems="woodsman=1" image="woodsman.png" soundPrefix="hand" type="" achievement="nothing" onComplete="nothing" tooltip="Get&#039;s stuff from the overworld."/>
	<item ingrediens="nothing=0" requiredItem="nothing" craftedItems="carpenter=1" image="carpenter.png" soundPrefix="hand" type="" achievement="nothing" onComplete="nothing" tooltip=" Gumagawa ng mga bagay mula sa kahoy."/>
	<item ingrediens="nothing=0" requiredItem="nothing" craftedItems="miner=1" image="miner.png" soundPrefix="hand" type="" achievement="nothing" onComplete="nothing" tooltip="Magmina magmina."/>
	<item ingrediens="nothing=0" requiredItem="nothing" craftedItems="mason=1" image="mason.png" soundPrefix="hand" type="" achievement="nothing" onComplete="nothing" tooltip=" Maaaring magtayo ng mga advanced na istraktura"/>
	<item ingrediens="nothing=0" requiredItem="nothing" craftedItems="hunter=1" image="hunter.png" soundPrefix="hand" type="" achievement="nothing" onComplete="nothing" tooltip="Naghahanap ng mga mobs."/>
	<item ingrediens="nothing=0" requiredItem="nothing" craftedItems="priest=1" image="priest.png" soundPrefix="hand" type="" achievement="Sinanay na Pari !" onComplete="nothing" tooltip="Ginagawang mga wizards ang mga witches."/>
	<item ingrediens="nothing=0" requiredItem="nothing" craftedItems="sergeant=1" image="sergeant.png" soundPrefix="hand" type="" achievement="Sarhento na natanggap !" onComplete="nothing" tooltip="Ginagawang mga sundalo ang mga taga-nayon."/>
	<item ingrediens="nothing=0" requiredItem="nothing" craftedItems="fletcher=1" image="fletcher.png" soundPrefix="hand" type="" achievement="Sinanay na Fletcher !" onComplete="nothing" tooltip="Nagka-craft ng mga pana at palaso."/>
	<item ingrediens="nothing=0" requiredItem="woodsman" craftedItems="wood=1" image="wood.png" soundPrefix="wood" type="grind" achievement="nothing" onComplete="nothing" tooltip="Ginagamit upang mag-craft ng mga bagay mula sa kahoy."/>
	<item ingrediens="nothing=0" requiredItem="nothing" craftedItems="trap=1" image="trap.png" soundPrefix="wood" type="" achievement="Nagawa na ang bitag !" onComplete="nothing" tooltip="Kinakailangan para mahuli ang mangkukulam."/>
	<item ingrediens="nothing=0" requiredItem="miner" craftedItems="iron ore=1" image="ironOre.png" soundPrefix="metal" type="grind" achievement="nothing" onComplete="nothing" tooltip=" Ginagamit sa pagtunaw ng mga iron ingots."/>
	<item ingrediens="coal=1,iron ore=1" requiredItem="furnace" craftedItems="iron ingot=1" image="ironIngot.png" soundPrefix="metal" type="metal" achievement="Natunaw na ang Iron ingot !" onComplete="nothing" tooltip=" Ginagamit sa pag-craft ng mga kasangkapang bakal at baluti."/>
	<item ingrediens="nothing=0" requiredItem="bucket" craftedItems="water=1" image="water.png" soundPrefix="wood" type="grind" achievement="nothing" onComplete="nothing" tooltip=" Ginagamit sa paglikha ng hardin."/>
	<item ingrediens="nothing=0" requiredItem="nothing" craftedItems="city state=1" image="cityState.png" soundPrefix="" type="" achievement="Estado ng Lungsod !" onComplete="nothing" tooltip="Gud job."/>
	<item ingrediens="nothing=0" requiredItem="nothing" craftedItems="port=1" image="port.png" soundPrefix="wood" type="wood" achievement="Matatag na Daungan !" onComplete="nothing" tooltip="Kinakailangan upang makapaglayag sa Grindcraftia."/>
	<item ingrediens="nothing=0" requiredItem="nothing" craftedItems="portal sleigh=1" image="portalSleigh.png" soundPrefix="metal" type="" achievement="Portal sleigh !" onComplete="nothing" tooltip="Ginagamit upang maglakbay sa nether."/>
</crafters>
</data>