<?xml version="1.0" encoding="utf-8" ?>
<data>
	<grinders>
		<item name="gunship" generates="launcher,tnt" occurance="100,100" img="gunshipGrinder.png" maxIncrease="0"/>
		<item name="end" generates="sword swing,arrow launch" occurance="50,50" img="endGrinder.png" maxIncrease="0"/>
		<item name="nether sleigh" generates="netherrack,nether wart" occurance="16,1" img="netherSleighGrinder.png" maxIncrease="1"/>
		<item name="mobs" generates="zombie,skeleton,witch" occurance="8,7.75,1.75" img="mobs.png" maxIncrease="1"/>
	</grinders>
	
	<grinds>
		<item name="launcher" img="launcher.png" drops="fodder=1" dependency="armada" timeToBreak="1" achievement=""/>
		<item name="fodder" img="fodder.png" drops="" dependency="" timeToBreak="" achievement=""/>
		<item name="tnt" img="tnt.png" drops="tnt=1" dependency="obsidian army" timeToBreak="1" achievement=""/>
		<item name="sword swing" img="swordSwing.png" drops="sword swing=1" dependency="obsidian soldier" timeToBreak="0.5" achievement=""/>
		<item name="arrow launch" img="arrowLaunch.png" drops="arrow launch=1" dependency="obsidian soldier" timeToBreak="0.5" achievement=""/>
		<item name="netherrack" img="netherrack.png" drops="netherrack=1" dependency="portal sleigh" timeToBreak="0.5" achievement=""/>
		<item name="nether wart" img="netherWart.png" drops="nether wart=1" dependency="portal sleigh" timeToBreak="0.5" achievement=""/>
		<item name="witch" img="witch.png" drops="sugar=1" dependency="strongs isle" timeToBreak="2" achievement=""/>
		<item name="sugar" img="sugar.png" drops="" dependency="nothing=0" timeToBreak="" achievement=""/>
		<item name="zombie" img="zombie.png" drops="nothing=0" dependency="strongs isle" timeToBreak="2.48" achievement=""/>
		<item name="skeleton" img="skeleton.png" drops="nothing=0" dependency="strongs isle" timeToBreak="2.18" achievement=""/>
	</grinds>
	
<crafters>
   <item ingrediens="fodder=1" requiredItem="armada" craftedItems="fodder=0" image="fodder.png" soundPrefix="explosion" type="" achievement="Pinasabog na ang TNT !" onComplete="explode crater,drop crater=1" tooltip="Ginagamit upang pasabugin ang Strong Isle." />
   <item ingrediens="nothing=0" requiredItem="nothing" craftedItems="crater=0" image="crater.png" soundPrefix="dirt" type="" achievement="Sumabog na ang Crater !" onComplete="nothing" tooltip="Ginagamit upang pasabugin ang Strong Isle." />
   <item ingrediens="crater=96" requiredItem="nothing" craftedItems="destroyed isle=1" image="destroyedIsle.png" soundPrefix="explosion" type="" achievement="Nalantad na ang tanggulan !" onComplete="explode destroyed isle" tooltip="Ginagamit upang makapasok sa stronghold." />
   <item ingrediens="armada=1" requiredItem="destroyed isle" craftedItems="armada=0" image="armada.png" soundPrefix="whoosh" type="" achievement="nothing" onComplete="drop obsidian army=1-gunship=3,automate gunship" tooltip="I-unload ang hukbong obsidian." />
   <item ingrediens="nothing=0" requiredItem="obsidian army" craftedItems="tnt=1" image="tnt.png" soundPrefix="dirt" type="grind" achievement="nothing" onComplete="nothing" tooltip="Kinakailangan upang gumawa ng mga kumpol ng tnt." />
   <item ingrediens="tnt=27" requiredItem="nothing" craftedItems="tnt cluster=0" image="tntCluster.png" soundPrefix="explosion" type="" achievement="nothing" onComplete="explode big crater,drop big crater=1" tooltip="Ginagamit upang pasabugin ang Strong Isle." />
   <item ingrediens="nothing=0" requiredItem="nothing" craftedItems="big crater=0" image="bigCrater.png" soundPrefix="dirt" type="" achievement="Sumabog na ang malaking crater !" onComplete="nothing" tooltip="Ginagamit upang pasabugin ang Strong Isle." />
   <item ingrediens="big crater=5" requiredItem="nothing" craftedItems="stronghold breach=1" image="strongholdBreach.png" soundPrefix="explosion" type="" achievement="Nasira na ang Tanggulan !" onComplete="explode stronghold breach" tooltip="Ginagamit upang sirain ang stronghold." />
   <item ingrediens="nothing=0" requiredItem="stronghold breach" craftedItems="stronghold breach exporter=1" image="strongholdBreach.png" soundPrefix="" type="" achievement="nothing" onComplete="navigateToUrl 1JiDIQ" tooltip="I-download." />
   <item ingrediens="tnt=8" requiredItem="stronghold breach" craftedItems="small tnt cluster=0" image="smallTntCluster.png" soundPrefix="explosion" type="" achievement="Maliit na kumpol ng TNT !" onComplete="explode demolition,drop demolition=1" tooltip="Ginagamit upang pasabugin ang stronghold." />
   <item ingrediens="nothing=0" requiredItem="nothing" craftedItems="demolition=1" image="demolition.png" soundPrefix="" type="" achievement="nothing" onComplete="nothing" tooltip="Nangyari ang pagsabog." />
   <item ingrediens="demolition=1" requiredItem="nothing" craftedItems="empty room=1" image="emptyRoom.png" soundPrefix="explosion" type="" achievement="nothing" onComplete="explode empty room" tooltip=" Kinakailangan upang maabot ang dulo ng portal room." />
   <item ingrediens="demolition=2" requiredItem="nothing" craftedItems="stone staircase=1" image="stoneStaircase.png" soundPrefix="explosion" type="" achievement="nothing" onComplete="explode stone staircase" tooltip=" Kinakailangan upang maabot ang dulo ng portal room." />
   <item ingrediens="demolition=2" requiredItem="nothing" craftedItems="chest corridor=1" image="chestCorridor.png" soundPrefix="explosion" type="" achievement="nothing" onComplete="explode chest corridor" tooltip=" Kinakailangan upang maabot ang dulo ng portal room." />
   <item ingrediens="demolition=2" requiredItem="nothing" craftedItems="stone spiral staircase=1" image="stoneSpiralStaircase.png" soundPrefix="explosion" type="" achievement="nothing" onComplete="explode stone spiral staircase" tooltip=" Kinakailangan upang maabot ang dulo ng portal room." />
   <item ingrediens="demolition=2" requiredItem="nothing" craftedItems="stronghold fountain=1" image="strongholdFountain.png" soundPrefix="explosion" type="" achievement="nothing" onComplete="explode stronghold fountain" tooltip=" Kinakailangan upang maabot ang dulo ng portal room." />
   <item ingrediens="demolition=3" requiredItem="nothing" craftedItems="prison cell=1" image="prisonCell.png" soundPrefix="explosion" type="" achievement="nothing" onComplete="explode prison cell" tooltip=" Kinakailangan upang maabot ang dulo ng portal room." />
   <item ingrediens="demolition=4" requiredItem="nothing" craftedItems="five way crossing=1" image="fiveWayCrossing.png" soundPrefix="explosion" type="" achievement="nothing" onComplete="explode five way crossing" tooltip=" Kinakailangan upang maabot ang dulo ng portal room." />
   <item ingrediens="demolition=4" requiredItem="nothing" craftedItems="store room=1" image="storeRoom.png" soundPrefix="explosion" type="" achievement="nothing" onComplete="explode store room" tooltip=" Kinakailangan upang maabot ang dulo ng portal room." />
   <item ingrediens="demolition=4" requiredItem="nothing" craftedItems="stronghold library=1" image="strongholdLibrary.png" soundPrefix="explosion" type="" achievement="nothing" onComplete="explode stronghold library" tooltip=" Kinakailangan upang maabot ang dulo ng portal room." />
   <item ingrediens="stone staircase=1,chest corridor=1,five way crossing=1,prison cell=1,stone spiral staircase=1,store room=1,empty room=1,stronghold fountain=1,stronghold library=1" requiredItem="nothing" craftedItems="end portal room=1" image="endPortalRoom.png" soundPrefix="" type="" achievement="Nahanap ang silid ng portal !" onComplete="automate end,stopGrinder gunship" tooltip="Kinakailangan upang paganahin ang dulo ng portal." />
   <item ingrediens="nothing=0" requiredItem="nothing" craftedItems="eyes of ender=1" image="eyesOfEnder.png" soundPrefix="" type="" achievement="nothing" onComplete="nothing" tooltip="Kinakailangan upang paganahin ang dulo ng portal." />
   <item ingrediens="end portal room=1,eyes of ender=1" requiredItem="nothing" craftedItems="end portal=1" image="endPortal.png" soundPrefix="" type="" achievement="Na-activate ang dulo ng portal !" onComplete="showGrinder end" tooltip="Kinakailangan upang makapunta sa The End." />
   <item ingrediens="nothing=0" requiredItem="end portal" craftedItems="end portal exporter=1" image="endPortal.png" soundPrefix="" type="" achievement="nothing" onComplete="navigateToUrl 1JoGKQ" tooltip="I-download." />
   <item ingrediens="obsidian army=1" requiredItem="end portal" craftedItems="obsidian army=0" image="obsidianArmy.png" soundPrefix="metal" type="" achievement="Obsidian na hukbo !" onComplete="drop obsidian soldier=12-obsidian knight=4-obsidian flying knight=4" tooltip="Kinakailangan upang labanan ang ender na dragon." />
   <item ingrediens="nothing=0" requiredItem="nothing" craftedItems="obsidian soldier=1" image="obsidianSoldier.png" soundPrefix="hand" type="" achievement="Obsidian na sundalo !" onComplete="nothing" tooltip="Kinakailangan upang labanan ang ender na dragon." />
   <item ingrediens="nothing=0" requiredItem="nothing" craftedItems="obsidian knight=1" image="obsidianKnight.png" soundPrefix="hand" type="" achievement="Obsidian na kabalyero !" onComplete="nothing" tooltip="Kinakailangan upang labanan ang ender na dragon." />
   <item ingrediens="nothing=0" requiredItem="nothing" craftedItems="obsidian flying knight=1" image="obsidianFlyingKnight.png" soundPrefix="hand" type="" achievement="Obsidian na kabalyerong lumilipad !" onComplete="nothing" tooltip="Kinakailangan upang labanan ang ender na dragon." />
   <item ingrediens="nothing=0" requiredItem="obsidian soldier" craftedItems="sword swing=1" image="swordSwing.png" soundPrefix="metal" type="grind" achievement="Ikinampay ang espada !" onComplete="nothing" tooltip="Kinakailangan upang labanan ang ender na dragon." />
   <item ingrediens="nothing=0" requiredItem="obsidian soldier" craftedItems="arrow launch=1" image="arrowLaunch.png" soundPrefix="metal" type="grind" achievement="Inilunsad ang palaso !" onComplete="nothing" tooltip="Kinakailangan upang labanan ang ender na dragon." />
   <item ingrediens="arrow launch=8" requiredItem="nothing" craftedItems="ender crystal=1" image="enderCrystal.png" soundPrefix="metal" type="" achievement="Ender na kristal !" onComplete="nothing" tooltip="Kinakailangan upang matalo ang ender na dragon." />
   <item ingrediens="ender crystal=12" requiredItem="nothing" craftedItems="ender dragon=1" image="enderDragon.png" soundPrefix="" type="" achievement="Ender na dragon !" onComplete="drop dragon tail 1=8" tooltip="Kinakailangan upang labanan ang ender na dragon." />
   <item ingrediens="dragon tail 1=1,arrow launch=1" requiredItem="obsidian soldier" craftedItems="dragon tail 1=0" image="dragonTail1.png" soundPrefix="explosion" type="melter" achievement="Nasira ang buntot !" onComplete="explode dragon tail 1,drop dragon tail 2=1" tooltip="Atakihin ang buntot." />
   <item ingrediens="dragon tail 2=1,arrow launch=1" requiredItem="obsidian soldier" craftedItems="dragon tail 2=0" image="dragonTail2.png" soundPrefix="explosion" type="melter" achievement="Nasira ang buntot !" onComplete="explode dragon tail 2,drop dragon tail 3=1" tooltip="Atakihin ang buntot." />
   <item ingrediens="dragon tail 3=1,arrow launch=1" requiredItem="obsidian soldier" craftedItems="dragon tail 3=0" image="dragonTail3.png" soundPrefix="explosion" type="melter" achievement="Nasira ang buntot !" onComplete="explode dragon tail 3,drop dragon left wing 1=1" tooltip="Atakihin ang buntot." />
   <item ingrediens="nothing=0" requiredItem="nothing" craftedItems="nothing=0" image="" soundPrefix="" type="" achievement="" onComplete="nothing" tooltip="" />
   <item ingrediens="dragon left wing 1=1,arrow launch=1" requiredItem="obsidian soldier" craftedItems="dragon left wing 1=0" image="dragonLeftWing1.png" soundPrefix="explosion" type="melter" achievement="Nasira ang pakpak !" onComplete="explode dragon left wing 1,drop dragon left wing 2=2" tooltip="Atakihin ang pakpak." />
   <item ingrediens="dragon left wing 2=1,arrow launch=1" requiredItem="obsidian soldier" craftedItems="dragon left wing 2=0" image="dragonLeftWing2.png" soundPrefix="explosion" type="melter" achievement="Nasira ang pakpak !" onComplete="explode dragon left wing 2,drop dragon left wing 3=2" tooltip="Atakihin ang pakpak." />
   <item ingrediens="dragon left wing 3=4,arrow launch=4" requiredItem="obsidian flying knight" craftedItems="dragon left wing 3=0" image="dragonLeftWing3.png" soundPrefix="explosion" type="melter" achievement="Nasira ang pakpak !" onComplete="explode dragon left wing 3,explode dragon left wing 2,explode dragon left wing 1,drop dragon left wing 4=1" tooltip="Atakihin ang pakpak." />
   <item ingrediens="nothing=0" requiredItem="nothing" craftedItems="nothing=0" image="" soundPrefix="" type="" achievement="" onComplete="nothing" tooltip="" />
   <item ingrediens="nothing=0" requiredItem="nothing" craftedItems="nothing=0" image="" soundPrefix="" type="" achievement="" onComplete="nothing" tooltip="" />
   <item ingrediens="dragon right wing 1=1,arrow launch=1" requiredItem="obsidian soldier" craftedItems="dragon right wing 1=0" image="dragonRightWing1.png" soundPrefix="explosion" type="melter" achievement="Nasira ang pakpak !" onComplete="explode dragon right wing 1,drop dragon right wing 2=2" tooltip="Atakihin ang pakpak." />
   <item ingrediens="dragon right wing 2=1,arrow launch=1" requiredItem="obsidian soldier" craftedItems="dragon right wing 2=0" image="dragonRightWing2.png" soundPrefix="explosion" type="melter" achievement="Nasira ang pakpak !" onComplete="explode dragon right wing 2,drop dragon right wing 3=2" tooltip="Atakihin ang pakpak." />
   <item ingrediens="dragon body 1=1,sword swing=1" requiredItem="obsidian knight" craftedItems="dragon body 1=0" image="dragonBody1.png" soundPrefix="explosion" type="melter" achievement="Nasira ang katawan !" onComplete="explode dragon body 1,drop dragon body 2=2" tooltip="Atakihin ang katawan." />
   <item ingrediens="dragon body 2=1,sword swing=1" requiredItem="obsidian knight" craftedItems="dragon body 2=0" image="dragonBody2.png" soundPrefix="explosion" type="melter" achievement="Nasira ang katawan !" onComplete="explode dragon body 2,drop dragon body 3=2" tooltip="Atakihin ang katawan." />
   <item ingrediens="dragon left wing 4=1,arrow launch=1" requiredItem="obsidian soldier" craftedItems="dragon left wing 4=0" image="dragonLeftWing4.png" soundPrefix="explosion" type="melter" achievement="Nasira ang pakpak !" onComplete="explode dragon left wing 4,drop dragon left wing 5=2" tooltip="Atakihin ang pakpak." />
   <item ingrediens="dragon left wing 5=1,arrow launch=1" requiredItem="obsidian soldier" craftedItems="dragon left wing 5=0" image="dragonLeftWing5.png" soundPrefix="explosion" type="melter" achievement="Nasira ang pakpak !" onComplete="explode dragon left wing 5,drop dragon left wing 6=2" tooltip="Atakihin ang pakpak." />
   <item ingrediens="dragon left wing 6=2,arrow launch=2" requiredItem="obsidian flying knight" craftedItems="dragon left wing 6=0" image="dragonLeftWing6.png" soundPrefix="explosion" type="melter" achievement="Nasira ang pakpak !" onComplete="explode dragon left wing 6,explode dragon left wing 5,explode dragon left wing 4,explode dragon left wing 3,explode dragon left wing 2,explode dragon left wing1,drop dragon right wing 1=1" tooltip="Atakihin ang pakpak." />
   <item ingrediens="nothing=0" requiredItem="nothing" craftedItems="nothing=0" image="" soundPrefix="" type="" achievement="" onComplete="nothing" tooltip="" />
   <item ingrediens="dragon right wing 3=4,arrow launch=4" requiredItem="obsidian flying knight" craftedItems="dragon right wing 3=0" image="dragonRightWing3.png" soundPrefix="explosion" type="melter" achievement="Nasira ang pakpak !" onComplete="explode dragon right wing 3,explode dragon right wing 2,explode dragon right wing 1,drop dragon right wing 4=1" tooltip="Atakihin ang pakpak." />
   <item ingrediens="dragon right wing 4=1,arrow launch=1" requiredItem="obsidian soldier" craftedItems="dragon right wing 4=0" image="dragonRightWing4.png" soundPrefix="explosion" type="melter" achievement="Nasira ang pakpak !" onComplete="explode dragon right wing 4,drop dragon right wing 5=2" tooltip="Atakihin ang pakpak." />
   <item ingrediens="dragon right wing 5=1,arrow launch=1" requiredItem="obsidian soldier" craftedItems="dragon right wing 5=0" image="dragonRightWing5.png" soundPrefix="explosion" type="melter" achievement="Nasira ang pakpak !" onComplete="explode dragon right wing 5,drop dragon right wing 6=2" tooltip="Atakihin ang pakpak." />
   <item ingrediens="dragon body 3=1,sword swing=1" requiredItem="obsidian knight" craftedItems="dragon body 3=0" image="dragonBody3.png" soundPrefix="explosion" type="melter" achievement="Nasira ang katawan !" onComplete="explode dragon body 3,drop dragon neck 1=1" tooltip="Atakihin ang katawan." />
   <item ingrediens="dragon neck 1=4,sword swing=4" requiredItem="obsidian knight" craftedItems="dragon neck 1=0" image="dragonNeck1.png" soundPrefix="explosion" type="melter" achievement="Nasira ang leeg !" onComplete="explode dragon neck 1,drop dragon neck 2=1" tooltip="Atakihin ang leeg." />
   <item ingrediens="dragon neck 2=1,sword swing=1" requiredItem="obsidian knight" craftedItems="dragon neck 2=0" image="dragonNeck2.png" soundPrefix="explosion" type="melter" achievement="Nasira ang leeg !" onComplete="explode dragon neck 2,drop dragon neck 3=4" tooltip="Atakihin ang leeg." />
   <item ingrediens="nothing=0" requiredItem="nothing" craftedItems="nothing=0" image="" soundPrefix="" type="" achievement="" onComplete="nothing" tooltip="" />
   <item ingrediens="nothing=0" requiredItem="nothing" craftedItems="nothing=0" image="" soundPrefix="" type="" achievement="" onComplete="nothing" tooltip="" />
   <item ingrediens="dragon right wing 6=1,arrow launch=1" requiredItem="obsidian soldier" craftedItems="dragon right wing 6=0" image="dragonRightWing6.png" soundPrefix="explosion" type="melter" achievement="Nasira ang pakpak !" onComplete="explode dragon right wing 6,drop dragon right wing 7=2" tooltip="Atakihin ang pakpak." />
   <item ingrediens="dragon right wing 7=4,arrow launch=4" requiredItem="obsidian flying knight" craftedItems="dragon right wing 7=0" image="dragonRightWing7.png" soundPrefix="explosion" type="melter" achievement="Nasira ang pakpak !" onComplete="explode dragon right wing 7,explode dragon right wing 6,explode dragon right wing 5,explode dragon right wing 4,explode dragon right wing 3,explode dragon right wing 2,explode dragon right wing 1,drop dragon body 1=1" tooltip="Atakihin ang pakpak." />
   <item ingrediens="nothing=0" requiredItem="nothing" craftedItems="nothing=0" image="" soundPrefix="" type="" achievement="" onComplete="nothing" tooltip="" />
   <item ingrediens="nothing=0" requiredItem="nothing" craftedItems="nothing=0" image="" soundPrefix="" type="" achievement="" onComplete="nothing" tooltip="" />
   <item ingrediens="nothing=0" requiredItem="nothing" craftedItems="nothing=0" image="" soundPrefix="" type="" achievement="" onComplete="nothing" tooltip="" />
   <item ingrediens="dragon neck 3=1,sword swing=1" requiredItem="obsidian knight" craftedItems="dragon neck 3=0" image="dragonNeck3.png" soundPrefix="explosion" type="melter" achievement="Nasira ang leeg !" onComplete="explode dragon neck 3,drop dragon head=4" tooltip="Atakihin ang leeg." />
   <item ingrediens="nothing=0" requiredItem="nothing" craftedItems="dragon head=0" image="dragonHead.png" soundPrefix="explosion" type="" achievement="Nasira ang ulo !" onComplete="nothing" tooltip="Talunin ang ender na dragon." />
   <item ingrediens="dragon head=512" requiredItem="nothing" craftedItems="dragon egg=1" image="dragonEgg.png" soundPrefix="explosion" type="" achievement="Itlog ng dragon !" onComplete="markMap Trading Post-966-426,explode dragon head,beatGame,explode dragon tail 3,explode dragon tail 2,explode dragon tail 1,explode dragon left wing 6,explode dragon left wing 5,explode dragon left wing 4,explode dragon left wing 3,explode dragon left wing 2,explode dragon left wing1,explode dragon right wing 7,explode dragon right wing 6,explode dragon right wing 5,explode dragon right wing 4,explode dragon right wing 3,explode dragon right wing 2,explode dragon right wing 1,explode dragon body 3,explode dragon body 2,explode dragon body 1,explode dragon neck 3,explode dragon neck 2,explode dragon neck 1" tooltip="Kinakailangan upang matalo ang GrindCraft !" />
   <item ingrediens="nothing=0" requiredItem="nothing" craftedItems="apothecary=1" image="apothecary.png" soundPrefix="hand" type="" achievement="Sinanay na Apothecary !" onComplete="nothing" tooltip="Ginagamit upang gumawa ng mga potion at pampasabog." />
   <item ingrediens="nothing=0" requiredItem="obsidian soldier" craftedItems="sugar=1" image="sugar.png" soundPrefix="metal" type="grind" achievement="Bumaba ang asukal !" onComplete="nothing" tooltip="Kinakailangan upang makagawa ng potions." />
   <item ingrediens="nothing=0" requiredItem="portal sleigh" craftedItems="nether wart=1" image="netherWart.png" soundPrefix="whoosh" type="grind" achievement="Binunot ang nether wart !" onComplete="nothing" tooltip="Ginagamit sa potions." />
   <item ingrediens="sugar=1,nether wart=1" requiredItem="apothecary" craftedItems="speed potion=1" image="potion.png" soundPrefix="whoosh" type="" achievement="Gumawa ng Potion !" onComplete="nothing" tooltip="Maaring inumin." />
   <item ingrediens="speed potion=1" requiredItem="nothing" craftedItems="use speed potion=0" image="usePotion.png" soundPrefix="whoosh" type="" achievement="Ininom ang Potion !" onComplete="speed 200" tooltip="Mayroong speedy properties." />
   <item ingrediens="nothing=0" requiredItem="nothing" craftedItems="redstone=1" image="redstone.png" soundPrefix="metal" type="" achievement="Nagmina ng Redstone !" onComplete="nothing" tooltip="GInagamit sa redstone circuitry at mga potions." />
   <item ingrediens="speed potion=1,redstone=1" requiredItem="nothing" craftedItems="speed 2 potion=1" image="potion.png" soundPrefix="whoosh" type="" achievement="Gumawa ng Potion !" onComplete="nothing" tooltip="Maaring inumin." />
   <item ingrediens="speed 2 potion=1" requiredItem="nothing" craftedItems="use speed 2 potion=0" image="usePotion.png" soundPrefix="whoosh" type="" achievement="Ininom ang Potion !" onComplete="speed 400" tooltip="Mas pangmatagalang bilis." />
   <item ingrediens="nothing=0" requiredItem="nothing" craftedItems="gunship=1" image="gunship.png" soundPrefix="" type="" achievement="Nakalagay na ang baril ng barko !" onComplete="nothing" tooltip="Kinakailangan upang makapaglayag sa Grindcraftia." />
   <item ingrediens="nothing=0" requiredItem="nothing" craftedItems="gold ore=1" image="goldOre.png" soundPrefix="" type="" achievement="nothing" onComplete="nothing" tooltip="Ginagamit upang tunawin ang mga gintong ingots." />
   <item ingrediens="nothing=0" requiredItem="nothing" craftedItems="gold ingot=1" image="goldIngot.png" soundPrefix="" type="" achievement="Natunaw na ang Gintong ingot !" onComplete="nothing" tooltip="Ginagamit upang mag-craft ng mga gintong kasangkapan at baluti." />
   <item ingrediens="nothing=0" requiredItem="nothing" craftedItems="diamond=1" image="diamond.png" soundPrefix="" type="" achievement="" onComplete="nothing" tooltip="Ginagamit sa pag-craft ng mga kasangkapang dyamante at baluti." />
   <item ingrediens="nothing=0" requiredItem="nothing" craftedItems="obsidian=1" image="obsidian.png" soundPrefix="" type="" achievement="" onComplete="nothing" tooltip="Ginagamit sa pag-craft ng baluting obsidian at mga portal." />
   <item ingrediens="nothing=0" requiredItem="nothing" craftedItems="city state=1" image="cityState.png" soundPrefix="" type="" achievement="Estado ng Lungsod !" onComplete="nothing" tooltip="Ang iyong unang build." />
   <item ingrediens="nothing=0" requiredItem="nothing" craftedItems="port=1" image="port.png" soundPrefix="" type="" achievement="Matatag na Daungan !" onComplete="nothing" tooltip="Kinakailangan upang makapaglayag sa Grindcraftia." />
   <item ingrediens="nothing=0" requiredItem="nothing" craftedItems="portal sleigh=1" image="portalSleigh.png" soundPrefix="metal" type="" achievement="Portal sleigh !" onComplete="nothing" tooltip="Ginagamit upang maglakbay sa nether." />
   <item ingrediens="nothing=0" requiredItem="nothing" craftedItems="strongs isle=1" image="strongsIsle.png" soundPrefix="" type="" achievement="nothing" onComplete="nothing" tooltip="" />
   <item ingrediens="nothing=0" requiredItem="strongs isle" craftedItems="strongs isle exporter=1" image="strongsIsle.png" soundPrefix="" type="" achievement="nothing" onComplete="navigateToUrl 1Jd37O" tooltip="I-download." />
</crafters>
</data>