<?xml version="1.0" encoding="utf-8" ?>
<data>
	<grinders>
		<item name="overworld" generates="wood,dirt" occurance="29,65" img="overworld.png" maxIncrease="5" />
		<item name="mine" generates="stone,gravel,coal ore,iron ore,gold ore,diamond ore,obsidian,lava,spider,slime" occurance="50,5,14,4,3,1,2,5,1.75,0.5" img="mine.png" maxIncrease="5"/>
		<item name="nether mobs" generates="nothing,zombie pigman,blaze,ghast" occurance="remainder,3,1,1.75" img="netherMobs.png" maxIncrease="0"/>
		<item name="nether" generates="nothing,netherrack" occurance="remainder,50" img="nether.png" maxIncrease="0"/>
	</grinders>
	
	<grinds>
		<item name="hand" img="hand.png" drops="hand=1" dependency="none" timeToBreak="" achievement=""></item>
		<item name="wood" img="wood.png" drops="wood=1" dependency="hand,woodsman,iron axe,gold axe,diamond axe" timeToBreak="3,0.74,0.5,0.375,0.1875" achievement="Drzewo uderzone!"></item>
		<item name="grass" img="grass.png" drops="seeds=1" dependency="woodsman,iron sword,gold sword,diamond sword" timeToBreak=".3,.2,.1,.05" achievement="Trawa wykoszona!"></item>
		<item name="dirt" img="dirt.png" drops="dirt=1" dependency="woodsman,iron shovel,gold shovel,diamond shovel" timeToBreak="0.1875,0.1874,0.125,0.0938,0.06" achievement=""></item>
		<item name="water" img="water.png" drops="water=1" dependency="bucket,woodsman" timeToBreak="0.125,0.1875" achievement=""></item>
		<item name="lava" img="lava.png" drops="lava=1" dependency="minecraft" timeToBreak="0.05" achievement=""></item>
		<item name="gravel" img="gravel.png" drops="flint=.1" dependency="miner,iron shovel,gold shovel,diamond shovel" timeToBreak="0.224,0.15,0.1125,0.08" achievement=""></item>
		<item name="stone" img="stone.png" drops="cobblestone=1" dependency="miner,iron pick,gold pick,diamond pick" timeToBreak="0.5625,0.5624,0.375,0.2813,0.19" achievement="Kamień zrodzony!"></item>
		<item name="coal ore" img="coalOre.png" drops="coal=1" dependency="scaffolding" timeToBreak="0.75" achievement=""></item>
		<item name="iron ore" img="ironOre.png" drops="iron ore=1" dependency="scaffolding" timeToBreak="1.125" achievement=""></item>
		<item name="gold ore" img="goldOre.png" drops="gold ore=1" dependency="iron pick,miner,gold pick,diamond pick" timeToBreak="1.25,1.8,0.75,0.5" achievement="Złoto!"></item>
		<item name="diamond ore" img="diamondOre.png" drops="diamond=1" dependency="minecart" timeToBreak="1.8" achievement=""></item>
		<item name="obsidian" img="obsidian.png" drops="obsidian=1" dependency="minecart" timeToBreak="5" achievement=""></item>
		<item name="zombie" img="zombie.png" drops="nothing=0" dependency="hunter,iron sword,gold sword,diamond sword" timeToBreak="2.48,2.08,1.79,1" achievement=""></item>
		<item name="skeleton" img="skeleton.png" drops="arrow=0.5" dependency="hunter,iron sword,gold sword,diamond sword" timeToBreak="2.18,1.83,1.57,1" achievement=""></item>
		<item name="witch" img="witch.png" drops="witch=1" dependency="trap" timeToBreak="3" achievement=""></item>
		<item name="zombie villager" img="zombieVillager.png" drops="zombie villager=1" dependency="trap" timeToBreak="1.67" achievement=""></item>
		<item name="spider" img="spider.png" drops="string=0.5" dependency="hunter,iron sword,gold sword,diamond sword" timeToBreak="1.78,1.5,1.29,1" achievement=""></item>
		<item name="string" img="string.png" drops="" dependency="" timeToBreak="" achievement=""></item>
		<item name="slime" img="slime.png" drops="slime ball=0.5" dependency="hunter,iron sword,gold sword,diamond sword" timeToBreak="0.98,0.83,0.714,0.638" achievement=""></item>
		<item name="slime ball" img="slime ball.png" drops="" dependency="" timeToBreak="" achievement=""></item>
		<item name="chicken" img="chicken.png" drops="feather=0.5" dependency="hunter,iron sword,gold sword,diamond sword" timeToBreak=".38,.33,.286,.26" achievement=""></item>
		<item name="feather" img="feather.png" drops="" dependency="" timeToBreak="" achievement=""></item>
		<item name="cow" img="cow.png" drops="leather=2" dependency="hunter,iron sword,gold sword,diamond sword" timeToBreak=".98,.83,.714,.638" achievement=""></item>
		<item name="leather" img="leather.png" drops="" dependency="" timeToBreak="" achievement=""></item>
		<item name="pig" img="pig.png" drops="nothing=0" dependency="hunter,iron sword,gold sword,diamond sword" timeToBreak=".98,.83,.714,.638" achievement=""></item>
		<item name="sheep" img="sheep.png" drops="wool=0.5" dependency="hunter,iron sword,gold sword,diamond sword" timeToBreak=".78,.667,.57,.5" achievement=""></item>
		<item name="wool" img="wool.png" drops="" dependency="" timeToBreak="" achievement=""></item>
		<item name="horse" img="horse.png" drops="horse=1" dependency="lead" timeToBreak="1" achievement=""></item>
		<item name="sugar cane" img="sugarCane.png" drops="sugar cane=1" dependency="gardener,iron sword,gold sword,diamond sword" timeToBreak="0.34,0.3,0.25,0.19" achievement=""></item>
		<item name="wheat" img="wheat.png" drops="wheat=.66,seeds=.33" dependency="gardener,iron sword,gold sword,diamond sword" timeToBreak="0.34,0.3,0.25,0.19" achievement=""></item>
		<item name="netherrack" img="netherrack.png" drops="netherrack=10" dependency="pigman worker" timeToBreak="0.56" achievement="Nether udręczony"></item>
		<item name="zombie pigman" img="zombiePigman.png" drops="zombie pigman=1" dependency="iron trap" timeToBreak="2.49" achievement=""></item>
		<item name="blaze" img="blaze.png" drops="blaze rod=.5" dependency="nether fortress" timeToBreak="5" achievement=""></item>
		<item name="blaze rod" img="blazeRod.png" drops="" dependency="" timeToBreak="" achievement=""></item>
		<item name="ghast" img="ghast.png" drops="ghast=1" dependency="ghast trap" timeToBreak="4.5" achievement=""></item>
		<item name="spider" img="spider.png" drops="string=0.5" dependency="hunter,iron sword,gold sword,diamond sword" timeToBreak="1.78,1.5,1.29,1" achievement=""></item>
		<item name="slime" img="slime.png" drops="slime ball=0.5" dependency="hunter,iron sword,gold sword,diamond sword" timeToBreak=".98,.83,.714,.638" achievement=""></item>
		<item name="slime ball" img="slimeBall.png" drops="" dependency="" timeToBreak="" achievement=""></item>
		<item name="witherSkeleton" img="witherSkeleton.png" drops="coal=.5,bone=.67" dependency="hunter,iron sword,gold sword,diamond sword" timeToBreak="5,4.25,3.67,3" achievement=""></item>
	</grinds>
	
<crafters>
	<item ingrediens="wood=1" requiredItem="carpenter" craftedItems="wood slab=6" image="woodSlab.png" soundPrefix="wood" type="wood" achievement="nothing" onComplete="nothing" tooltip="Wymagane do budowy pomostów."/>
	<item ingrediens="wood slab=9" requiredItem="carpenter" craftedItems="deck=1" image="deck.png" soundPrefix="wood" type="wood" achievement="nothing" onComplete="nothing" tooltip="Wymagane do zbudowania rusztowania."/>
	<item ingrediens="wood=6" requiredItem="carpenter" craftedItems="fence=9" image="fence.png" soundPrefix="wood" type="wood" achievement="nothing" onComplete="nothing" tooltip="Służy do budowy zagród."/>
	<item ingrediens="fence=3" requiredItem="carpenter" craftedItems="post=1" image="post.png" soundPrefix="wood" type="wood" achievement="nothing" onComplete="nothing" tooltip="Wymagane do zbudowania platformy."/>
	<item ingrediens="deck=1,post=4" requiredItem="carpenter" craftedItems="platform=1" image="platform.png" soundPrefix="wood" type="wood" achievement="nothing" onComplete="nothing" tooltip="Wymagane do zbudowania rusztowania."/>
	<item ingrediens="wood=1" requiredItem="carpenter" craftedItems="ladder=3" image="ladder.png" soundPrefix="wood" type="wood" achievement="nothing" onComplete="nothing" tooltip="Wymagane do zbudowania rusztowania."/>
	<item ingrediens="platform=1,deck=1,wood=1,ladder=5" requiredItem="carpenter" craftedItems="scaffold=1" image="scaffold.png" soundPrefix="wood" type="wood" achievement="Rusztowanie zbudowane!" onComplete="nothing" tooltip="Wymagane do budowy rusztowań."/>
	<item ingrediens="deck=1,fence=6" requiredItem="carpenter" craftedItems="bridge=1" image="bridge.png" soundPrefix="wood" type="wood" achievement="Most zbudowany!" onComplete="nothing" tooltip="Wymagane do budowy rusztowań."/>
	<item ingrediens="scaffold=6,bridge=1" requiredItem="nothing" craftedItems="scaffolding=1" image="scaffolding.png" soundPrefix="wood" type="wood" achievement="Rusztowanie zbudowane!" onComplete="nothing" tooltip="Wymagane do dotarcia na dno przepaści."/>
	<item ingrediens="cobblestone=8" requiredItem="crafting table" craftedItems="furnace=1" image="furnace.png" soundPrefix="" type="" achievement="Piec stworzony!" onComplete="nothing" tooltip="Wymagany do wytapiania żelaza i złota."/>
	<item ingrediens="nothing=0" requiredItem="iron pick,gold pick,diamond pick" craftedItems="coal=1" image="coal.png" soundPrefix="metal" type="grind" achievement="nothing" onComplete="nothing" tooltip="Używany do wytapiania sztabek."/>
	<item ingrediens="nothing=0" requiredItem="iron pick,gold pick,diamond pick" craftedItems="iron ore=1" image="ironOre.png" soundPrefix="metal" type="grind" achievement="nothing" onComplete="nothing" tooltip="Służy do wytapiania sztabek żelaza."/>
	<item ingrediens="coal=1,iron ore=1" requiredItem="furnace" craftedItems="iron ingot=1" image="ironIngot.png" soundPrefix="metal" type="metal" achievement="Żelazna sztabka wytopiona!" onComplete="nothing" tooltip="Służy do wytwarzania żelaznych narzędzi i zbroi."/>
	<item ingrediens="wood=1,iron ingot=6" requiredItem="crafting table" craftedItems="rail=16" image="rail.png" soundPrefix="metal" type="" achievement="Szyna stworzona!" onComplete="nothing" tooltip="Wymagane do budowy mostu kolejowego."/>
	<item ingrediens="stick=3,iron ingot=2" requiredItem="crafting table" craftedItems="spike maul=1" image="spikeMaul.png" soundPrefix="metal" type="" achievement="Spike maul stworzony!" onComplete="nothing" tooltip="Wymagane do przeszkolenia pracownika kolei."/>
	<item ingrediens="iron ingot=3" requiredItem="crafting table" craftedItems="line bar=1" image="lineBar.png" soundPrefix="metal" type="" achievement="Pasek liniowy stworzony!" onComplete="nothing" tooltip="Wymagane do przeszkolenia pracownika kolei."/>
	<item ingrediens="nothing=0" requiredItem="nothing" craftedItems="contractor=1" image="contractor.png" soundPrefix="hand" type="villager" achievement="Wykonawca zatrudniony!" onComplete="nothing" tooltip="Tworzy mieszkanie."/>
	<item ingrediens="contractor=1,spike maul=1,line bar=1" requiredItem="nothing" craftedItems="rail worker=1" image="railWorker.png" soundPrefix="hand" type="" achievement="Kolejarz przeszkolony!" onComplete="nothing" tooltip="Wymagane do budowy mostu kolejowego."/>
	<item ingrediens="platform=1,rail=3" requiredItem="rail worker" craftedItems="rail bridge=1" image="railBridge.png" soundPrefix="metal" type="" achievement="Most kolejowy zbudowany!" onComplete="nothing" tooltip="Wymagane do budowy kolei."/>
	<item ingrediens="rail bridge=24" requiredItem="rail worker" craftedItems="railway=1" image="railway.png" soundPrefix="metal" type="" achievement="Kolej zbudowana!" onComplete="nothing" tooltip="Wymagane do dotarcia do głębi jaskiń."/>
	<item ingrediens="nothing=0" requiredItem="railway" craftedItems="railway exporter=1" image="railway.png" soundPrefix="" type="" achievement="nothing" onComplete="navigateToUrl 1ENHZc" tooltip="Pobierz."/>
	<item ingrediens="iron ingot=5" requiredItem="railway" craftedItems="minecart=1" image="minecart.png" soundPrefix="metal" type="" achievement="Wagonik stworzony!" onComplete="nothing" tooltip="Wymagane do dotarcia do głębi jaskiń."/>
	<item ingrediens="nothing=0" requiredItem="minecart" craftedItems="obsidian=1" image="obsidian.png" soundPrefix="metal" type="grind" achievement="Obsydian zdobyty!" onComplete="nothing" tooltip="Służy do budowy portalu."/>
	<item ingrediens="iron ingot=1,flint=1" requiredItem="crafting table" craftedItems="flint and steel=1" image="flintAndSteel.png" soundPrefix="metal" type="" achievement="Krzemień i stal !" onComplete="nothing" tooltip="Służy do budowy portalu."/>
	<item ingrediens="obsidian=25" requiredItem="flint and steel" craftedItems="portal=1" image="portal.png" soundPrefix="metal" type="" achievement="Portal zbudowany!" onComplete="showGrinder nether" tooltip="Kiedyś chodził do Netheru."/>
	<item ingrediens="wood=1" requiredItem="carpenter" craftedItems="pressure plate=1" image="pressurePlate.png" soundPrefix="wood" type="" achievement="nothing" onComplete="nothing" tooltip="Wymagane do zbudowania pułapki."/>
	<item ingrediens="iron ingot=6" requiredItem="crafting table" craftedItems="iron door=1" image="ironDoor.png" soundPrefix="metal" type="" achievement="Żelazne drzwi wykonane!" onComplete="nothing" tooltip="Wymagane do zbudowania pułapki."/>
	<item ingrediens="iron door=4,pressure plate=1" requiredItem="portal" craftedItems="iron trap=1" image="ironTrap.png" soundPrefix="metal" type="" achievement="Żelazna pułapka zbudowana!" onComplete="automate nether mobs" tooltip="Wymagany do łapania zombie pigmenów."/>
	<item ingrediens="nothing=0" requiredItem="portal" craftedItems="zombie pigman=1" image="zombiePigman.png" soundPrefix="hand" type="grind" achievement="Zombie pigman uwięziony!" onComplete="nothing" tooltip="Wymagane, aby zmienić Zombie Pigmena."/>
	<item ingrediens="nothing=0" requiredItem="nothing" craftedItems="priest=1" image="priest.png" soundPrefix="hand" type="villager" achievement="nothing" onComplete="autocraft pigman=1" tooltip="Wymagane, aby zmienić Zombie Pigmena."/>
	<item ingrediens="zombie pigman=1" requiredItem="priest" craftedItems="pigman=1" image="pig.png" soundPrefix="" type="" achievement="Chinny chin chin!" onComplete="nothing" tooltip="Może budować rzeczy."/>
	<item ingrediens="pigman=1" requiredItem="nothing" craftedItems="pigman worker=1" image="pigmanWorker.png" soundPrefix="hand" type="" achievement="Pigman wyszkolony!" onComplete="automate nether" tooltip="Wymagane do zdobycia netherracka."/>
	<item ingrediens="pigman worker=1" requiredItem="spike maul" craftedItems="worker pork=1" image="workerPork.png" soundPrefix="hand" type="" achievement="Porfikowany!" onComplete="deautomate nether" tooltip="Porfikuje pracownika pigmana."/>
	<item ingrediens="nothing=0" requiredItem="pigman worker" craftedItems="netherrack=10" image="netherrack.png" soundPrefix="" type="grind" achievement="Nether udręczony" onComplete="nothing" tooltip="Wymagane do tworzenia netherowych cegieł."/>
	<item ingrediens="netherrack=10" requiredItem="furnace" craftedItems="nether brick=40" image="netherBrick.png" soundPrefix="" type="" achievement="Netherowa cegła wytopiona!" onComplete="nothing" tooltip="Wymagane do stworzenia netherblocka."/>
	<item ingrediens="nether brick=40" requiredItem="crafting table" craftedItems="netherblock=10" image="netherblock.png" soundPrefix="" type="" achievement="Netherblock stworzony!" onComplete="nothing" tooltip="Wymagane do tworzenia konstrukcji z netherowych cegieł."/>
	<item ingrediens="netherblock=36" requiredItem="nothing" craftedItems="nether section=1" image="netherSection.png" soundPrefix="" type="" achievement="Sekcja Netheru zbudowana!" onComplete="nothing" tooltip="Wymagane do budowy netherowych filarów i korytarzy"/>
	<item ingrediens="pigman=1" requiredItem="nothing" craftedItems="pigman smelter=1" image="pigmanSmelter.png" soundPrefix="hand" type="" achievement="Pigman hutnik!" onComplete="autocraft nether brick=.5" tooltip="Automatyczne wytwarzanie netherowych cegieł."/>
	<item ingrediens="pigman=1" requiredItem="nothing" craftedItems="pigman mason=1" image="pigmanMason.png" soundPrefix="hand" type="" achievement="Pigman murarz!" onComplete="autocraft netherblock=.5" tooltip="Auto-crafting Netherblock z netherowych cegieł."/>
	<item ingrediens="pigman=1" requiredItem="nothing" craftedItems="pigman builder=1" image="pigmanBuilder.png" soundPrefix="hand" type="" achievement="Pigman budowniczy" onComplete="autocraft nether section=.5" tooltip="Auto-tworzy sekcje Netheru."/>
	<item ingrediens="nether section=7" requiredItem="nothing" craftedItems="nether pillar=1" image="netherPillar.png" soundPrefix="metal" type="" achievement="Filar Netheru!" onComplete="nothing" tooltip="Wymagane do zbudowania Netherowego Mostu."/>
	<item ingrediens="nether pillar=5" requiredItem="nothing" craftedItems="nether bridge=1" image="netherBridge.png" soundPrefix="metal" type="" achievement="Most Netheru zbudowany!" onComplete="nothing" tooltip="Wymagane do budowy Netherowych Mostów."/>
	<item ingrediens="nether bridge=10" requiredItem="nothing" craftedItems="nether bridgeways=1" image="netherBridgeways.png" soundPrefix="metal" type="" achievement="Netherowe mosty!" onComplete="nothing" tooltip="Wymagane do zbudowania zewnętrznej fortecy Netheru."/>
	<item ingrediens="pigman smelter=1" requiredItem="spike maul" craftedItems="smelter pork=1" image="smelterPork.png" soundPrefix="hand" type="" achievement="Porfikowany!" onComplete="deautocraft nether brick" tooltip="Porkifikuje hutnika pigmana."/>
	<item ingrediens="pigman mason=1" requiredItem="spike maul" craftedItems="mason pork=1" image="masonPork.png" soundPrefix="hand" type="" achievement="Porfikowany!" onComplete="deautocraft netherblock" tooltip="Porfikuje murarza pigmana."/>
	<item ingrediens="pigman builder=1" requiredItem="spike maul" craftedItems="builder pork=1" image="builderPork.png" soundPrefix="hand" type="" achievement="Porfikowany!" onComplete="deautocraft nether section" tooltip="Porkifikuje budowniczego pigmana."/>
	<item ingrediens="netherblock=6" requiredItem="crafting table" craftedItems="nether fence=6" image="netherFence.png" soundPrefix="metal" type="" achievement="Netherowe ogrodzenie stworzone!" onComplete="nothing" tooltip="Wymagane do budowy netherowych pokoi."/>
	<item ingrediens="netherblock=6" requiredItem="crafting table" craftedItems="nether stairs=6" image="netherStairs.png" soundPrefix="metal" type="" achievement="Stworzone Netherowe schody!" onComplete="nothing" tooltip="Wymagane do budowy netherowych pokoi."/>
	<item ingrediens="nether stairs=9,netherblock=16,nether fence=2" requiredItem="nothing" craftedItems="nether staircase=1" image="netherStaircase.png" soundPrefix="metal" type="" achievement="Netherowe schody!" onComplete="nothing" tooltip="Wymagane do budowy netherowych pokoi."/>
	<item ingrediens="nether section=1,nether staircase=1,nether fence=27" requiredItem="nothing" craftedItems="nether spawn=1" image="netherSpawn.png" soundPrefix="metal" type="" achievement="nothing" onComplete="nothing" tooltip="Wymagane do zbudowania zewnętrznej fortecy Netheru."/>
	<item ingrediens="netherblock=81" requiredItem="nothing" craftedItems="nether wall=1" image="netherWall.png" soundPrefix="metal" type="" achievement="nothing" onComplete="nothing" tooltip="Wymagane do zbudowania nether roomu."/>
	<item ingrediens="nether wall=6,nether fence=22" requiredItem="nothing" craftedItems="nether room=1" image="netherRoom.png" soundPrefix="metal" type="" achievement="Nether room zbudowany!" onComplete="nothing" tooltip="Można dostosować."/>
	<item ingrediens="netherblock=8,lava=1" requiredItem="nothing" craftedItems="nether well=1" image="netherWell.png" soundPrefix="metal" type="" achievement="Studnia netherowa zbudowana!" onComplete="nothing" tooltip="Wymagane do zbudowania netherowej studni."/>
	<item ingrediens="nether room=1,nether well=1" requiredItem="nothing" craftedItems="nether well room=1" image="netherWellRoom.png" soundPrefix="metal" type="" achievement="Pokój z netherową studnią!" onComplete="nothing" tooltip="Wymagane do zbudowania zewnętrznej fortecy Netheru."/>
	<item ingrediens="nether bridgeways=1,nether spawn=1,nether well room=1" requiredItem="nothing" craftedItems="nether fortress exterior=1" image="netherFortressExterior.png" soundPrefix="metal" type="" achievement="Forteca na zewnątrz!" onComplete="nothing" tooltip="Wymagane do budowy fortecy w Netherze."/>
	<item ingrediens="nether room=1,netherblock=15" requiredItem="nothing" craftedItems="nether stair room=1" image="netherStairRoom.png" soundPrefix="metal" type="" achievement="Pokój że schodami w Netherze!" onComplete="nothing" tooltip="Wymagane do zbudowania wnętrza fortecy Netheru."/>
	<item ingrediens="nether room=1,nether staircase=2" requiredItem="nothing" craftedItems="nether wart room=1" image="netherWartRoom.png" soundPrefix="metal" type="" achievement="Pokój brodawek Netheru!" onComplete="nothing" tooltip="Wymagane do zbudowania wnętrza fortecy Netheru."/>
	<item ingrediens="nether section=1,nether fence=4" requiredItem="nothing" craftedItems="nether hall section=1" image="netherHallSection.png" soundPrefix="metal" type="" achievement="nothing" onComplete="nothing" tooltip="Wymagane do zbudowania netherowego korytarza."/>
	<item ingrediens="nether hall section=7" requiredItem="nothing" craftedItems="nether hallway=1" image="netherHallway.png" soundPrefix="metal" type="" achievement="Korytarz Netheru zbudowany!" onComplete="nothing" tooltip="Wymagane do zbudowania wnętrza fortecy Netheru."/>
	<item ingrediens="nether hall section=4,nether staircase=2" requiredItem="nothing" craftedItems="nether stairwell=1" image="netherStairwell.png" soundPrefix="metal" type="" achievement="Klatka schodowa Netheru!" onComplete="nothing" tooltip="Wymagane do zbudowania wnętrza fortecy Netheru."/>
	<item ingrediens="netherblock=27,nether fence=13" requiredItem="nothing" craftedItems="nether balcony=1" image="netherBalcony.png" soundPrefix="metal" type="" achievement="Dolny balkon zbudowany!" onComplete="nothing" tooltip="Wymagane do zbudowania wnętrza fortecy Netheru."/>
	<item ingrediens="nether hallway=4,nether stairwell=1,nether balcony=1,nether wart room=1,nether stair room=1" requiredItem="nothing" craftedItems="nether fortress interior=1" image="netherFortressInterior.png" soundPrefix="metal" type="" achievement="Wnętrze twierdzy!" onComplete="nothing" tooltip="Wymagane do budowy fortecy w Netherze."/>
	<item ingrediens="nether fortress exterior=1,nether fortress interior=1" requiredItem="nothing" craftedItems="nether fortress=1" image="netherFortress.png" soundPrefix="metal" type="" achievement="Forteca Netheru!" onComplete="nothing" tooltip="Wymagane do stworzenia łapacza duchów."/>
	<item ingrediens="nothing=0" requiredItem="nether fortress" craftedItems="nether fortress exporter=1" image="netherFortress.png" soundPrefix="" type="" achievement="nothing" onComplete="navigateToUrl 1ENHzF" tooltip="Pobierz."/>
	<item ingrediens="obsidian=54" requiredItem="nether fortress" craftedItems="ghast catcher=1" image="ghastCatcher.png" soundPrefix="metal" type="" achievement="Łapacz duchów!" onComplete="nothing" tooltip="Wymagane do wykonania pułapki na duchy."/>
	<item ingrediens="cobblestone=64" requiredItem="ghast catcher" craftedItems="ghast trap=1" image="ghastTrap.png" soundPrefix="metal" type="" achievement="Pułapka na duchy!" onComplete="nothing" tooltip="Wymagane do łapania duchów."/>
	<item ingrediens="nothing=0" requiredItem="nothing" craftedItems="ghast=1" image="ghast.png" soundPrefix="hand" type="" achievement="Duch uwięziony!" onComplete="nothing" tooltip="Wymagane do oswojenia ducha."/>
	<item ingrediens="ghast=1" requiredItem="nothing" craftedItems="gunpowder=1" image="gunpowder.png" soundPrefix="whoosh" type="" achievement="proch strzelniczy!" onComplete="nothing" tooltip="Stosowany w materiałach wybuchowych"/>
	<item ingrediens="nothing=0" requiredItem="nothing" craftedItems="string=1" image="string.png" soundPrefix="whoosh" type="" achievement="nothing" onComplete="nothing" tooltip="Służy do robienia lin."/>
	<item ingrediens="nothing=0" requiredItem="iron sword,gold sword,diamond sword" craftedItems="slime ball=1" image="slimeBall.png" soundPrefix="hand" type="grind" achievement="nothing" onComplete="nothing" tooltip="Służy do robienia lin."/>
	<item ingrediens="string=4,slime ball=1" requiredItem="nothing" craftedItems="lead=1" image="lead.png" soundPrefix="whoosh" type="" achievement="Lina stworzona!" onComplete="nothing" tooltip="Służy do oswajania duchów."/>
	<item ingrediens="ghast=1,lead=1" requiredItem="nothing" craftedItems="tamed ghast=1" image="tamedGhast.png" soundPrefix="hand" type="" achievement="Duch oswojony!" onComplete="nothing" tooltip="Służy do robienia piekielnych sań."/>
	<item ingrediens="netherblock=3" requiredItem="crafting table" craftedItems="nether slab=6" image="netherSlab.png" soundPrefix="metal" type="" achievement="Netherowa płyta!" onComplete="nothing" tooltip="Służy do wykonania żebra netherowego."/>
	<item ingrediens="nether stairs=8,nether slab=4" requiredItem="nothing" craftedItems="nether rib=1" image="netherRib.png" soundPrefix="metal" type="" achievement="Zbudowane żebro Netheru!" onComplete="nothing" tooltip="Służy do robienia netherowych sań."/>
	<item ingrediens="nether rib=2" requiredItem="nothing" craftedItems="nether ski=1" image="netherSki.png" soundPrefix="metal" type="" achievement="Narty w Netherze zbudowane!" onComplete="nothing" tooltip="Służy do robienia netherowych sań."/>
	<item ingrediens="nether rib=6,nether ski=2" requiredItem="nothing" craftedItems="nether sled=1" image="netherSled.png" soundPrefix="metal" type="" achievement="Netherowe sanie!" onComplete="nothing" tooltip="Służy do robienia piekielnych sań."/>
	<item ingrediens="tamed ghast=8,nether sled=1" requiredItem="nothing" craftedItems="nether sleigh=1" image="netherSleigh.png" soundPrefix="metal" type="" achievement="Netherowe sanie!" onComplete="beatLocation" tooltip="Wymagane do pokonania Chasm Mine."/>
	<item ingrediens="nothing=0" requiredItem="nether sleigh" craftedItems="nether sleigh exporter=1" image="netherSleigh.png" soundPrefix="" type="" achievement="nothing" onComplete="navigateToUrl 1ENI60" tooltip="Pobierz."/>
	<item ingrediens="nether sled=1,portal=1" requiredItem="nothing" craftedItems="portal sled=1" image="portalSled.png" soundPrefix="metal" type="" achievement="Sanie portalowe zbudowane!" onComplete="" tooltip="Służy do robienia sań portalowych."/>
	<item ingrediens="nether sleigh=1,portal sled=1" requiredItem="nothing" craftedItems="portal sleigh=1" image="portalSleigh.png" soundPrefix="metal" type="" achievement="Portalowe sanie!" onComplete="markMap Lost Mine-748-811" tooltip="Używany do podróży do Netheru."/>
	<item ingrediens="nothing=0" requiredItem="nothing" craftedItems="miner=1" image="miner.png" soundPrefix="hand" type="villager" achievement="nothing" onComplete="automate mine" tooltip="Automatyzuje młynek do kopalni."/>
	<item ingrediens="nothing=0" requiredItem="nothing" craftedItems="hunter=1" image="hunter.png" soundPrefix="hand" type="villager" achievement="nothing" onComplete="automate mobs" tooltip="Automatyzuje mob grinder."/>
	<item ingrediens="nothing=0" requiredItem="nothing" craftedItems="woodsman=1" image="woodsman.png" soundPrefix="hand" type="villager" achievement="nothing" onComplete="automate overworld" tooltip="Automatyzuje szlifierkę światową."/>
	<item ingrediens="nothing=0" requiredItem="nothing" craftedItems="carpenter=1" image="carpenter.png" soundPrefix="hand" type="villager" achievement="nothing" onComplete="nothing" tooltip="Robi rzeczy z drewna."/>
	<item ingrediens="nothing=0" requiredItem="nothing" craftedItems="smelter=1" image="smelter.png" soundPrefix="metal" type="villager" achievement="Hutnik wyszkolony!" onComplete="autocraft iron ingot=.5,autocraft gold ingot" tooltip="Automatyczne wytwarzanie sztabek żelaza i złota."/>
	<item ingrediens="nothing=0" requiredItem="nothing" craftedItems="blaze rod=1" image="blazeRod.png" soundPrefix="metal" type="" achievement="Płonący pręt!" onComplete="nothing" tooltip="Służy do robienia eliksirów."/>
	<item ingrediens="nothing=0" requiredItem="nothing" craftedItems="arrow=4" image="arrow.png" soundPrefix="whoosh" type="" achievement="Strzały stworzone!" onComplete="nothing" tooltip="W połączeniu z kokardką."/>
	<item ingrediens="stick=2,iron ingot=3" requiredItem="crafting table" craftedItems="iron pick=1" image="ironPick.png" soundPrefix="metal" type="metal" achievement="nothing" onComplete="nothing" tooltip="Wydobywa złoto."/>
	<item ingrediens="stick=2,iron ingot=1" requiredItem="crafting table" craftedItems="iron shovel=1" image="ironShovel.png" soundPrefix="metal" type="metal" achievement="nothing" onComplete="nothing" tooltip="Łopaty do ziemi i żwiru."/>
	<item ingrediens="stick=2,iron ingot=3" requiredItem="crafting table" craftedItems="iron axe=1" image="ironAxe.png" soundPrefix="metal" type="metal" achievement="nothing" onComplete="nothing" tooltip="Rąbie drewno."/>
	<item ingrediens="stick=2,iron ingot=2" requiredItem="crafting table" craftedItems="iron hoe=1" image="ironHoe.png" soundPrefix="metal" type="metal" achievement="nothing" onComplete="nothing" tooltip="Uprawia glebę."/>
	<item ingrediens="stick=1,iron ingot=2" requiredItem="crafting table" craftedItems="iron sword=1" image="ironSword.png" soundPrefix="metal" type="metal" achievement="nothing" onComplete="nothing" tooltip="Atakuje moby."/>
	<item ingrediens="stick=2,gold ingot=3" requiredItem="crafting table" craftedItems="gold pick=1" image="goldPick.png" soundPrefix="metal" type="metal" achievement="nothing" onComplete="nothing" tooltip="Kopie diamenty."/>
	<item ingrediens="stick=2,gold ingot=1" requiredItem="crafting table" craftedItems="gold shovel=1" image="goldShovel.png" soundPrefix="metal" type="metal" achievement="nothing" onComplete="nothing" tooltip="Łopaty do ziemi i żwiru."/>
	<item ingrediens="stick=1,gold ingot=2" requiredItem="crafting table" craftedItems="gold sword=1" image="goldSword.png" soundPrefix="metal" type="metal" achievement="nothing" onComplete="nothing" tooltip="Atakuje moby."/>
	<item ingrediens="stick=2,gold ingot=3" requiredItem="crafting table" craftedItems="gold axe=1" image="goldAxe.png" soundPrefix="metal" type="metal" achievement="nothing" onComplete="nothing" tooltip="Rąbie drewno."/>
	<item ingrediens="stick=2,gold ingot=2" requiredItem="crafting table" craftedItems="gold hoe=1" image="goldHoe.png" soundPrefix="metal" type="metal" achievement="nothing" onComplete="nothing" tooltip="Uprawia glebę."/>
	<item ingrediens="nothing=0" requiredItem="minecart" craftedItems="diamond=1" image="diamond.png" soundPrefix="metal" type="grind" achievement="nothing" onComplete="nothing" tooltip="Służy do wytwarzania diamentowych narzędzi i przedmiotów."/>
	<item ingrediens="stick=2,diamond=3" requiredItem="crafting table" craftedItems="diamond pick=1" image="diamondPick.png" soundPrefix="metal" type="metal" achievement="nothing" onComplete="nothing" tooltip="Kopie szybciej."/>
	<item ingrediens="stick=2,diamond=1" requiredItem="crafting table" craftedItems="diamond shovel=1" image="diamondShovel.png" soundPrefix="metal" type="metal" achievement="nothing" onComplete="nothing" tooltip="Łopaty do ziemi i żwiru."/>
	<item ingrediens="stick=1,diamond=2" requiredItem="crafting table" craftedItems="diamond sword=1" image="diamondSword.png" soundPrefix="metal" type="metal" achievement="nothing" onComplete="nothing" tooltip="Atakuje moby."/>
	<item ingrediens="stick=2,diamond=3" requiredItem="crafting table" craftedItems="diamond axe=1" image="diamondAxe.png" soundPrefix="metal" type="metal" achievement="nothing" onComplete="nothing" tooltip="Rąbie drewno."/>
	<item ingrediens="stick=2,diamond=2" requiredItem="crafting table" craftedItems="diamond hoe=1" image="diamondHoe.png" soundPrefix="metal" type="metal" achievement="nothing" onComplete="nothing" tooltip="Uprawia glebę."/>
	<item ingrediens="nothing=0" requiredItem="iron axe,gold axe,diamond axe" craftedItems="wood=1" image="wood.png" soundPrefix="wood" type="grind" achievement="nothing" onComplete="nothing" tooltip="Służy do wytwarzania desek."/>
	<item ingrediens="nothing=0" requiredItem="iron shovel,gold shovel,diamond shovel" craftedItems="dirt=1" image="dirt.png" soundPrefix="dirt" type="grind" achievement="nothing" onComplete="nothing" tooltip="Służy do robienia gleby."/>
	<item ingrediens="nothing=0" requiredItem="iron pick,gold pick,diamond pick" craftedItems="cobblestone=1" image="cobblestone.png" soundPrefix="metal" type="grind" achievement="nothing" onComplete="nothing" tooltip="Służy do tworzenia budynków."/>
	<item ingrediens="wood=1" requiredItem="nothing" craftedItems="planks=4" image="planks.png" soundPrefix="wood" type="wood" achievement="nothing" onComplete="nothing" tooltip="Służy do wytwarzania narzędzi i przedmiotów z drewna."/>
	<item ingrediens="planks=4" requiredItem="nothing" craftedItems="crafting table=1" image="craftingTable.png" soundPrefix="wood" type="" achievement="Stół rzemieślniczy stworzony!" onComplete="nothing" tooltip="Wymagane do tworzenia przedmiotów"/>
	<item ingrediens="planks=2" requiredItem="nothing" craftedItems="stick=4" image="stick.png" soundPrefix="wood" type="wood" achievement="nothing" onComplete="nothing" tooltip="Służy do wytwarzania narzędzi i przedmiotów z drewna."/>
	<item ingrediens="nothing=0" requiredItem="iron shovel,gold shovel,diamond shovel" craftedItems="flint=1" image="flint.png" soundPrefix="dirt" type="grind" achievement="nothing" onComplete="nothing" tooltip="Służy do wytwarzania strzał."/>
	<item ingrediens="nothing=0" requiredItem="iron pick,gold pick,diamond pick" craftedItems="gold ore=1" image="goldOre.png" soundPrefix="metal" type="grind" achievement="nothing" onComplete="nothing" tooltip="Służy do wytapiania sztabek złota."/>
	<item ingrediens="coal=1,gold ore=1" requiredItem="furnace" craftedItems="gold ingot=1" image="goldIngot.png" soundPrefix="metal" type="metal" achievement="Złota sztabka wytopiona!" onComplete="nothing" tooltip="Służy do wytwarzania złotych narzędzi i zbroi."/>
	<item ingrediens="nothing=0" requiredItem="miner" craftedItems="redstone=1" image="redstone.png" soundPrefix="metal" type="grind" achievement="nothing" onComplete="nothing" tooltip="Używany do produkcji urządzeń z czerwonego kamienia."/>
	<item ingrediens="nothing=0" requiredItem="nothing" craftedItems="city state=1" image="cityState.png" soundPrefix="" type="" achievement="Miasto państwo!" onComplete="nothing" tooltip="Dobra robota."/>
	<item ingrediens="nothing=0" requiredItem="nothing" craftedItems="port=1" image="port.png" soundPrefix="wood" type="wood" achievement="Port ustanowiony!" onComplete="nothing" tooltip="Wymagane do żeglowania po Grindcraftii."/>
</crafters>
	
	
</data>