<?xml version="1.0" encoding="utf-8" ?>
<data>
 
	<grinders>
		<item name="overworld" generates="wood,sand,water" occurance="4,29,65" img="overworld.png" maxIncrease="1"/>
		<item name="mobs" generates="zombie,skeleton,spider,witch,pufferfish" occurance="3,3,3,1,1" img="mobs.png" maxIncrease="1"/>
		<item name="nether sleigh" generates="netherrack,blaze,ghast,nether wart,zombie pigman" occurance="10,1,1.75,1,3" img="netherSleighGrinder.png" maxIncrease="1"/>
		<item name="library" generates="bookshelf,out of air" occurance="9,1" img="libraryGrinder.png" maxIncrease="0"/>
	</grinders>

<grinds>
	<item name="wood" img="wood.png" drops="wood=1" dependency="woodsman" timeToBreak="0.74" achievement=""/>
	<item name="sand" img="sand.png" drops="sand=1" dependency="woodsman" timeToBreak="0.5" achievement=""/>
	<item name="water" img="water.png" drops="water=1" dependency="woodsman" timeToBreak="0.5" achievement=""/>
	<item name="zombie" img="zombie.png" drops="nothing=0" dependency="hunter" timeToBreak="2.48" achievement=""/>
	<item name="skeleton" img="skeleton.png" drops="arrow=1" dependency="hunter" timeToBreak="2.18" achievement=""/>
	<item name="arrow" img="arrow.png" drops="" dependency="" timeToBreak="" achievement=""/>
	<item name="spider" img="spider.png" drops="string=.5" dependency="hunter" timeToBreak="1.78" achievement=""/>
	<item name="string" img="string.png" drops="" dependency="" timeToBreak="" achievement=""/>
	<item name="witch" img="witch.png" drops="sugar=1" dependency="hunter" timeToBreak="2" achievement=""/>
	<item name="sugar" img="sugar.png" drops="" dependency="" timeToBreak="" achievement=""/>
	<item name="pufferfish" img="pufferfish.png" drops="pufferfish=1" dependency="fishing rod" timeToBreak="1.5" achievement=""/>
	<item name="netherrack" img="netherrack.png" drops="netherrack=10" dependency="portal sleigh" timeToBreak="0.5624" achievement=""/>
	<item name="blaze" img="blaze.png" drops="blaze rod=.5" dependency="portal sleigh" timeToBreak="5" achievement=""/>
	<item name="blaze rod" img="blazeRod.png" drops="" dependency="" timeToBreak="" achievement=""/>
	<item name="ghast" img="ghast.png" drops="gunpowder=1" dependency="hunter" timeToBreak="4.5" achievement=""/>
	<item name="gunpowder" img="gunpowder.png" drops="" dependency="" timeToBreak="" achievement=""/>
	<item name="nether wart" img="netherWart.png" drops="nether wart=1" dependency="portal sleigh" timeToBreak="0.5" achievement=""/>
	<item name="zombie pigman" img="zombiePigman.png" drops="nothing=0" dependency="hunter" timeToBreak="2.49" achievement=""/>
	<item name="bookshelf" img="bookshelf.png" drops="bookshelf=1" dependency="use breathe water" timeToBreak="1" achievement=""/>
	<item name="out of air" img="outOfAir.png" drops="out of air=1" dependency="use breathe water" timeToBreak="1" achievement=""/>
</grinds>
	
<crafters>
	<item ingrediens="nothing=0" requiredItem="woodsman" craftedItems="wood=1" image="wood.png" soundPrefix="wood" type="grind" achievement="nothing" onComplete="nothing" tooltip="Służy do wytwarzania desek i kłód."/>
	<item ingrediens="nothing=0" requiredItem="woodsman" craftedItems="sand=1" image="sand.png" soundPrefix="dirt" type="grind" achievement="Piasek wykopany!" onComplete="nothing" tooltip="Dużo tego na wyspach."/>
	<item ingrediens="nothing=0" requiredItem="nothing" craftedItems="water=1" image="water.png" soundPrefix="wood" type="grind" achievement="nothing" onComplete="nothing" tooltip="Dużo tego w morzu."/>
	<item ingrediens="nothing=0" requiredItem="nothing" craftedItems="arrow=1" image="arrow.png" soundPrefix="whoosh" type="grind" achievement="Strzały stworzone!" onComplete="nothing" tooltip="Używany z łukiem."/>
	<item ingrediens="nothing=0" requiredItem="nothing" craftedItems="string=1" image="string.png" soundPrefix="whoosh" type="grind" achievement="nothing" onComplete="nothing" tooltip="Służy do robienia lin."/>
	<item ingrediens="wood=1" requiredItem="carpenter" craftedItems="planks=4" image="planks.png" soundPrefix="wood" type="" achievement="nothing" onComplete="nothing" tooltip="Służył do robienia rzeczy z drewna."/>
	<item ingrediens="planks=2" requiredItem="carpenter" craftedItems="stick=4" image="stick.png" soundPrefix="wood" type="" achievement="nothing" onComplete="nothing" tooltip="Służy do wykonania bramy."/>
	<item ingrediens="stick=3,string=2" requiredItem="carpenter" craftedItems="fishing rod=1" image="fishingRod.png" soundPrefix="whoosh" type="" achievement="Wędka stworzona!" onComplete="nothing" tooltip="Wymagany do łowienia."/>
	<item ingrediens="nothing=0" requiredItem="fishing rod" craftedItems="pufferfish=1" image="pufferfish.png" soundPrefix="hand" type="grind" achievement="Rozdymka złapana!" onComplete="nothing" tooltip="Stosowany w eliksirach."/>
	<item ingrediens="nothing=0" requiredItem="portal sleigh" craftedItems="nether wart=1" image="netherWart.png" soundPrefix="whoosh" type="grind" achievement="Brodawka netheru zebrana!" onComplete="nothing" tooltip="Stosowany w eliksirach."/>
	<item ingrediens="nothing=0" requiredItem="nothing" craftedItems="apothecary=1" image="apothecary.png" soundPrefix="hand" type="villager" achievement="nothing" onComplete="nothing" tooltip="Robi mikstury."/>
	<item ingrediens="nether wart=1,pufferfish=1" requiredItem="apothecary" craftedItems="breathe water=1" image="potion.png" soundPrefix="hand" type="" achievement="Eliksir zrobiony!" onComplete="nothing" tooltip="Służy do oddychania pod wodą."/>
	<item ingrediens="breathe water=1" requiredItem="nothing" craftedItems="use breathe water=1" image="usePotion.png" soundPrefix="hand" type="" achievement="Eliksir wypity!" onComplete="showGrinder library,automate library" tooltip="Służy do dotarcia do podwodnej biblioteki."/>
	<item ingrediens="nothing=0" requiredItem="portal sleigh" craftedItems="netherrack=1" image="netherrack.png" soundPrefix="wood" type="grind" achievement="Nether udręczony" onComplete="nothing" tooltip="Dużo tego w Netherze."/>
	<item ingrediens="nothing=0" requiredItem="portal sleigh" craftedItems="blaze rod=1" image="blazeRod.png" soundPrefix="metal" type="grind" achievement="Płonący pręt!" onComplete="nothing" tooltip="Służy do robienia eliksirów."/>
	<item ingrediens="nothing=0" requiredItem="nothing" craftedItems="gunpowder=1" image="gunpowder.png" soundPrefix="whoosh" type="grind" achievement="proch strzelniczy!" onComplete="nothing" tooltip="Stosowany w materiałach wybuchowych"/>
	<item ingrediens="nothing=0" requiredItem="nothing" craftedItems="bookshelf=1" image="bookshelf.png" soundPrefix="wood" type="grind" achievement="Książki otrzymane!" onComplete="nothing" tooltip="Służy do układania stosów książek."/>
	<item ingrediens="nothing=0" requiredItem="nothing" craftedItems="out of air=1" image="outOfAir.png" soundPrefix="whoosh" type="grind" achievement="Zabrakło powietrza!" onComplete="hideGrinder library,deautomate library" tooltip="Skończył się eliksir oddychania wodą."/>
	<item ingrediens="bookshelf=4" requiredItem="nothing" craftedItems="bookcase=1" image="bookcase.png" soundPrefix="wood" type="" achievement="Bookcase built !" onComplete="nothing" tooltip="Wymagany do zdobycia tony książek."/>
	<item ingrediens="bookcase=15" requiredItem="nothing" craftedItems="ton of books=1" image="tonOfBooks.png" soundPrefix="wood" type="" achievement="Tony książek!" onComplete="markMap Hogquartz-305-366,beatLocation" tooltip="Required to beat lie bury."/>
	<item ingrediens="nothing=0" requiredItem="hunter" craftedItems="sugar=1" image="sugar.png" soundPrefix="metal" type="grind" achievement="Cukier spadł!" onComplete="nothing" tooltip="Wymagane do robienia mikstur."/>
	<item ingrediens="nether wart=1,sugar=1" requiredItem="apothecary" craftedItems="speed potion=1" image="potion.png" soundPrefix="hand" type="" achievement="Eliksir stworzony!" onComplete="nothing" tooltip="Można to wypić."/>
	<item ingrediens="speed potion=1" requiredItem="nothing" craftedItems="use speed potion=1" image="usePotion.png" soundPrefix="hand" type="" achievement="Eliksir wypity!" onComplete="speed 200" tooltip="Ma szybkie właściwości."/>
	<item ingrediens="nothing=0" requiredItem="nothing" craftedItems="miner=1" image="miner.png" soundPrefix="hand" type="" achievement="nothing" onComplete="nothing" tooltip="Wydobywa utraconą kopalnię."/>
	<item ingrediens="nothing=0" requiredItem="nothing" craftedItems="hunter=1" image="hunter.png" soundPrefix="hand" type="" achievement="nothing" onComplete="nothing" tooltip="Walczy z generatorem mobów."/>
	<item ingrediens="nothing=0" requiredItem="miner" craftedItems="cobblestone=1" image="cobblestone.png" soundPrefix="metal" type="grind" achievement="nothing" onComplete="nothing" tooltip="Służy do tworzenia budynków."/>
	<item ingrediens="nothing=0" requiredItem="miner" craftedItems="flint=1" image="flint.png" soundPrefix="dirt" type="grind" achievement="nothing" onComplete="nothing" tooltip="Służy do wytwarzania strzał."/>
	<item ingrediens="nothing=0" requiredItem="miner" craftedItems="rail=1" image="rail.png" soundPrefix="metal" type="grind" achievement="nothing" onComplete="nothing" tooltip="Wymagane do budowy kolei."/>
	<item ingrediens="nothing=0" requiredItem="miner" craftedItems="coal=1" image="coal.png" soundPrefix="metal" type="grind" achievement="nothing" onComplete="nothing" tooltip="Używany do wytapiania sztabek."/>
	<item ingrediens="nothing=0" requiredItem="miner" craftedItems="iron ore=1" image="ironOre.png" soundPrefix="metal" type="grind" achievement="nothing" onComplete="nothing" tooltip="Wymagane do wytapiania sztabek żelaza."/>
	<item ingrediens="nothing=0" requiredItem="miner" craftedItems="gold ore=1" image="goldOre.png" soundPrefix="metal" type="grind" achievement="nothing" onComplete="nothing" tooltip="Wymagane do wytapiania sztabek złota."/>
	<item ingrediens="nothing=0" requiredItem="miner" craftedItems="diamond=1" image="diamond.png" soundPrefix="metal" type="grind" achievement="nothing" onComplete="nothing" tooltip="Służy do wytwarzania diamentowych narzędzi i przedmiotów."/>
	<item ingrediens="nothing=0" requiredItem="miner" craftedItems="redstone=4" image="redstone.png" soundPrefix="metal" type="grind" achievement="nothing" onComplete="nothing" tooltip="Używany do produkcji urządzeń z czerwonego kamienia."/>
	<item ingrediens="nothing=0" requiredItem="miner" craftedItems="obsidian=1" image="obsidian.png" soundPrefix="metal" type="grind" achievement="nothing" onComplete="nothing" tooltip="Służy do budowania obiektów z obsydianu."/>
	<item ingrediens="nothing=0" requiredItem="miner" craftedItems="bucket=1" image="bucket.png" soundPrefix="metal" type="grind" achievement="Wiadro stworzone!" onComplete="nothing" tooltip="Wymagany do zdobycia wody i lawy."/>
	<item ingrediens="nothing=0" requiredItem="hunter" craftedItems="gold armor=1" image="goldArmor.png" soundPrefix="metal" type="grind" achievement="Złota zbroja!" onComplete="nothing" tooltip="Do robienia złotych żołnierzy."/>
	<item ingrediens="nothing=0" requiredItem="hunter" craftedItems="gold sword=1" image="goldSword.png" soundPrefix="metal" type="grind" achievement="nothing" onComplete="nothing" tooltip="Atakuje moby."/>
	<item ingrediens="nothing=0" requiredItem="hunter" craftedItems="iron armor=1" image="ironArmor.png" soundPrefix="metal" type="grind" achievement="Żelazna zbroja !" onComplete="nothing" tooltip="Do robienia żelaznych żołnierzy."/>
	<item ingrediens="nothing=0" requiredItem="hunter" craftedItems="iron axe=1" image="ironAxe.png" soundPrefix="metal" type="grind" achievement="nothing" onComplete="nothing" tooltip="Rąbie drewno."/>
	<item ingrediens="nothing=0" requiredItem="nothing" craftedItems="woodsman=1" image="woodsman.png" soundPrefix="hand" type="villager" achievement="nothing" onComplete="automate overworld" tooltip="Automatyzuje szlifierkę światową."/>
	<item ingrediens="nothing=0" requiredItem="nothing" craftedItems="carpenter=1" image="carpenter.png" soundPrefix="hand" type="villager" achievement="nothing" onComplete="nothing" tooltip="Robi rzeczy z drewna."/>
	<item ingrediens="nothing=0" requiredItem="nothing" craftedItems="arrow=4" image="arrow.png" soundPrefix="whoosh" type="" achievement="Strzały stworzone!" onComplete="nothing" tooltip="W połączeniu z kokardką."/>
	<item ingrediens="nothing=0" requiredItem="nothing" craftedItems="block of quartz=1" image="blockOfQuartz.png" soundPrefix="metal" type="" achievement="Blok kwarcu wykonany!" onComplete="nothing" tooltip="Wymagany do tworzenia struktur kwarcowych."/>
	<item ingrediens="nothing=0" requiredItem="nothing" craftedItems="iron pick=1" image="ironPick.png" soundPrefix="metal" type="metal" achievement="nothing" onComplete="nothing" tooltip="Wydobywa złoto."/>
	<item ingrediens="nothing=0" requiredItem="nothing" craftedItems="iron shovel=1" image="ironShovel.png" soundPrefix="metal" type="metal" achievement="nothing" onComplete="nothing" tooltip="Łopaty do ziemi i żwiru."/>
	<item ingrediens="nothing=0" requiredItem="nothing" craftedItems="iron hoe=1" image="ironHoe.png" soundPrefix="metal" type="metal" achievement="nothing" onComplete="nothing" tooltip="Uprawia glebę."/>
	<item ingrediens="nothing=0" requiredItem="nothing" craftedItems="iron sword=1" image="ironSword.png" soundPrefix="metal" type="metal" achievement="nothing" onComplete="nothing" tooltip="Atakuje moby."/>
	<item ingrediens="nothing=0" requiredItem="nothing" craftedItems="gold pick=1" image="goldPick.png" soundPrefix="metal" type="metal" achievement="nothing" onComplete="nothing" tooltip="Kopie diamenty."/>
	<item ingrediens="nothing=0" requiredItem="nothing" craftedItems="gold shovel=1" image="goldShovel.png" soundPrefix="metal" type="metal" achievement="nothing" onComplete="nothing" tooltip="Łopaty do ziemi i żwiru."/>
	<item ingrediens="nothing=0" requiredItem="nothing" craftedItems="gold axe=1" image="goldAxe.png" soundPrefix="metal" type="metal" achievement="nothing" onComplete="nothing" tooltip="Rąbie drewno."/>
	<item ingrediens="nothing=0" requiredItem="nothing" craftedItems="gold hoe=1" image="goldHoe.png" soundPrefix="metal" type="metal" achievement="nothing" onComplete="nothing" tooltip="Uprawia glebę."/>
	<item ingrediens="nothing=0" requiredItem="nothing" craftedItems="diamond pick=1" image="diamondPick.png" soundPrefix="metal" type="metal" achievement="nothing" onComplete="nothing" tooltip="Kopie szybciej."/>
	<item ingrediens="nothing=0" requiredItem="nothing" craftedItems="diamond shovel=1" image="diamondShovel.png" soundPrefix="metal" type="metal" achievement="nothing" onComplete="nothing" tooltip="Łopaty do ziemi i żwiru."/>
	<item ingrediens="nothing=0" requiredItem="nothing" craftedItems="diamond sword=1" image="diamondSword.png" soundPrefix="metal" type="metal" achievement="nothing" onComplete="nothing" tooltip="Atakuje moby."/>
	<item ingrediens="nothing=0" requiredItem="nothing" craftedItems="diamond axe=1" image="diamondAxe.png" soundPrefix="metal" type="metal" achievement="nothing" onComplete="nothing" tooltip="Rąbie drewno."/>
	<item ingrediens="nothing=0" requiredItem="nothing" craftedItems="diamond hoe=1" image="diamondHoe.png" soundPrefix="metal" type="metal" achievement="nothing" onComplete="nothing" tooltip="Uprawia glebę."/>
	<item ingrediens="coal=1,iron ore=1" requiredItem="furnace" craftedItems="iron ingot=1" image="ironIngot.png" soundPrefix="metal" type="metal" achievement="Żelazna sztabka wytopiona!" onComplete="nothing" tooltip="Służy do wytwarzania żelaznych narzędzi i zbroi."/>
	<item ingrediens="coal=1,gold ore=1" requiredItem="furnace" craftedItems="gold ingot=1" image="goldIngot.png" soundPrefix="metal" type="metal" achievement="Złota sztabka wytopiona!" onComplete="nothing" tooltip="Służy do wytwarzania złotych narzędzi i zbroi."/>
	<item ingrediens="nothing=0" requiredItem="nothing" craftedItems="city state=1" image="cityState.png" soundPrefix="" type="" achievement="Miasto państwo!" onComplete="nothing" tooltip="Dobra robota."/>
	<item ingrediens="nothing=0" requiredItem="nothing" craftedItems="port=1" image="port.png" soundPrefix="wood" type="wood" achievement="Port ustanowiony!" onComplete="nothing" tooltip="Wymagane do żeglowania po Grindcraftii."/>
	<item ingrediens="nothing=0" requiredItem="nothing" craftedItems="portal sleigh=1" image="portalSleigh.png" soundPrefix="metal" type="" achievement="Portalowe sanie!" onComplete="nothing" tooltip="Używany do podróży do Netheru."/>
</crafters>
</data>