<?xml version="1.0" encoding="utf-8" ?>
<data>
	<grinders>
		<item name="overworld" generates="wood,dirt" occurance="29,65" img="overworld.png" maxIncrease="5" />
		<item name="mine" generates="stone,gravel,coal ore,iron ore,gold ore,diamond ore,obsidian,lava,spider,slime" occurance="50,5,14,4,3,1,2,5,1.75,0.5" img="mine.png" maxIncrease="5"/>
		<item name="nether mobs" generates="nothing,zombie pigman,blaze,ghast" occurance="remainder,3,1,1.75" img="netherMobs.png" maxIncrease="0"/>
		<item name="nether" generates="nothing,netherrack" occurance="remainder,50" img="nether.png" maxIncrease="0"/>
	</grinders>
	
	<grinds>
		<item name="hand" img="hand.png" drops="hand=1" dependency="none" timeToBreak="" achievement=""></item>
		<item name="wood" img="wood.png" drops="wood=1" dependency="hand,woodsman,iron axe,gold axe,diamond axe" timeToBreak="3,0.74,0.5,0.375,0.1875" achievement="Puuta lyöty!"></item>
		<item name="grass" img="grass.png" drops="seeds=1" dependency="woodsman,iron sword,gold sword,diamond sword" timeToBreak=".3,.2,.1,.05" achievement="Ruoho siirretty!"></item>
		<item name="dirt" img="dirt.png" drops="dirt=1" dependency="woodsman,iron shovel,gold shovel,diamond shovel" timeToBreak="0.1875,0.1874,0.125,0.0938,0.06" achievement=""></item>
		<item name="water" img="water.png" drops="water=1" dependency="bucket,woodsman" timeToBreak="0.125,0.1875" achievement=""></item>
		<item name="lava" img="lava.png" drops="lava=1" dependency="minecraft" timeToBreak="0.05" achievement=""></item>
		<item name="gravel" img="gravel.png" drops="flint=.1" dependency="miner,iron shovel,gold shovel,diamond shovel" timeToBreak="0.224,0.15,0.1125,0.08" achievement=""></item>
		<item name="stone" img="stone.png" drops="cobblestone=1" dependency="miner,iron pick,gold pick,diamond pick" timeToBreak="0.5625,0.5624,0.375,0.2813,0.19" achievement="Kivi kaivettu esiin ! "></item>
		<item name="coal ore" img="coalOre.png" drops="coal=1" dependency="scaffolding" timeToBreak="0.75" achievement=""></item>
		<item name="iron ore" img="ironOre.png" drops="iron ore=1" dependency="scaffolding" timeToBreak="1.125" achievement=""></item>
		<item name="gold ore" img="goldOre.png" drops="gold ore=1" dependency="iron pick,miner,gold pick,diamond pick" timeToBreak="1.25,1.8,0.75,0.5" achievement="Kulta!"></item>
		<item name="diamond ore" img="diamondOre.png" drops="diamond=1" dependency="minecart" timeToBreak="1.8" achievement=""></item>
		<item name="obsidian" img="obsidian.png" drops="obsidian=1" dependency="minecart" timeToBreak="5" achievement=""></item>
		<item name="zombie" img="zombie.png" drops="nothing=0" dependency="hunter,iron sword,gold sword,diamond sword" timeToBreak="2.48,2.08,1.79,1" achievement=""></item>
		<item name="skeleton" img="skeleton.png" drops="arrow=0.5" dependency="hunter,iron sword,gold sword,diamond sword" timeToBreak="2.18,1.83,1.57,1" achievement=""></item>
		<item name="witch" img="witch.png" drops="witch=1" dependency="trap" timeToBreak="3" achievement=""></item>
		<item name="zombie villager" img="zombieVillager.png" drops="zombie villager=1" dependency="trap" timeToBreak="1.67" achievement=""></item>
		<item name="spider" img="spider.png" drops="string=0.5" dependency="hunter,iron sword,gold sword,diamond sword" timeToBreak="1.78,1.5,1.29,1" achievement=""></item>
		<item name="string" img="string.png" drops="" dependency="" timeToBreak="" achievement=""></item>
		<item name="slime" img="slime.png" drops="slime ball=0.5" dependency="hunter,iron sword,gold sword,diamond sword" timeToBreak="0.98,0.83,0.714,0.638" achievement=""></item>
		<item name="slime ball" img="slime ball.png" drops="" dependency="" timeToBreak="" achievement=""></item>
		<item name="chicken" img="chicken.png" drops="feather=0.5" dependency="hunter,iron sword,gold sword,diamond sword" timeToBreak=".38,.33,.286,.26" achievement=""></item>
		<item name="feather" img="feather.png" drops="" dependency="" timeToBreak="" achievement=""></item>
		<item name="cow" img="cow.png" drops="leather=2" dependency="hunter,iron sword,gold sword,diamond sword" timeToBreak=".98,.83,.714,.638" achievement=""></item>
		<item name="leather" img="leather.png" drops="" dependency="" timeToBreak="" achievement=""></item>
		<item name="pig" img="pig.png" drops="nothing=0" dependency="hunter,iron sword,gold sword,diamond sword" timeToBreak=".98,.83,.714,.638" achievement=""></item>
		<item name="sheep" img="sheep.png" drops="wool=0.5" dependency="hunter,iron sword,gold sword,diamond sword" timeToBreak=".78,.667,.57,.5" achievement=""></item>
		<item name="wool" img="wool.png" drops="" dependency="" timeToBreak="" achievement=""></item>
		<item name="horse" img="horse.png" drops="horse=1" dependency="lead" timeToBreak="1" achievement=""></item>
		<item name="sugar cane" img="sugarCane.png" drops="sugar cane=1" dependency="gardener,iron sword,gold sword,diamond sword" timeToBreak="0.34,0.3,0.25,0.19" achievement=""></item>
		<item name="wheat" img="wheat.png" drops="wheat=.66,seeds=.33" dependency="gardener,iron sword,gold sword,diamond sword" timeToBreak="0.34,0.3,0.25,0.19" achievement=""></item>
		<item name="netherrack" img="netherrack.png" drops="netherrack=10" dependency="pigman worker" timeToBreak="0.56" achievement="Nether hoidettu !"></item>
		<item name="zombie pigman" img="zombiePigman.png" drops="zombie pigman=1" dependency="iron trap" timeToBreak="2.49" achievement=""></item>
		<item name="blaze" img="blaze.png" drops="blaze rod=.5" dependency="nether fortress" timeToBreak="5" achievement=""></item>
		<item name="blaze rod" img="blazeRod.png" drops="" dependency="" timeToBreak="" achievement=""></item>
		<item name="ghast" img="ghast.png" drops="ghast=1" dependency="ghast trap" timeToBreak="4.5" achievement=""></item>
		<item name="spider" img="spider.png" drops="string=0.5" dependency="hunter,iron sword,gold sword,diamond sword" timeToBreak="1.78,1.5,1.29,1" achievement=""></item>
		<item name="slime" img="slime.png" drops="slime ball=0.5" dependency="hunter,iron sword,gold sword,diamond sword" timeToBreak=".98,.83,.714,.638" achievement=""></item>
		<item name="slime ball" img="slimeBall.png" drops="" dependency="" timeToBreak="" achievement=""></item>
		<item name="witherSkeleton" img="witherSkeleton.png" drops="coal=.5,bone=.67" dependency="hunter,iron sword,gold sword,diamond sword" timeToBreak="5,4.25,3.67,3" achievement=""></item>
	</grinds>
	
<crafters>
	<item ingrediens="wood=1" requiredItem="carpenter" craftedItems="wood slab=6" image="woodSlab.png" soundPrefix="wood" type="wood" achievement="nothing" onComplete="nothing" tooltip="Tarvitaan kannen rakentamiseen."/>
	<item ingrediens="wood slab=9" requiredItem="carpenter" craftedItems="deck=1" image="deck.png" soundPrefix="wood" type="wood" achievement="nothing" onComplete="nothing" tooltip="Tarvitaan rakennustelineen rakentamiseen."/>
	<item ingrediens="wood=6" requiredItem="carpenter" craftedItems="fence=9" image="fence.png" soundPrefix="wood" type="wood" achievement="nothing" onComplete="nothing" tooltip="Käytetään aitausten rakentamiseen."/>
	<item ingrediens="fence=3" requiredItem="carpenter" craftedItems="post=1" image="post.png" soundPrefix="wood" type="wood" achievement="nothing" onComplete="nothing" tooltip="Tarvitaan alustan rakentamiseen."/>
	<item ingrediens="deck=1,post=4" requiredItem="carpenter" craftedItems="platform=1" image="platform.png" soundPrefix="wood" type="wood" achievement="nothing" onComplete="nothing" tooltip="Tarvitaan rakennustelineen rakentamiseen."/>
	<item ingrediens="wood=1" requiredItem="carpenter" craftedItems="ladder=3" image="ladder.png" soundPrefix="wood" type="wood" achievement="nothing" onComplete="nothing" tooltip="Tarvitaan rakennustelineen rakentamiseen."/>
	<item ingrediens="platform=1,deck=1,wood=1,ladder=5" requiredItem="carpenter" craftedItems="scaffold=1" image="scaffold.png" soundPrefix="wood" type="wood" achievement="Rakennusteline rakennettu !" onComplete="nothing" tooltip="Tarvitaan rakennustelineiden rakentamiseen."/>
	<item ingrediens="deck=1,fence=6" requiredItem="carpenter" craftedItems="bridge=1" image="bridge.png" soundPrefix="wood" type="wood" achievement="Silta rakennettu !" onComplete="nothing" tooltip="Tarvitaan rakennustelineiden rakentamiseen."/>
	<item ingrediens="scaffold=6,bridge=1" requiredItem="nothing" craftedItems="scaffolding=1" image="scaffolding.png" soundPrefix="wood" type="wood" achievement="Rakennustelineet rakennettu !" onComplete="nothing" tooltip="Tarvitaan kuilun lattian saavuttamiseen."/>
	<item ingrediens="cobblestone=8" requiredItem="crafting table" craftedItems="furnace=1" image="furnace.png" soundPrefix="" type="" achievement="Uuni tehty !" onComplete="nothing" tooltip="Tarvitaan raudan ja kullan sulattamiseen."/>
	<item ingrediens="nothing=0" requiredItem="iron pick,gold pick,diamond pick" craftedItems="coal=1" image="coal.png" soundPrefix="metal" type="grind" achievement="nothing" onComplete="nothing" tooltip="Käytetään harkkojen valamiseen."/>
	<item ingrediens="nothing=0" requiredItem="iron pick,gold pick,diamond pick" craftedItems="iron ore=1" image="ironOre.png" soundPrefix="metal" type="grind" achievement="nothing" onComplete="nothing" tooltip="Käytetään rautaharkkojen valmistamiseen."/>
	<item ingrediens="coal=1,iron ore=1" requiredItem="furnace" craftedItems="iron ingot=1" image="ironIngot.png" soundPrefix="metal" type="metal" achievement="Rautaharkko sulatettu !" onComplete="nothing" tooltip="Käytetään rautatyökalujen ja -panssarin valmistamiseen."/>
	<item ingrediens="wood=1,iron ingot=6" requiredItem="crafting table" craftedItems="rail=16" image="rail.png" soundPrefix="metal" type="" achievement="Rata valmistettu !" onComplete="nothing" tooltip="Tarvitaan rautatiesillan rakentamiseen."/>
	<item ingrediens="stick=3,iron ingot=2" requiredItem="crafting table" craftedItems="spike maul=1" image="spikeMaul.png" soundPrefix="metal" type="" achievement="Piikkinuija valmistettu !" onComplete="nothing" tooltip="Tarvitaan rautatietyöntekijän kouluttamiseen."/>
	<item ingrediens="iron ingot=3" requiredItem="crafting table" craftedItems="line bar=1" image="lineBar.png" soundPrefix="metal" type="" achievement="Rivipalkki valmistettu !" onComplete="nothing" tooltip="Tarvitaan rautatietyöntekijän kouluttamiseen."/>
	<item ingrediens="nothing=0" requiredItem="nothing" craftedItems="contractor=1" image="contractor.png" soundPrefix="hand" type="villager" achievement="Urakoitsija palkattu !" onComplete="nothing" tooltip="Tekee asuntoja."/>
	<item ingrediens="contractor=1,spike maul=1,line bar=1" requiredItem="nothing" craftedItems="rail worker=1" image="railWorker.png" soundPrefix="hand" type="" achievement="Ratatyöntekijä koulutettu !" onComplete="nothing" tooltip="Tarvitaan rautatiesillan rakentamiseen."/>
	<item ingrediens="platform=1,rail=3" requiredItem="rail worker" craftedItems="rail bridge=1" image="railBridge.png" soundPrefix="metal" type="" achievement="Ratasilta rakennettu !" onComplete="nothing" tooltip="Tarvitaan rautatien rakentamiseen."/>
	<item ingrediens="rail bridge=24" requiredItem="rail worker" craftedItems="railway=1" image="railway.png" soundPrefix="metal" type="" achievement="Junarata rakennettu !" onComplete="nothing" tooltip="Tarvitaan luolan syvyyksien saavuttamiseen."/>
	<item ingrediens="nothing=0" requiredItem="railway" craftedItems="railway exporter=1" image="railway.png" soundPrefix="" type="" achievement="nothing" onComplete="navigateToUrl 1ENHZc" tooltip="Lataa."/>
	<item ingrediens="iron ingot=5" requiredItem="railway" craftedItems="minecart=1" image="minecart.png" soundPrefix="metal" type="" achievement="Kaivoskärry valmistettu !" onComplete="nothing" tooltip="Tarvitaan luolan syvyyksien saavuttamiseen."/>
	<item ingrediens="nothing=0" requiredItem="minecart" craftedItems="obsidian=1" image="obsidian.png" soundPrefix="metal" type="grind" achievement="Laavalasia saatu !" onComplete="nothing" tooltip="Käytetään portaalin rakentamiseen."/>
	<item ingrediens="iron ingot=1,flint=1" requiredItem="crafting table" craftedItems="flint and steel=1" image="flintAndSteel.png" soundPrefix="metal" type="" achievement="Piikiveä ja terästä !" onComplete="nothing" tooltip="Käytetään portaalin rakentamiseen."/>
	<item ingrediens="obsidian=25" requiredItem="flint and steel" craftedItems="portal=1" image="portal.png" soundPrefix="metal" type="" achievement="Portaali rakennettu !" onComplete="showGrinder nether" tooltip="Käytetään Netheriin mentäessä."/>
	<item ingrediens="wood=1" requiredItem="carpenter" craftedItems="pressure plate=1" image="pressurePlate.png" soundPrefix="wood" type="" achievement="nothing" onComplete="nothing" tooltip="Tarvitaan ansan rakentamista varten."/>
	<item ingrediens="iron ingot=6" requiredItem="crafting table" craftedItems="iron door=1" image="ironDoor.png" soundPrefix="metal" type="" achievement="Rautaovi valmistettu !" onComplete="nothing" tooltip="Tarvitaan ansan rakentamista varten."/>
	<item ingrediens="iron door=4,pressure plate=1" requiredItem="portal" craftedItems="iron trap=1" image="ironTrap.png" soundPrefix="metal" type="" achievement="Rauta-ansa rakennettu !" onComplete="automate nether mobs" tooltip="Tarvitaan zombie sikamiehen nappaamiseen."/>
	<item ingrediens="nothing=0" requiredItem="portal" craftedItems="zombie pigman=1" image="zombiePigman.png" soundPrefix="hand" type="grind" achievement="Zombie sikamies ansoitettu !" onComplete="nothing" tooltip="Tarvitaan zombie sikamiesten muuttamiseen."/>
	<item ingrediens="nothing=0" requiredItem="nothing" craftedItems="priest=1" image="priest.png" soundPrefix="hand" type="villager" achievement="nothing" onComplete="autocraft pigman=1" tooltip="Tarvitaan zombie sikamiesten muuttamiseen."/>
	<item ingrediens="zombie pigman=1" requiredItem="priest" craftedItems="pigman=1" image="pig.png" soundPrefix="" type="" achievement="Chinny chin chin !" onComplete="nothing" tooltip="Voi rakentaa asioita."/>
	<item ingrediens="pigman=1" requiredItem="nothing" craftedItems="pigman worker=1" image="pigmanWorker.png" soundPrefix="hand" type="" achievement="Sikamies koulutettu !" onComplete="automate nether" tooltip="Tarvitaan nether-mukulakiven saamiseen."/>
	<item ingrediens="pigman worker=1" requiredItem="spike maul" craftedItems="worker pork=1" image="workerPork.png" soundPrefix="hand" type="" achievement="Sianlihastettu !" onComplete="deautomate nether" tooltip="Lihoittaa sikamiestyöntekijän."/>
	<item ingrediens="nothing=0" requiredItem="pigman worker" craftedItems="netherrack=10" image="netherrack.png" soundPrefix="" type="grind" achievement="Nether hoidettu !" onComplete="nothing" tooltip="Tarvitaan nethertiilien tekemiseen."/>
	<item ingrediens="netherrack=10" requiredItem="furnace" craftedItems="nether brick=40" image="netherBrick.png" soundPrefix="" type="" achievement="Nethertiili sulatettu !" onComplete="nothing" tooltip="Tarvitaan netherblokin tekemiseen."/>
	<item ingrediens="nether brick=40" requiredItem="crafting table" craftedItems="netherblock=10" image="netherblock.png" soundPrefix="" type="" achievement="Netherblokki valmistettu !" onComplete="nothing" tooltip="Tarvitaan nethertiilirakennelmien tekemiseen."/>
	<item ingrediens="netherblock=36" requiredItem="nothing" craftedItems="nether section=1" image="netherSection.png" soundPrefix="" type="" achievement="Netherosasto rakennettu !" onComplete="nothing" tooltip="Tarvitaan netherpilareiden ja -käytävien rakentamiseen."/>
	<item ingrediens="pigman=1" requiredItem="nothing" craftedItems="pigman smelter=1" image="pigmanSmelter.png" soundPrefix="hand" type="" achievement="Sikamies-sulatusuuni !" onComplete="autocraft nether brick=.5" tooltip="Auto-valmistaa nethertiiliä."/>
	<item ingrediens="pigman=1" requiredItem="nothing" craftedItems="pigman mason=1" image="pigmanMason.png" soundPrefix="hand" type="" achievement="Sikamies-seppä !" onComplete="autocraft netherblock=.5" tooltip="Auto-valmistaa netherblokkeja nethertiileistä."/>
	<item ingrediens="pigman=1" requiredItem="nothing" craftedItems="pigman builder=1" image="pigmanBuilder.png" soundPrefix="hand" type="" achievement="Sikamies-rakentaja !" onComplete="autocraft nether section=.5" tooltip="Auto-valmistaa netherosastoja."/>
	<item ingrediens="nether section=7" requiredItem="nothing" craftedItems="nether pillar=1" image="netherPillar.png" soundPrefix="metal" type="" achievement="Netherpilari!" onComplete="nothing" tooltip="Tarvitaan nethersillan rakentamiseen."/>
	<item ingrediens="nether pillar=5" requiredItem="nothing" craftedItems="nether bridge=1" image="netherBridge.png" soundPrefix="metal" type="" achievement="Nethersilta rakennettu !" onComplete="nothing" tooltip="Tarvitaan nethersiltatien rakentamiseen."/>
	<item ingrediens="nether bridge=10" requiredItem="nothing" craftedItems="nether bridgeways=1" image="netherBridgeways.png" soundPrefix="metal" type="" achievement="Nethersiltatiet !" onComplete="nothing" tooltip="Tarvitaan nether-linnakkeen ulkopuolen rakentamiseen."/>
	<item ingrediens="pigman smelter=1" requiredItem="spike maul" craftedItems="smelter pork=1" image="smelterPork.png" soundPrefix="hand" type="" achievement="Sianlihastettu !" onComplete="deautocraft nether brick" tooltip="Lihoittaa sikamies-sulattajan."/>
	<item ingrediens="pigman mason=1" requiredItem="spike maul" craftedItems="mason pork=1" image="masonPork.png" soundPrefix="hand" type="" achievement="Sianlihastettu !" onComplete="deautocraft netherblock" tooltip="Lihoittaa sikamies-sepän."/>
	<item ingrediens="pigman builder=1" requiredItem="spike maul" craftedItems="builder pork=1" image="builderPork.png" soundPrefix="hand" type="" achievement="Sianlihastettu !" onComplete="deautocraft nether section" tooltip="Lihoittaa sikamiesrakentajan."/>
	<item ingrediens="netherblock=6" requiredItem="crafting table" craftedItems="nether fence=6" image="netherFence.png" soundPrefix="metal" type="" achievement="Nether-aita valmistettu !" onComplete="nothing" tooltip="Tarvitaan netherhuoneiden rakentamiseen."/>
	<item ingrediens="netherblock=6" requiredItem="crafting table" craftedItems="nether stairs=6" image="netherStairs.png" soundPrefix="metal" type="" achievement="Netherportaat valmistettu !" onComplete="nothing" tooltip="Tarvitaan netherhuoneiden rakentamiseen."/>
	<item ingrediens="nether stairs=9,netherblock=16,nether fence=2" requiredItem="nothing" craftedItems="nether staircase=1" image="netherStaircase.png" soundPrefix="metal" type="" achievement="Netherportaikko !" onComplete="nothing" tooltip="Tarvitaan netherhuoneiden rakentamiseen."/>
	<item ingrediens="nether section=1,nether staircase=1,nether fence=27" requiredItem="nothing" craftedItems="nether spawn=1" image="netherSpawn.png" soundPrefix="metal" type="" achievement="nothing" onComplete="nothing" tooltip="Tarvitaan nether-linnakkeen ulkopuolen rakentamiseen."/>
	<item ingrediens="netherblock=81" requiredItem="nothing" craftedItems="nether wall=1" image="netherWall.png" soundPrefix="metal" type="" achievement="nothing" onComplete="nothing" tooltip="Tarvitaan netherhuoneen rakentamiseen."/>
	<item ingrediens="nether wall=6,nether fence=22" requiredItem="nothing" craftedItems="nether room=1" image="netherRoom.png" soundPrefix="metal" type="" achievement="Netherhuone rakennettu !" onComplete="nothing" tooltip="Voidaan mukauttaa."/>
	<item ingrediens="netherblock=8,lava=1" requiredItem="nothing" craftedItems="nether well=1" image="netherWell.png" soundPrefix="metal" type="" achievement="Netherkaivo rakennettu !" onComplete="nothing" tooltip="Tarvitaan netherkaivohuoneen rakentamiseen."/>
	<item ingrediens="nether room=1,nether well=1" requiredItem="nothing" craftedItems="nether well room=1" image="netherWellRoom.png" soundPrefix="metal" type="" achievement="Netherkaivohuone !" onComplete="nothing" tooltip="Tarvitaan nether-linnakkeen ulkopuolen rakentamiseen."/>
	<item ingrediens="nether bridgeways=1,nether spawn=1,nether well room=1" requiredItem="nothing" craftedItems="nether fortress exterior=1" image="netherFortressExterior.png" soundPrefix="metal" type="" achievement="Linnoituksen ulkopuoli !" onComplete="nothing" tooltip="Tarvitaan nether-linnoituksen rakentamiseen."/>
	<item ingrediens="nether room=1,netherblock=15" requiredItem="nothing" craftedItems="nether stair room=1" image="netherStairRoom.png" soundPrefix="metal" type="" achievement="Netherporrashuone !" onComplete="nothing" tooltip="Tarvitaan nether-linnoituksen sisäpuolen rakentamiseen."/>
	<item ingrediens="nether room=1,nether staircase=2" requiredItem="nothing" craftedItems="nether wart room=1" image="netherWartRoom.png" soundPrefix="metal" type="" achievement="Netherpahkurahuone !" onComplete="nothing" tooltip="Tarvitaan nether-linnoituksen sisäpuolen rakentamiseen."/>
	<item ingrediens="nether section=1,nether fence=4" requiredItem="nothing" craftedItems="nether hall section=1" image="netherHallSection.png" soundPrefix="metal" type="" achievement="nothing" onComplete="nothing" tooltip="Tarvitaan netherkäytävän rakentamiseen."/>
	<item ingrediens="nether hall section=7" requiredItem="nothing" craftedItems="nether hallway=1" image="netherHallway.png" soundPrefix="metal" type="" achievement="Netherkäytävä rakennettu !" onComplete="nothing" tooltip="Tarvitaan nether-linnoituksen sisäpuolen rakentamiseen."/>
	<item ingrediens="nether hall section=4,nether staircase=2" requiredItem="nothing" craftedItems="nether stairwell=1" image="netherStairwell.png" soundPrefix="metal" type="" achievement="Netherporraskuilu !" onComplete="nothing" tooltip="Tarvitaan nether-linnoituksen sisäpuolen rakentamiseen."/>
	<item ingrediens="netherblock=27,nether fence=13" requiredItem="nothing" craftedItems="nether balcony=1" image="netherBalcony.png" soundPrefix="metal" type="" achievement="Netherparveke rakennettu !" onComplete="nothing" tooltip="Tarvitaan nether-linnoituksen sisäpuolen rakentamiseen."/>
	<item ingrediens="nether hallway=4,nether stairwell=1,nether balcony=1,nether wart room=1,nether stair room=1" requiredItem="nothing" craftedItems="nether fortress interior=1" image="netherFortressInterior.png" soundPrefix="metal" type="" achievement="Linnoituksen sisäpuoli !" onComplete="nothing" tooltip="Tarvitaan nether-linnoituksen rakentamiseen."/>
	<item ingrediens="nether fortress exterior=1,nether fortress interior=1" requiredItem="nothing" craftedItems="nether fortress=1" image="netherFortress.png" soundPrefix="metal" type="" achievement="Nether-linnoitus !" onComplete="nothing" tooltip="Tarvitaan haamunappaajan tekemiseen."/>
	<item ingrediens="nothing=0" requiredItem="nether fortress" craftedItems="nether fortress exporter=1" image="netherFortress.png" soundPrefix="" type="" achievement="nothing" onComplete="navigateToUrl 1ENHzF" tooltip="Lataa."/>
	<item ingrediens="obsidian=54" requiredItem="nether fortress" craftedItems="ghast catcher=1" image="ghastCatcher.png" soundPrefix="metal" type="" achievement="Haamunappaaja !" onComplete="nothing" tooltip="Tarvitaan haamuansan tekemiseen."/>
	<item ingrediens="cobblestone=64" requiredItem="ghast catcher" craftedItems="ghast trap=1" image="ghastTrap.png" soundPrefix="metal" type="" achievement="Haamuansa !" onComplete="nothing" tooltip="Tarvitaan haamujen nappaamiseen."/>
	<item ingrediens="nothing=0" requiredItem="nothing" craftedItems="ghast=1" image="ghast.png" soundPrefix="hand" type="" achievement="Haamu napattu !" onComplete="nothing" tooltip="Tarvitaan haamun kesyttämiseen."/>
	<item ingrediens="ghast=1" requiredItem="nothing" craftedItems="gunpowder=1" image="gunpowder.png" soundPrefix="whoosh" type="" achievement="Ruuti !" onComplete="nothing" tooltip="Käytetään räjähteissä."/>
	<item ingrediens="nothing=0" requiredItem="nothing" craftedItems="string=1" image="string.png" soundPrefix="whoosh" type="" achievement="nothing" onComplete="nothing" tooltip="Käytetään liean tekemiseen."/>
	<item ingrediens="nothing=0" requiredItem="iron sword,gold sword,diamond sword" craftedItems="slime ball=1" image="slimeBall.png" soundPrefix="hand" type="grind" achievement="nothing" onComplete="nothing" tooltip="Käytetään liean tekemiseen."/>
	<item ingrediens="string=4,slime ball=1" requiredItem="nothing" craftedItems="lead=1" image="lead.png" soundPrefix="whoosh" type="" achievement="Lieka valmistettu !" onComplete="nothing" tooltip="Käytetään haamujen kesyttämiseen."/>
	<item ingrediens="ghast=1,lead=1" requiredItem="nothing" craftedItems="tamed ghast=1" image="tamedGhast.png" soundPrefix="hand" type="" achievement="Haamu kesytetty ! " onComplete="nothing" tooltip="Käytetään nether-kelkan tekemiseen."/>
	<item ingrediens="netherblock=3" requiredItem="crafting table" craftedItems="nether slab=6" image="netherSlab.png" soundPrefix="metal" type="" achievement="Netherlaatta !" onComplete="nothing" tooltip="Käytetään netherkaaren tekemiseen."/>
	<item ingrediens="nether stairs=8,nether slab=4" requiredItem="nothing" craftedItems="nether rib=1" image="netherRib.png" soundPrefix="metal" type="" achievement="Netherkaari rakennettu !" onComplete="nothing" tooltip="Käytetään nether-kelkan tekemiseen."/>
	<item ingrediens="nether rib=2" requiredItem="nothing" craftedItems="nether ski=1" image="netherSki.png" soundPrefix="metal" type="" achievement="Nether-sukset rakennettu ! " onComplete="nothing" tooltip="Käytetään nether-kelkan tekemiseen."/>
	<item ingrediens="nether rib=6,nether ski=2" requiredItem="nothing" craftedItems="nether sled=1" image="netherSled.png" soundPrefix="metal" type="" achievement="Nether-reki !" onComplete="nothing" tooltip="Käytetään nether-kelkan tekemiseen."/>
	<item ingrediens="tamed ghast=8,nether sled=1" requiredItem="nothing" craftedItems="nether sleigh=1" image="netherSleigh.png" soundPrefix="metal" type="" achievement="Nether-kelkka !" onComplete="beatLocation" tooltip="Tarvitaan Chasm-louhoksen päihittämiseen."/>
	<item ingrediens="nothing=0" requiredItem="nether sleigh" craftedItems="nether sleigh exporter=1" image="netherSleigh.png" soundPrefix="" type="" achievement="nothing" onComplete="navigateToUrl 1ENI60" tooltip="Lataa."/>
	<item ingrediens="nether sled=1,portal=1" requiredItem="nothing" craftedItems="portal sled=1" image="portalSled.png" soundPrefix="metal" type="" achievement="Portaalireki rakennettu !" onComplete="" tooltip="Käytetään portaalikelkan tekemiseen."/>
	<item ingrediens="nether sleigh=1,portal sled=1" requiredItem="nothing" craftedItems="portal sleigh=1" image="portalSleigh.png" soundPrefix="metal" type="" achievement="Portaalikelkka 1" onComplete="markMap Lost Mine-748-811" tooltip="Tarvitaan netheriin matkaamiseen."/>
	<item ingrediens="nothing=0" requiredItem="nothing" craftedItems="miner=1" image="miner.png" soundPrefix="hand" type="villager" achievement="nothing" onComplete="automate mine" tooltip="Automatisoi louhosjauhajan."/>
	<item ingrediens="nothing=0" requiredItem="nothing" craftedItems="hunter=1" image="hunter.png" soundPrefix="hand" type="villager" achievement="nothing" onComplete="automate mobs" tooltip="Automatisoi laumajauhajan."/>
	<item ingrediens="nothing=0" requiredItem="nothing" craftedItems="woodsman=1" image="woodsman.png" soundPrefix="hand" type="villager" achievement="nothing" onComplete="automate overworld" tooltip="Automatisoi ylämaailman jauhajan."/>
	<item ingrediens="nothing=0" requiredItem="nothing" craftedItems="carpenter=1" image="carpenter.png" soundPrefix="hand" type="villager" achievement="nothing" onComplete="nothing" tooltip="Tekee asioita puusta."/>
	<item ingrediens="nothing=0" requiredItem="nothing" craftedItems="smelter=1" image="smelter.png" soundPrefix="metal" type="villager" achievement="Sulattaja koulutettu !" onComplete="autocraft iron ingot=.5,autocraft gold ingot" tooltip="Auto-valmistaa rauta- ja kultaharkkoja."/>
	<item ingrediens="nothing=0" requiredItem="nothing" craftedItems="blaze rod=1" image="blazeRod.png" soundPrefix="metal" type="" achievement="Roihusauva !" onComplete="nothing" tooltip="Käytetään taikajuomien tekemisessä."/>
	<item ingrediens="nothing=0" requiredItem="nothing" craftedItems="arrow=4" image="arrow.png" soundPrefix="whoosh" type="" achievement="Nuolet tehty !" onComplete="nothing" tooltip="Yhdistettynä jousipyssyn kanssa."/>
	<item ingrediens="stick=2,iron ingot=3" requiredItem="crafting table" craftedItems="iron pick=1" image="ironPick.png" soundPrefix="metal" type="metal" achievement="nothing" onComplete="nothing" tooltip="Louhii kultaa."/>
	<item ingrediens="stick=2,iron ingot=1" requiredItem="crafting table" craftedItems="iron shovel=1" image="ironShovel.png" soundPrefix="metal" type="metal" achievement="nothing" onComplete="nothing" tooltip="Lapioi multaa ja soraa."/>
	<item ingrediens="stick=2,iron ingot=3" requiredItem="crafting table" craftedItems="iron axe=1" image="ironAxe.png" soundPrefix="metal" type="metal" achievement="nothing" onComplete="nothing" tooltip="Halkoo puuta."/>
	<item ingrediens="stick=2,iron ingot=2" requiredItem="crafting table" craftedItems="iron hoe=1" image="ironHoe.png" soundPrefix="metal" type="metal" achievement="nothing" onComplete="nothing" tooltip="Kyntää multaa."/>
	<item ingrediens="stick=1,iron ingot=2" requiredItem="crafting table" craftedItems="iron sword=1" image="ironSword.png" soundPrefix="metal" type="metal" achievement="nothing" onComplete="nothing" tooltip="Hyökkää laumoihin. "/>
	<item ingrediens="stick=2,gold ingot=3" requiredItem="crafting table" craftedItems="gold pick=1" image="goldPick.png" soundPrefix="metal" type="metal" achievement="nothing" onComplete="nothing" tooltip="Louhii timantteja."/>
	<item ingrediens="stick=2,gold ingot=1" requiredItem="crafting table" craftedItems="gold shovel=1" image="goldShovel.png" soundPrefix="metal" type="metal" achievement="nothing" onComplete="nothing" tooltip="Lapioi multaa ja soraa."/>
	<item ingrediens="stick=1,gold ingot=2" requiredItem="crafting table" craftedItems="gold sword=1" image="goldSword.png" soundPrefix="metal" type="metal" achievement="nothing" onComplete="nothing" tooltip="Hyökkää laumoihin. "/>
	<item ingrediens="stick=2,gold ingot=3" requiredItem="crafting table" craftedItems="gold axe=1" image="goldAxe.png" soundPrefix="metal" type="metal" achievement="nothing" onComplete="nothing" tooltip="Halkoo puuta."/>
	<item ingrediens="stick=2,gold ingot=2" requiredItem="crafting table" craftedItems="gold hoe=1" image="goldHoe.png" soundPrefix="metal" type="metal" achievement="nothing" onComplete="nothing" tooltip="Kyntää multaa."/>
	<item ingrediens="nothing=0" requiredItem="minecart" craftedItems="diamond=1" image="diamond.png" soundPrefix="metal" type="grind" achievement="nothing" onComplete="nothing" tooltip="Käytetään timanttityökalujen ja -panssarin valmistamiseen."/>
	<item ingrediens="stick=2,diamond=3" requiredItem="crafting table" craftedItems="diamond pick=1" image="diamondPick.png" soundPrefix="metal" type="metal" achievement="nothing" onComplete="nothing" tooltip="Louhii nopeammin."/>
	<item ingrediens="stick=2,diamond=1" requiredItem="crafting table" craftedItems="diamond shovel=1" image="diamondShovel.png" soundPrefix="metal" type="metal" achievement="nothing" onComplete="nothing" tooltip="Lapioi multaa ja soraa."/>
	<item ingrediens="stick=1,diamond=2" requiredItem="crafting table" craftedItems="diamond sword=1" image="diamondSword.png" soundPrefix="metal" type="metal" achievement="nothing" onComplete="nothing" tooltip="Hyökkää laumoihin. "/>
	<item ingrediens="stick=2,diamond=3" requiredItem="crafting table" craftedItems="diamond axe=1" image="diamondAxe.png" soundPrefix="metal" type="metal" achievement="nothing" onComplete="nothing" tooltip="Halkoo puuta."/>
	<item ingrediens="stick=2,diamond=2" requiredItem="crafting table" craftedItems="diamond hoe=1" image="diamondHoe.png" soundPrefix="metal" type="metal" achievement="nothing" onComplete="nothing" tooltip="Kyntää multaa."/>
	<item ingrediens="nothing=0" requiredItem="iron axe,gold axe,diamond axe" craftedItems="wood=1" image="wood.png" soundPrefix="wood" type="grind" achievement="nothing" onComplete="nothing" tooltip="Käytetään lautojen valmistukseen."/>
	<item ingrediens="nothing=0" requiredItem="iron shovel,gold shovel,diamond shovel" craftedItems="dirt=1" image="dirt.png" soundPrefix="dirt" type="grind" achievement="nothing" onComplete="nothing" tooltip="Käytetään mullan valmistamiseen."/>
	<item ingrediens="nothing=0" requiredItem="iron pick,gold pick,diamond pick" craftedItems="cobblestone=1" image="cobblestone.png" soundPrefix="metal" type="grind" achievement="nothing" onComplete="nothing" tooltip="Käytetään rakennusten tekemiseen."/>
	<item ingrediens="wood=1" requiredItem="nothing" craftedItems="planks=4" image="planks.png" soundPrefix="wood" type="wood" achievement="nothing" onComplete="nothing" tooltip="Käytetään puutyökalujen ja -tavaroiden valmistamiseen."/>
	<item ingrediens="planks=4" requiredItem="nothing" craftedItems="crafting table=1" image="craftingTable.png" soundPrefix="wood" type="" achievement="Valmistuspöytä tehty !" onComplete="nothing" tooltip="Tarvitaan asioiden valmistamiseen."/>
	<item ingrediens="planks=2" requiredItem="nothing" craftedItems="stick=4" image="stick.png" soundPrefix="wood" type="wood" achievement="nothing" onComplete="nothing" tooltip="Käytetään puutyökalujen ja -tavaroiden valmistamiseen."/>
	<item ingrediens="nothing=0" requiredItem="iron shovel,gold shovel,diamond shovel" craftedItems="flint=1" image="flint.png" soundPrefix="dirt" type="grind" achievement="nothing" onComplete="nothing" tooltip="Käytetään nuolien valmistamiseen."/>
	<item ingrediens="nothing=0" requiredItem="iron pick,gold pick,diamond pick" craftedItems="gold ore=1" image="goldOre.png" soundPrefix="metal" type="grind" achievement="nothing" onComplete="nothing" tooltip="Käytetään kultaharkkojen sulattamiseen."/>
	<item ingrediens="coal=1,gold ore=1" requiredItem="furnace" craftedItems="gold ingot=1" image="goldIngot.png" soundPrefix="metal" type="metal" achievement="Kultaharkko sulatettu !" onComplete="nothing" tooltip="Käytetään kultatyökalujen ja -panssarin valmistamiseen."/>
	<item ingrediens="nothing=0" requiredItem="miner" craftedItems="redstone=1" image="redstone.png" soundPrefix="metal" type="grind" achievement="nothing" onComplete="nothing" tooltip="Käytetään punakivilaitteiden tekemisessä."/>
	<item ingrediens="nothing=0" requiredItem="nothing" craftedItems="city state=1" image="cityState.png" soundPrefix="" type="" achievement="Kaupunkivaltio !" onComplete="nothing" tooltip="Hyvää työtä."/>
	<item ingrediens="nothing=0" requiredItem="nothing" craftedItems="port=1" image="port.png" soundPrefix="wood" type="wood" achievement="Satama perustettu !" onComplete="nothing" tooltip="Tarvitaan ympäri Grindcraftia purjehdukseen."/>
</crafters>
	
	
</data>